law_code	law_name	bab	chapter	article_number	text
sabt_asnad_amlak_1310	احکام جزایی قانون ثبت اسناد و املاک مصوب 1310	باب اول- تشکیلات اداری ثبت		1	ماده 1- در هر حوزه ابتدائی به اقتضاء اهمیت محل یک اداره یا دائره ثبت اسناد و املاک تأسیس می‌شود ممکن است هر اداره یا دائره ثبت دارای شعبی باشد.
sabt_asnad_amlak_1310	احکام جزایی قانون ثبت اسناد و املاک مصوب 1310	باب اول- تشکیلات اداری ثبت		2	ماده 2- مدیران و نمایندگان ثبت و مسئولین دفاتر و صاحبان دفاتر اسناد رسمی جز در محل ماموریت خود نمی‌توانند انجام وظیفه نمایند-اقدامات آن ها در خارج از آن محل اثر قانونی ندارد ‌
sabt_asnad_amlak_1310	احکام جزایی قانون ثبت اسناد و املاک مصوب 1310	باب اول- تشکیلات اداری ثبت		6	ماده 6- براﻯ رسیدگی به کلیه اختلافات و اشتباهات مربوط به امور ثبت اسناد و املاک در مقر هر دادگاه استان هیأتی به نام نظارت مرکب از رئیس ثبت استان یا قائم مقام او و دو نفر از قضات دادگاه استان به انتخاب وزیر دادگسترﻯ تشکیل می‌شود. هیأت مزبور به کلیه اختلافات و اشتباهات مربوط به امور ثبتی در حوزه قضائی استان رسیدگی می‌نماید. براﻯ این هیأت یک عضو علی‌البدل از قضات دادگسترﻯ یا کارمندان ثبت مرکز استان از طرف وزیر دادگسترﻯ تعیین خواهد شد.
sabt_asnad_amlak_1310	احکام جزایی قانون ثبت اسناد و املاک مصوب 1310	باب اول- تشکیلات اداری ثبت		7	ماده 7- دفاتر لازم برای ثبت اسناد و املاک و عده و نوع و ترتیب آن ها مطابق نظامنامۀ که از طرف وزارت عدلیه تنظیم می‌شود معین خواهد شد.
sabt_asnad_amlak_1310	احکام جزایی قانون ثبت اسناد و املاک مصوب 1310	باب اول- تشکیلات اداری ثبت		8	ماده 8- مراجعه بدفاتر املاک برای اشخاص ذی نفع مطابق مقررات نظامنامه وزارت عدلیه جایز است
sabt_asnad_amlak_1310	احکام جزایی قانون ثبت اسناد و املاک مصوب 1310	باب دوم- ثبت عمومی	فصل اول- اعلان ثبت و تحدید حدود	9	ماده 9- در نقاطی که اداره ثبت موجود است از تاریخ اجرای این قانون و در سایر نقاط پس از تشکیل اداره یا دائره ثبت وزارت عدلیه حوزه هر اداره یا دائره ثبت را به چند ناحیه تقسیم کرده و به ثبت کلیه اموال غیر منقول واقعه در هر ناحیه اقدام می‌کند.
sabt_asnad_amlak_1310	احکام جزایی قانون ثبت اسناد و املاک مصوب 1310	باب دوم- ثبت عمومی	فصل اول- اعلان ثبت و تحدید حدود	10	ماده 10- قبل از اقدام به ثبت عمومی املاک هر ناحیه حدود ناحیه مزبور و این که املاک واقعه در آن ناحیه باید به ثبت برسد به وسیله اعلان در جراید باطلاع عموم خواهد رسید- اعلان مزبور در ظرف 30 روز 3 مرتبه منتشر می‌شود
sabt_asnad_amlak_1310	احکام جزایی قانون ثبت اسناد و املاک مصوب 1310	باب دوم- ثبت عمومی	فصل اول- اعلان ثبت و تحدید حدود	11	ماده 11- از تاریخ انتشار اولین آگهی مذکور در ماده 10 تا شصت روز باید متصرفین بعنوان مالکیت و اشخاص مذکور در دو ماده 27 و 32 نسبت به املاک واقع در آن ناحیه به وسیله اظهارنامه درخواست ثبت نمایند اداره ثبت مکلف است تا نود روز پس از انتشار اولین آگهی مذکور صورت کلیه اشخاصی را که اظهارنامه داده‌اند با نوع ملک و شماره‌ای که از طرف اداره ثبت برای هر یک معین شده در روزنامه‌ها آگهی نماید و این آگهی تا شصت روز فقط در دو نوبت به فاصله سی روز منتشر خواهد شد. مأمور انتشار آگهی‌ها پس از انتشار و الصاق آگهی‌ها باید گواهی انتشار از کدخدای محل یا ژاندارمری یا پاسبان اخذ و تسلیم اداره ثبت نماید و در این موارد کدخدا و سایر مأمورین دولتی باید به مأمورین ثبت مساعدت نموده و گواهی لازم را به مأمور ثبت بدهند. (اصلاحی 1317) تبصره- در مورد اراضی و املاکی که آثار تصرف مالکانه فعلی کسی نسبت به آنها موجود نباشد درخواست ثبت از کسی پذیرفته می‌شود که بر مالکیت یا بر تصرف سابق خود بعنوان مالکیت یا بر تصرف خود بعنوان تلقی از مالک یا قائم‌مقام قانونی مدارکی داشته باشد چنانچه تقاضای ثبت نسبت به این قبیل املاک به یکی از عناوین مذکور در دو ماده 27 و 32 باشد در صورتی تقاضای ثبت پذیرفته می‌شود که تقاضا کننده مدارکی بر عنوان مذکور یا بر تصرف سابق خود به آن عنوان و یا بر تصرف کسی که تقاضا کننده قائم مقام قانونی او محسوب می‌شود داشته باشد.
sabt_asnad_amlak_1310	احکام جزایی قانون ثبت اسناد و املاک مصوب 1310	باب دوم- ثبت عمومی	فصل اول- اعلان ثبت و تحدید حدود	12	ماده 12- نسبت به املاکی که مجهول‌المالک اعلان شده اشخاصیکه حق تقاضای ثبت دارند می‌توانند در ظرف مدت دو سال از تاریخ اجرای این قانون تقاضای ثبت نمایند و پس از گذشتن مدت دو سال معاملات راجع به آن املاک قبل از تقاضای ثبت در دفتر اسناد رسمی پذیرفته نمی‌شود و صدی 25 از حق‌الثبت معمولی در موقع تقاضای ثبت علاوه دریافت خواهد شد و نسبت به املاکی که آگهی نوبتی آنها منتشر نشده از تاریخ انتشار اولین آگهی نوبتی مذکور در ماده 11 معاملات این املاک به هیچ عنوان قبل از تقاضای ثبت در دفاتر اسناد رسمی پذیرفته نخواهد شد و پس از یکسال از تاریخ اولین آگهی نوبتی صدی 25 از حق ثبت معمولی در موقع تقاضای ثبت علاوه دریافت خواهد شد. ‌در این موارد املاکی که قیمت آنها تا پنج هزار ریال است از پرداخت حق‌الثبت بکلی معاف هستند و املاکی که قیمت آنها تا ده هزار ریال است فقط از پرداخت صدی 25 اضافی معاف خواهند بود.
sabt_asnad_amlak_1310	احکام جزایی قانون ثبت اسناد و املاک مصوب 1310	باب دوم- ثبت عمومی	فصل اول- اعلان ثبت و تحدید حدود	14	ماده 14- تحدید حدود املاک واقعه در هر ناحیه متدرجا به ترتیب نمره املاک مطابق نظامنامه وزارت عدلیه به عمل می‌اید و تقاضاکنندگان ثبت و مجاورین برای روز تحدید حدود به وسیله اعلان احضار می‌شوند- این اعلان لااقل بیست روز قبل از تحدید حدود یک مرتبه در جرائد منتشر می‌شود بعلاوه مطابق نظامنامه وزارت عدلیه در محل نیز اعلانی منتشر خواهد شد
sabt_asnad_amlak_1310	احکام جزایی قانون ثبت اسناد و املاک مصوب 1310	باب دوم- ثبت عمومی	فصل اول- اعلان ثبت و تحدید حدود	15	ماده 15- اگر تقاضاکننده در موقع تحدید حدود خود یا نماینده‌اش حاضر نباشد ملک مورد تقاضا با حدود اظهار شده از طرف مجاورین تحدید‌خواهد شد. ‌هرگاه مجاورین نیز در موقع تحدید حدود حاضر نشوند و به این جهت حدود ملک تعیین نگردد اعلان تحدید حدود نسبت به آن املاک تجدید می‌شود و اگر برای مرتبه دوم نیز تقاضاکننده و مجاورین هیچ یک حاضر نشده و تحدید حدود به عمل نیاید حق‌الثبت ملک دو برابر اخذ خواهد شد. تبصره- هرگاه حدود مجاورین از لحاظ عملیات ثبتی تثبیت و معین باشد تحدید حدود بدون انتشار آگهی با تبعیت از حدود مجاورین به عمل خواهد‌آمد و در این مورد در صورتیکه یک یا چند حد ملک مورد تحدید از اموال عمومی مربوط به دولت و شهردارﻯ و یا حریم قانونی آنها باشد تحدید حدود با حضور نمایندگان سازمانهاﻯ ذی ربط به عمل خواهد آمد و عدم حضور نماینده مزبور مانع انجام تحدید حدود نخواهد بود.
sabt_asnad_amlak_1310	احکام جزایی قانون ثبت اسناد و املاک مصوب 1310	باب دوم- ثبت عمومی	فصل دوم- اعتراض	16	ماده 16- هر کس نسبت به ملک مورد ثبت اعتراضی داشته باشد باید از تاریخ نشر اولین اعلان نوبتی تا 90 روز اقامه دعوی نماید عرض حال مزبور مستقیما به اداره یا دایره یا شعبه ثبتی که در ضمن اعلان نوبتی معین شده است تسلیم می‌شود در مقابل عرض حال باید رسید داده شود در صورتی که‌عرضحال در مدت قانونی داده شده باشد اداره ثبت آن را نزد محقق ثبت و یا دفتر محکمۀ که مرجع رسیدگی است ارسال می‌دارد اگر اداره ثبت تشخیص دهد که عرض حال خارج از مدت داده شده کتبا نظر خود را اظهار خواهد کرد و بحاکم محکمه ابتدائی محل اطلاع می‌دهد تا حاکم مزبور در‌جلسه اداری موافق نظامنامه وزارت عدلیه رسیدگی کرده رای دهد رای حاکم محکمه ابتدائی در این موضوع قاطع است
sabt_asnad_amlak_1310	احکام جزایی قانون ثبت اسناد و املاک مصوب 1310	باب دوم- ثبت عمومی	فصل دوم- اعتراض	17	ماده 17- هرگاه راجع به ملک مورد تقاضای ثبت بین تقاضاکننده و دیگری قبل از انتشار اولین اعلان نوبتی دعوائی اقامه شده و در جریان باشد کسیکه طرف دعوی یا تقاضاکننده است باید از تاریخ نشر اولین اعلان نوبتی تا 90 روز تصدیق محکمه را مشعر به جریان دعوی به اداره ثبت تسلیم نماید و الا حق او ساقط خواهد شد. تبصره- در مواردیکه اداره ثبت تشخیص دهد تصدیق مزبور خارج از مدت به اداره ثبت تسلیم کردیده موافق ماده 16 عمل خواهد شد.
sabt_asnad_amlak_1310	احکام جزایی قانون ثبت اسناد و املاک مصوب 1310	باب دوم- ثبت عمومی	فصل دوم- اعتراض	18	ماده 18- در صورتی که محکمه یا محقق ثبت قرار عدم صلاحیت خود را صادر نماید مکلف است پس از قطعیت قرار مزبور به تقاضای مدعی دوسیه عمل را برای مرجع صلاحیت دار بفرستد در این مورد تجدید عرضحال لازم نیست. ‌اگر معترض پس از تقدیم عرضحال در مدت شصت روز دعوای خود را تعقیب نکرد (‌مسکوت گذاشت) محکمه یا محقق ثبت مکلف است به تقاضای مستدعی ثبت قرار اسقاط دعوای اعتراض را صادر نماید از این قرار می‌توان استیناف داد- رای استیناف قابل تمیز نیست.
sabt_asnad_amlak_1310	احکام جزایی قانون ثبت اسناد و املاک مصوب 1310	باب دوم- ثبت عمومی	فصل دوم- اعتراض	18	ماده 18- (مکرر)در صورت فوت معترض به ثبت اعم از اینکه تاریخ فوت قبل یا بعد از اجراﻯ این قانون باشد هرگاه معترض علیه نتواند تمام یا بعض از‌وراث را معرفی نماید به تقاضاﻯ او به شرح زیر اقدام می‌شود: 1- در مورد اول- دادگاه مراتب را به دادستان محل ابلاغ می کند که در صورت وجود وراث محجور نسبت به نصب قیم و تعقیب دعوﻯ اقدام شود و بعلاوه موضوع و جریان دعوﻯ را سه دفعه متوالی در یکی از روزنامه‌هاﻯ کثیرالانتشار مرکز و یکی از روزنامه‌هاﻯ محل یا نزدیک مقر دادگاه آگهی می‌نماید چنانچه ظرف نود روز از تاریخ انتشار آخرین آگهی دعوﻯ تعقیب نشود قرار سقوط دعوﻯ صادر گردد. ابلاغ قرار مزبور یک نوبت در یکی از روزنامه‌هاﻯ محل یا نزدیک مقر دادگاه آگهی خواهد شد و اگر ظرف مدت مقرر از قرار صادر پژوهش‌خواهی نشود قرار مزبور قطعی و لازم‌الاجرا است. 2- در مورد دوم- بوراث شناخته شده اخطار می‌شود در صورتیکه در مقام تعقیب دعوﻯ باشد ظرف پنج روز از تاریخ ابلاغ اخطاریه به تقدیم درخواست تعقیب مبادرت کند. در مورد وراث شناخته نشده و همچنین وراث شناخته شده که با صدور و ابلاغ اخطاریه دعوﻯ را مسکوت گذاشته باشد بطریق مذکور در بند یک عمل خواهد شد. تبصره- هرگاه دعوﻯ از طرف یکی از وراث تعقیب شود درخواست دهنده باید دلیل مثبت وراثت خود را پیوست و میزان سهم‌الارث خود را صریحاً در برگ درخواست قید نماید. در مواردیکه درخواست تعقیب فاقد شرایط فوق باشد به متقاضی اخطار می‌شود که ظرف پنج روز از تاریخ ابلاغ درخواست خود را تکمیل کند در صورت عدم تکمیل اگر مدت مقرر در بند یک ماده 18 مکرر منقضی شده باشد قرار سقوط دعوﻯ صادر خواهد شد.
sabt_asnad_amlak_1310	احکام جزایی قانون ثبت اسناد و املاک مصوب 1310	باب دوم- ثبت عمومی	فصل دوم- اعتراض	19	ماده 19- در صورتی که در جلسه مقرر برای محاکمه یا رسیدگی محقق ثبت معترض یا وکیل او حاضر نشود و مطابق مقررات اصول محاکمات حقوقی به تقاضای مستدعی ثبت عرضحال او ابطال گردد تجدید عرضحال فقط در ظرف ده روز پس از ابلاغ قرار ابطال برای یک مرتبه ممکن خواهد‌بود در این مورد عرضحال مستقیما به محقق ثبت یا دفتر محکمه صلاحیتدار داده خواهد شد. تبصره- در مواردی نیز که به موجب مواد (16) و (17) اصول محاکمات آزمایش عرضحال رد می‌شود مفاد این ماده لازم‌الرعایه است.
sabt_asnad_amlak_1310	احکام جزایی قانون ثبت اسناد و املاک مصوب 1310	باب دوم- ثبت عمومی	فصل دوم- اعتراض	19	ماده 19- (مکرر) هرگاه مالکیت متقاضیان ثبت یا دعوﻯ اعتراض داراﻯ منشاء واحد بوده و تعداد متقاضیان ثبت و یا معترضین و یا وراث آنان بیش از 15‌نفر باشد به درخواست معترض یا پژوهشخواه دادخواست و ضمائم آن بدو نفر از شرکاء یا وراث که سهام زیادترﻯ دارند ابلاغ می‌شود و بعلاوه مفاد دادخواست و پیوست‌هاﻯ آن در یکی از روزنامه‌هاﻯ کثیرالانتشار مرکز و یکی از روزنامه‌هاﻯ محل یا نزدیک مقر دادگاه سه دفعه متوالی آگهی خواهد شد. هرگاه دعوﻯ در جریان رسیدگی باشد به درخواست هر یک از طرفین دعوﻯ دو نفر از طرف دیگر که سهام زیادترﻯ دارند براﻯ ابلاغ اوراق اخطاریه انتخاب و مراتب براﻯ اطلاع سایرین یک نوبت در یکی از روزنامه‌هاﻯ کثیرالانتشار مرکز و یکی از روزنامه‌هاﻯ محل یا نزدیک مقر دادگاه آگهی می‌شود و در این آگهی و همچنین آگهی مربوط بدرج دادخواست باید صریحاً قید شود که براﻯ شرکت در جلسات وقت رسیدگی فقط بدو نفر اشخاص‌انتخاب شده مزبور با ذکر اسامی ابلاغ خواهد شد و سایرین حق دارند براﻯ اطلاع از جریان دادرسی و یا شرکت در جلسات دادرسی با مراجعه به دفتر دادگاه از جریان دعوﻯ و پاسخ لوایح و وقت رسیدگی مطلع شوند و یا به وسیله وکیل دادگسترﻯ در دادرسی شرکت نمایند. اگر بعضی از شرکاء ملک یا وراث ولو آنکه سهم کمترﻯ داشته باشند و به وسیله وکیل دادگسترﻯ در دادرسی مداخله نمایند بجاﻯ شریک ملک و یا وراثی که سهم زیادترﻯ دارند‌باید دادخواست و اوراق اخطاریه بوکیل ابلاغ شود. در صورتیکه وکیل دادگسترﻯ در دعوﻯ مداخله داشته باشد ابلاغ اوراق اخطاریه به کلیه وکلا‌الزامی است. در موردﻯ که دادخواست و یا جریان دعوﻯ از طریق انتشار آگهی به عده‌اﻯ از خواندگان ابلاغ می‌شود حضورﻯ بودن حکم صادر نسبت به آنان موکول به دعوت آنان براﻯ شرکت در جلسه دادرسی نمی باشد.
sabt_asnad_amlak_1310	احکام جزایی قانون ثبت اسناد و املاک مصوب 1310	باب دوم- ثبت عمومی	فصل دوم- اعتراض	20	ماده 20- مجاوری که نسبت به حدود یا حقوق ارتفاقی حقی برای خود قائل است می‌تواند فقط تا سی روز از تاریخ تنظیم صورت مجلس تحدید حدود به وسیله ادارۀ ثبت به مرجع صلاحیتدار عرضحال دهد. ‌مقررات مواد (16)- (17)- (18)- (19) (‌به استثنای مدت اعتراض که سی روز است) در این مورد نیز رعایت خواهد شد تقاضاکننده ثبتی که خود یا نماینده‌اش در موقع تحدید حدود حاضر نبوده و ملک مورد تقاضای او با حدود اظهار شده از طرف مجاورین مطابق ماده15 تحدید شده می‌تواند مطابق مقررات این ماده عرضحال اعتراض دهد. ‌تبصره- در دعاوی اعتراض به حدود ملک مورد تقاضای ثبت واقع در محدوده قانونی شهرها که تا تاریخ تصویب این قانون مطرح شده است هر گاه اعتراض از طرف غیر مجاور به عمل آمده باشد و همچنین در صورت استرداد دعوی به موجب سند رسمی یا اخذ سند مالکیت از طرف معترض یا حدودی که در صورت مجلس تحدید حدود تعیین شده است دادگاه در جلسه اداری فوق‌العاده رسیدگی حسب مورد قرار رد یا سقوط دعوی را صادر خواهد کرد و این قرار فقط قابل رسیدگی پژوهشی است. نسبت به اعتراضاتی که بعد از تصویب این قانون به عمل می آید در صورتی که اعتراض از طرف غیر مجاور به عمل آید یا معترض مجاور با حدود تعیین‌شده در صورتمجلس تحدید حدود سند مالکیت بگیرد یا به موجب سند رسمی از اعتراض خود بدون قید و شرط صرف نظر کند واحد ثبتی مربوط نظر خود را در بی‌اثر بودن اعتراض به معترض ابلاغ می‌نماید. معترض می‌تواند ظرف ده روز از تاریخ ابلاغ نظر مزبور به هیئت نظارت شکایت نماید. رأی هیئت نظارت قطعی است. در صورتیکه اقامتگاه معترض معلوم نباشد نظر واحد ثبتی یک نوبت در روزنامه‌ای که برای آگهی‌های ثبتی تعیین شده منتشر می گردد و معترض می‌تواند طرف ده روز از تاریخ انتشار آگهی به هیئت نظارت شکایت نماید.
sabt_asnad_amlak_1310	احکام جزایی قانون ثبت اسناد و املاک مصوب 1310	باب دوم- ثبت عمومی	فصل سوم- در آثار ثبت	21	ماده 21- پس از اتمام عملیات مقدماتی ثبت ملک در دفتر املاک ثبت شده و سند مالکیت مطابق ثبت دفتر املاک داده می‌شود.
sabt_asnad_amlak_1310	احکام جزایی قانون ثبت اسناد و املاک مصوب 1310	باب دوم- ثبت عمومی	فصل سوم- در آثار ثبت	22	ماده 22- همینکه ملکی مطابق قانون در دفتر املاک به ثبت رسید دولت فقط کسی را که ملک به اسم او ثبت شده و یا کسی را که ملک مزبور باو‌منتقل کردیده و این انتقال نیز در دفتر املاک به ثبت رسیده یا اینکه ملک مزبور از مالک رسمی ارثا باو رسیده باشد مالک خواهد شناخت. ‌در مورد ارث هم ملک وقتی در دفتر املاک به اسم وراث ثبت می‌شود که وراثت و انحصار آنها محرز و در سهم‌الارث بین آنها توافق بوده و یا در صورت اختلاف حکم نهائی در آن باب صادر شده باشد. تبصره- حکم نهائی عبارت از حکمی است که بواسطه طی مراحل قانونی و یا بواسطه انقضاء مدت اعتراض و استیناف و تمیز دعوائی که حکم در آن موضوع صادر شده از دعاوی مختومه محسوب شود.
sabt_asnad_amlak_1310	احکام جزایی قانون ثبت اسناد و املاک مصوب 1310	باب دوم- ثبت عمومی	فصل سوم- در آثار ثبت	23	ماده 23- ثبت ملک به حقوق کسانیکه در آن ملک مجرای آب یا چاه قنات (‌اعم از دائر و بائر) دارند به هیچ عنوان و در هیچ صورت خللی وارد نمی‌آورد.
sabt_asnad_amlak_1310	احکام جزایی قانون ثبت اسناد و املاک مصوب 1310	باب دوم- ثبت عمومی	فصل سوم- در آثار ثبت	24	ماده 24- پس از انقضای مدت اعتراض دعوی اینکه در ضمن جریان ثبت تضییع حقی از کسی شده پذیرفته نخواهد شد نه بعنوان عین نه بعنوان قیمت نه به هیچ عنوان دیگر خواه حقوقی باشد خواه جزائی. ‌در مورد مذکور در ماده 44 مطابق ماده 45 و در موارد مذکور در مواد (105)- (106)- (107)- (108)- (109)- (116)- (117) مطابق مقررات جزائی مذکور در باب ششم این قانون رفتار خواهد شد.
sabt_asnad_amlak_1310	احکام جزایی قانون ثبت اسناد و املاک مصوب 1310	باب دوم- ثبت عمومی	فصل سوم- در آثار ثبت	25	ماده 25- حدود صلاحیت و وظایف هیأت نظارت بدین قرار است: 1- هرگاه در اجراﻯ مقررات ماده یازده از جهت پذیرفتن تقاضاﻯ ثبت اختلافی بین اشخاص و اداره ثبت واقع شود و یا اشتباهی تولید گردد و یا در تصرف اشخاص تزاحم و تعارض باشد رفع اختلاف و تعیین تکلیف و یا ابطال و یا اصلاح درخواست ثبت با هیأت نظارت است. 2- هرگاه هیأت نظارت تشخیص دهد که در جریان مقدماتی ثبت املاک اشتباه مؤثر واقع شده آن اشتباه و همچنین عملیات بعدی که اشتباه مزبور در آن مؤثر بوده ابطال و جریان ثبت طبق مقررات تجدید یا تکمیل یا اصلاح می گردد. 3- هرگاه در موقع ثبت ملک و یا ثبت انتقالات بعدﻯ صرفاً به علت عدم توجه و دقت نویسنده سند مالکیت و یا دفتر املاک اشتباه قلمی رخ دهد و‌همچنین در صورتیکه ثبت دفتر املاک مخالف یا مغایر سند رسمی یا حکم نهائی دادگاه باشد هیأت نظارت پس از رسیدگی و احراز وقوع اشتباه دستور‌اصلاح ثبت دفتر املاک و سند مالکیت را صادر خواهد کرد. 4- اشتباهاتی که قبل از ثبت ملک در جریان عملیات مقدماتی ثبت پیش آمده و موقع ثبت ملک در دفتر املاک مورد توجه قرار نگرفته بعداً اداره ثبت‌به آن متوجه گردد در هیأت نظارت مطرح می‌شود و در صورتیکه پس از رسیدگی وقوع اشتباه محرز و مسلم تشخیص گردد و اصلاح اشتباه بحق کسی‌خلل نرساند هیأت نظارت دستور رفع اشتباه و اصلاح آن را صادر می‌نماید و در صورتیکه اصلاح مزبور خللی بحق کسی برساند به شخص ذی نفع‌اخطار میکند که می‌تواند بدادگاه مراجعه نماید و اداره ثبت دستور رفع اشتباه یا اصلاح آن را پس از تعیین تکلیف نهائی در دادگاه صادر خواهد نمود. 5- رسیدگی به تعارض در اسناد مالکیت کلاً یا بعضاً خواه نسبت به اصل ملک خواه نسبت به حدود و حقوق ارتفاقی آن با هیأت نظارت است. 6- رسیدگی و رفع اشتباهی که در عملیات تفکیکی رخ دهد و منتج به انتقال رسمی یا ثبت دفتر املاک شود با هیأت نظارت است مشروط بر اینکه رفع‌اشتباه مزبور خللی بحق کسی نرساند. 7- هرگاه در طرز تنظیم اسناد و تطبیق مفاد آنها با قوانین اشکال یا اشتباهی پیش آید رفع اشکال و اشتباه و صدور دستور لازم با هیأت نظارت خواهد‌بود. 8- رسیدگی به اعتراضات اشخاص نسبت بنظریه رئیس ثبت در مورد تخلفات و اشتباهات اجرائی با هیأت نظارت است. ‌تبصره 1- در مواردیکه بر حسب تشخیص هیأت نظارت مقرر شود که آگهی‌هاﻯ نوبتی تجدید گردد ظرف سی روز از تاریخ انتشار آگهی مجدد که فقط یک نوبت خواهد بود معترضین حق اعتراض خواهند داشت. تبصره 2- در صورتیکه اشتباه از طرف درخواست‌کننده ثبت باشد هزینه تجدید عملیات مقدماتی ثبت بطریقی که در آئین‌نامه تعیین خواهد شد به عهده درخواست‌کننده خواهد بود. تبصره 3- رسیدگی هیأت نظارت در موارد مذکور در بندهاﻯ یک و دو این ماده تا وقتی است که ملک در دفتر املاک به ثبت نرسیده باشد. تبصره 4- آراء هیئت نظارت فقط در مورد بندهاﻯ یک و پنج و هفت این ماده بر اثر شکایت ذی نفع قابل تجدید نظر در شوراﻯ عالی ثبت خواهد بود‌ولی مدیر کل ثبت به منظور ایجاد وحدت رویه در مواردیکه آراء هیأتهاﻯ نظارت متناقض و یا خلاف قانون صادر شده باشد موضوع را براﻯ رسیدگی و اعلام نظر بشوراﻯ عالی ثبت ارجاع می‌نماید و در صورتی که رأﻯ هیأت نظارت بموقع اجرا گذارده نشده باشد طبق نظر شوراﻯ عالی‌ثبت بموقع اجرا گذارده می‌شود. در مورد ایجاد وحدت رویه نظر شوراﻯ عالی ثبت براﻯ هیأتهاﻯ نظارت لازم‌الاتباع خواهد بود. ‌تبصره 5- در مورد بندهاﻯ یک و پنج و هفت رأﻯ هیأت نظارت براﻯ اطلاع ذی نفع بمدت بیست روز در تابلوﻯ اعلانات ثبت محل الصاق و سپس بموقع اجرا گذاشته می‌شود. وصول شکایت از ناحیه ذی نفع چنانچه قبل از اجراﻯ رأﻯ باشد اجراﻯ رأﻯ را موقوف می‌نماید و رسیدگی و تعیین تکلیف با شوراﻯ عالی ثبت خواهد‌بود هرگاه شورأﻯعالی ثبت در تجدید رسیدگی رأﻯ هیأت نظارت را تأیید نماید عملیات اجرائی تعقیب می گردد. 25- (مکرر) مرجع تجدید نظر نسبت به آراء هیأت نظارت شورأﻯعالی ثبت خواهد بود که دارأﻯ دو شعبه به شرح زیر است: ‌الف- شعبه مربوط به املاک. ب- شعبه مربوط به اسناد. ‌هر یک از شعب مذکور از سه نفر که دو نفر از قضات دیوانعالی کشور بانتخاب وزیر دادگسترﻯ و مسئول قسمت املاک در شعبه املاک و مسئول‌قسمت اسناد در شعبه اسناد تشکیل می گردد. تبصره 1- در موارد فوق چنانچه وزیر دادگستری لازم بداند دستور خواهد داد تا حصول نتیجۂ رسیدگی در شورای عالی ثبت عملیات اجرائی یا ثبتی متوقف بماند. تبصره 2- آرائی هم که تا تاریخ تصویب این قانون از هیئت‌های نامبرده صادر و بنظر وزارت دادگستری برخلاف قانون تشخیص شده به شرح فوق در شورای عالی طرح و رسیدگی خواهد شد مشروط بر اینکه گزارش موضوع تا دو ماه از تاریخ تصویب این قانون به شورای عالی فرستاده شود. تبصره 3- در مورد املاکی که مالک خاصی ندارد و مورد تقاضای ثبت افراد قرار گرفته است مانند اراضی و جبال موات و مباحه و جنگلهای عمومی و همچنین در مورد معادن طبقه دوم و سوم مذکوره در ماده اول لایحه قانونی معادن مصوب سوم دیماه 1331 وجود دعوی به هر عنوان بین اشخاص در مراجع دادگستری مانع از رسیدگی و اظهار نظر شورای عالی ثبت نیست و شوری مکلف است در هر حال با رعایت این تبصره و سایر قوانین و مقررات نظر خود را درباره صحت یا بطلان تقاضای ثبت اظهار دارد. اداره کل ثبت می‌تواند از شوری تقاضا کند پرونده هائی را که قبل از تاریخ تصویب این تبصره به علت طرح دعوی در مراجع دادگستری قابل طرح در شوری تشخیص نشده است مجدداً طرح و بر طبق این تبصره درباره آنها اظهارنظر نماید . وزارت دادگستری مامور اجرای این تبصره است .
sabt_asnad_amlak_1310	احکام جزایی قانون ثبت اسناد و املاک مصوب 1310	باب دوم- ثبت عمومی	فصل سوم- در آثار ثبت	26	ماده 26- در مورد انتقال تمام یا قسمتی از ملک ثبت شده و یا واگذاری حقی نسبت به عین آن ملک و همچنین در مورد عمری و رقبی و سکنی و معاملات راجع به انتقال منافع ملک برای مدتی بیش از سه سال به ترتیب ذیل عمل خواهد شد. سند معامله در دفتر اسناد رسمی یا دفتر معاملات غیر منقول ثبت و خلاصه آن در دفتر املاک ذیل صورت ثبت ملک قید می‌شود و به همین طریق خلاصه کلیه انتقالات در دفتر املاک به ترتیب تاریخ ذیل یکدیگر به ثبت خواهد رسید. شرایط و ترتیب ثبت خلاصه انتقالات در دفتر املاک و تجدید اوراق مالکیت به موجب نظامنامه وزارت عدلیه معین خواهد شد.
sabt_asnad_amlak_1310	احکام جزایی قانون ثبت اسناد و املاک مصوب 1310	باب دوم- ثبت عمومی	فصل سوم- در آثار ثبت	27	ماده 27- کسانی که در مورد املاک وقف و حبس و ثلث باقی باید تقاضای ثبت بدهند و همچنین کسانی که نسبت به ثبت این قبیل املاک باید‌عرضحال اعتراض داده و حقوق وقف و حبس و ثلث باقیرا حفظ کنند به موجب نظامنامه وزارت عدلیه معین خواهد شد.
sabt_asnad_amlak_1310	احکام جزایی قانون ثبت اسناد و املاک مصوب 1310	باب دوم- ثبت عمومی	فصل سوم- در آثار ثبت	28	ماده 28- هرگاه نسبت به این قبیل املاک بعنوان مالکیت تقاضای ثبت شده و متولی یا نماینده اوقافی که به موجب نظامنامه مکلف به دادن عرضحال اعتراض و تعقیب دعوی و حفظ حقوق وقف یا حبس یا ثلث باقی است در اثر تبانی به تکلیف خود عمل ننماید به مجازات خیانت در امانت محکوم خواهد شد در مواردی نیز که تقاضای ثبت ملک دیگری بدون ذکر حقوق ارتفاقی املاک وقف و حبس و ثلث باقی شده است هرگاه اشخاص مذکور در فوق در اثر‌تبانی بتکلیف خود عمل ننمایند به مجازات خائنین در امانت محکوم می‌شوند.
sabt_asnad_amlak_1310	احکام جزایی قانون ثبت اسناد و املاک مصوب 1310	باب دوم- ثبت عمومی	فصل سوم- در آثار ثبت	29	ماده 29- مخارج راجع به ثبت املاک مذکور در فوق در صورتی که ملک مورد تقاضا عایدات نداشته و برای امور خیریه تخصیص داده شده باشد و همچنین مخارج محاکمه اعتراض از محل مبرات مطلقه و موقوفات مجهول‌المصرف داده می‌شود و در صورت عدم کفایت این عایدات مخارج گرفته نخواهد شد.
sabt_asnad_amlak_1310	احکام جزایی قانون ثبت اسناد و املاک مصوب 1310	باب دوم- ثبت عمومی	فصل سوم- در آثار ثبت	30	ماده 30- در مواردی که اداره اوقاف تقاضای ثبت میدهد مخارج راجع به ثبت را خود مستقیما از عایدات موقوفه مورد تقاضا وصول خواهد نمود. ‌برای ثبت مساجد و اماکن متبرکه و مدارس قدیمه و تکایا و آب‌انبارهای عمومی تقاضای ثبت از طرف متولی یا اداره اوقاف بدون اخذ حق‌الثبت و مخارج مقدماتی پذیرفته خواهد شد
sabt_asnad_amlak_1310	احکام جزایی قانون ثبت اسناد و املاک مصوب 1310	باب دوم- ثبت عمومی	فصل سوم- در آثار ثبت	31	ماده 31- ثبت رقبه بعنوان وقفیت و حبس مثبت تولیت نیست.
sabt_asnad_amlak_1310	احکام جزایی قانون ثبت اسناد و املاک مصوب 1310	باب دوم- ثبت عمومی	فصل سوم- در آثار ثبت	32	ماده 32- تقاضای ثبت نسبت به املاک دولت به عهده مالیه محل و نسبت به املاک و مؤسسات بلدی و خیریه بر عهده رئیس مؤسسه و نسبت به املاک شرکت ها به عهده مدیر شرکت و در مورد املاک محجورین به عهده ولی یا قیم آنها است.
sabt_asnad_amlak_1310	احکام جزایی قانون ثبت اسناد و املاک مصوب 1310	باب دوم- ثبت عمومی	فصل سوم- در آثار ثبت	33	ماده 33- نسبت به املاکی که با شرط خیار یا بعنوان قطعی با شرط نذر خارج و یا بعنوان قطعی با شرط وکالت منتقل شده است و به طور کلی نسبت به املاکی که بعنوان صلح یا به هر عنوان دیگر با حق استرداد قبل از تاریخ اجرای این قانون انتقال داده شده اعم از اینکه مدت خیار یا عمل به شرط و به طور کلی مدت حق استرداد منقضی شده یا نشده باشد و اعم از اینکه ملک در تصرف انتقال دهنده باشد یا در تصرف انتقال‌گیرنده حق‌تقاضای ثبت با انتقال دهنده است مگر در موارد ذیل که اظهارنامه فقط از منتقل‌الیه پذیرفته می‌شود: 1- در صورتیکه ملک قبل از تاریخ اجرای این قانون به موجب حکم نهائی به ملکیت قطعی منتقل الیه محکوم شده باشد. 2-در صورتیکه پس از انقضاء مدت حق استرداد انتقال دهنده مالکیت قطعی (‌بدون حق استرداد) انتقال‌گیرنده را کتبا تصدیق کرده باشد 3 در صورتیکه در تاریخ اجرای قانون مصوب 21 بهمن ماه 1308 ملک مورد معامله در تصرف انتقال‌گیرنده بوده و لااقل پنج سال از انقضاء موعد حق استرداد تا تاریخ مزبور گذشته باشد مشروط بدو شرط ذیل: ‌الف از انقضاء موعد حق استرداد تا تاریخ اجرای قانون بهمن 1308 از طرف انتقال‌دهنده یا قائم‌مقام قانونی او به وسیله عرضحال یا اظهارنامه‌رسمی اعتراض به مالکیت انتقال‌گیرنده نشده باشد. ب در صورتیکه تا تاریخ تصویب این قانون 28 دیماه 1312 حکم قطعی بر بی حقی انتقال‌گیرنده یا قائم‌مقام قانونی او صادر نشده باشد. تبصره 1- کلیه معاملات با حق استرداد ولو انکه در ظاهر معامله با حق استرداد نباشد مشمول جمیع مقررات راجعه به معاملات با حق استرداد خواهد بود اعم از اینکه معامله بین متعاملین محصور بوده و یا برای تامین حق استرداد اشخاص ثالثی رابای نحو کان مداخله داده باشند. تبصره 2- در مواردیکه مطابق این ماده انتقال دهنده تقاضای ثبت میکند باید حق انتقال گیرنده را در تقاضانامه خود قید نماید و این حق در ضمن اعلان با تصریح به اسم طرف ذکر خواهد شد.
sabt_asnad_amlak_1310	احکام جزایی قانون ثبت اسناد و املاک مصوب 1310	باب دوم- ثبت عمومی	فصل سوم- در آثار ثبت	34	ماده 34- (اصلاحی) در مورد کلیه معاملات رهنی و شرطی و دیگر معاملات مذکور در ماده(33) قانون ثبت، راجع به اموال منقول و غیرمنقول، در صورتی که بدهکار ظرف مهلت مقرر در سند، بدهی خود را نپردازد، طلبکار می تواند از طریق صدور اجرائیه وصول طلب خود را توسط دفترخانه تنظیم کننده سند، درخواست کند. چنانچه بدهکار ظرف ده روز از تاریخ ابلاغ اجرائیه نسبت به پرداخت بدهی خود اقدام ننماید بنابه تقاضای بستانکار، اداره ثبت پس از ارزیابی تمامی مورد معامله و قطعیت آن، حداکثر ظرف مدت دو ماه از تاریخ قطعیت ارزیابی، با برگزاری مزایده نسبت به وصول مطالبات مرتهن به میزان طلب قانونی وی اقدام و مازاد را به راهن مسترد می نماید. تبصره 1- در مواردی هم که مال یا ملکی، وثیقه دین یا انجام تعهد یا ضمانتی قرار داده می‌شود مطابق مقررات این قانون عمل خواهد شد. تبصره 2- نحوه ابلاغ اجرائیه، بازداشت مازاد مورد رهن وچگونگی ختم عملیات اجرائی و برگزاری مزایده و اعراض از رهن و سایر موارد به موجب آئین نامه ای است که ظرف مدت سه ماه از طرف سازمان ثبت اسناد و املاک کشور تهیه و به تصویب رئیس قوه قضائیه خواهد رسید. تبصره 3- این قانون نسبت به اسناد تنظیمی و اجرائیه های صادره که قبل از تصویب این قانون مختومه نگردیده است نیز جاری است. تبصره 4- (الحاقی 1394) در راستای تسهیل در وصول مطالبات سررسید گذشته بانکها و یا مؤسسات مالی و یا اعتباری دارای مجوز به یکی از روشهای زیر عمل می‌شود: 1- بانک و یا مؤسسه مالی و یا اعتباری تسهیلات‌دهنده، درصورت درخواست واحد تولیدی بدهکار، به بازار فرابورس یا کارشناس رسمی دادگستری مراجعه و تمام اموال و دارایی‌های واحد تولیدی را قیمت‌گذاری می‌نماید و با هدف تأمین طلب بانک و یا مؤسسه مالی و یا اعتباری بر روی درصد سهام قابل واگذاری به خریدار، یک مناقصه برگزار می‌کند تا مشخص شود که کدام خریدار با قبول درصد کمتری از سهام واحد تولیدی بدهکار، تمام بدهی او را می‌پردازد. با پرداخت میزان طلب بانک و مؤسسه مالی و یا اعتباری از واحد تولیدی توسط خریدار، آن بخش از سهم واحد تولیدی که در مناقصه مشخص شده است، به خریدار منتقل و اموال مورد رهن آزاد می‌شود. درصورتی‌که بدهکار از مجوز فوق برای تسویه بدهیهای خود استفاده کند، درصورت شرط ضمن عقد در قرارداد مناقصه و درخواست خریدار، بدهکار مکلف است به خریدار سهام واحد تولیدی بدهکار اعم از اینکه بانک و یا مؤسسه مالی و یا اعتباری باشد و یا سهام خود را از طریق فرابورس خریداری کرده باشد، اجازه دهد تا با خرید نقدی بخش دیگری از سهام این واحد تولیدی به قیمت قبلی، سهام خود را تا سقف سهام مورد نیاز برای تشکیل مجمع عمومی فوق‌العاده، افزایش دهد. 2- در مورد معاملات بانکها و مؤسسات مالی و یا اعتباری مجاز، هرگاه مال مورد وثیقه به مبلغ پایه کارشناسی رسمی دادگستری مرضی‌الطرفین خریداری نداشته باشد، به تقاضای بستانکار و ضمن اخطار به تسهیلات‌گیرنده و راهن، مهلت دو ماهه داده می‌شود تا طلب بانک یا مؤسسه مالی و یا اعتباری را پرداخت کند و یا ملک مورد وثیقه را با پرداخت تمام یا بخشی از طلب بانک تا سقف مبلغ پایه مزایده فک رهن کند. چنانچه ظرف مدت مذکور طلب بستانکار پرداخت نشود، مال مورد مزایده به بالاترین مبلغ پیشنهادی مشروط بر اینکه کمتر از هفتاد درصد (70%) مبلغ پایه مزایده نباشد، به فروش رسیده و طلب بستانکار وصول می‌شود. در صورتی‌که در مزایده اول، مال مورد مزایده به فروش نرسد، تکرار مزایده با قیمت کارشناسی جدید بلامانع است. هرگاه ارزش مال مورد وثیقه بیشتر از ارزش مورد مطالبه بانک باشد، تملک دارایی مورد وثیقه به اختیار بانک می‌باشد و الزامی در تملک ندارد. درصورت عدم وصول کامل طلب از این طریق، حق پیگیری وصول باقی‌مانده مطالبات از روشهای قانونی برای بستانکار محفوظ است. در اجرای این تبصره استفاده از سازوکارهای بورس کالا در اولویت قرار دارد.
sabt_asnad_amlak_1310	احکام جزایی قانون ثبت اسناد و املاک مصوب 1310	باب دوم- ثبت عمومی	فصل سوم- در آثار ثبت	35	ماده 35- محاکم عدلیه در هیچ مورد نسبت به وجه التزام مقرر در معاملات مذکور در ماده 33 و معاملات استقراضی بیش از صدی پانزده در سال به نسبت مدت تاخیر حکم نداده و ادارات ثبت بیش از صدی دوازده در سال ورقه لازم‌الاجراء صادر نخواهند کرد.
sabt_asnad_amlak_1310	احکام جزایی قانون ثبت اسناد و املاک مصوب 1310	باب دوم- ثبت عمومی	فصل سوم- در آثار ثبت	36	ماده 36- خسارت تاخیر تادیه در صورتیکه در محاکم عدلیه مورد مطالبه واقع شود مشمول مواد 42 و 44 قانون تسریع محاکمات خواهد بود و در صورتیکه به وسیله اداره ثبت ماخوذ شود از قرار صدی دوازده در سال بوده و تمام آن به طلبکار داده می‌شود. وجه التزام در صورتیکه در محاکم عدلیه مورد مطالبه واقع شود و بیش از صدی ده باشد مازاد از صدی ده تا صدی پانزده نیز مشمول مواد 42 و 44 قانون تسریع محاکمات است و چنانچه صدی ده یا کمتر باشد تمام آن به محکوم‌له داده خواهد شد و هر گاه وجه التزام به وسیله اداره ثبت ماخوذ شود منتهی از قرار صدی دوازده در سال است که تماما به طلبکار داده می‌شود.
sabt_asnad_amlak_1310	احکام جزایی قانون ثبت اسناد و املاک مصوب 1310	باب دوم- ثبت عمومی	فصل سوم- در آثار ثبت	37	ماده 37- نسبت به معاملات مذکور در ماده 33 که قبل از تاریخ اجرای این قانون و پس از ثبت ملک واقع شده مقررات ماده 34 لازم‌الرعایه خواهد‌بود.
sabt_asnad_amlak_1310	احکام جزایی قانون ثبت اسناد و املاک مصوب 1310	باب دوم- ثبت عمومی	فصل سوم- در آثار ثبت	38	ماده 38- در موضوع انتقالات مذکور در ماده 33 که قبل از تاریخ اجرای این قانون واقع شده محاکم مکلفند در مواردی که مطابق ماده مزبور حق تقاضای ثبت به انتقال دهنده داده شده بر طبق ماده 34 حکم برد اصل و اجور و غیره داده و در مواردیکه حق تقاضای ثبت به انتقال گیرنده داده شده‌است حکم به مالکیت انتقال‌گیرنده بدهند اعم از اینکه نسبت به ملک مورد معامله تقاضای ثبت شده یا نشده باشد. نسبت به معاملات مذکوره در ماده 33 که پس از تاریخ اجرای این قانون واقع شود محاکم و ادارات ثبت مکلفند مدلول ماده 34 را بموقع اجراء گذارند.
sabt_asnad_amlak_1310	احکام جزایی قانون ثبت اسناد و املاک مصوب 1310	باب دوم- ثبت عمومی	فصل سوم- در آثار ثبت	39	ماده 39- حقوقی که در مواد 33 و 34 و 37 و 38 برای انتقال دهنده مقرر است قبل از انقضاء مدت حق استرداد قابل اسقاط نیست- هر قرارداد‌مخالف این ترتیب باطل و کان‌لم‌یکن خواهد بود خواه قبل از این قانون باشد خواه بعد و اعم از اینکه به موجب سند رسمی باشد یا غیر رسمی.
sabt_asnad_amlak_1310	احکام جزایی قانون ثبت اسناد و املاک مصوب 1310	باب دوم- ثبت عمومی	فصل سوم- در آثار ثبت	40	ماده 40- تخلف قضات و مامورین دولت از مقررات مواد 33 و 34 و 35 و 36- 37- 38- 39 مستلزم مجازات انتظامی از درجه 4 به بالا است.
sabt_asnad_amlak_1310	احکام جزایی قانون ثبت اسناد و املاک مصوب 1310	باب دوم- ثبت عمومی	فصل سوم- در آثار ثبت	41	ماده 41- در صورتیکه در اثناء مدت عملیات مقدماتی تقاضاکننده ثبت ملک مورد تقاضا را کلا یا بعضا بدیگری منتقل کند انتقال دهنده مکلف است تا ده روز از تاریخ انتقال شخصا یا به توسط وکیل ثابت‌الوکاله در اداره ثبت اسناد حاضر و معامله خود را کتبا اطلاع دهد.
sabt_asnad_amlak_1310	احکام جزایی قانون ثبت اسناد و املاک مصوب 1310	باب دوم- ثبت عمومی	فصل سوم- در آثار ثبت	42	ماده 42- هرگاه مورد انتقال ملکی باشد که نسبت به آن عرضحال اعتراضی داده شده است انتقال دهنده مکلف است در حین انتقال انتقال گیرنده را از وجود معترض و در ظرف ده روز از تاریخ انتقال معترض را از وقوع انتقال و اسم انتقال گیرنده به وسیله اظهارنامه رسمی مسبوق نماید و اگر انتقال‌دهنده در حین انتقال از اعتراضی که شده است رسما مطلع نبوده و یا عرضحال اعتراض بعد از انتقال داده شود انتقال دهنده مکلف است در ظرف ده روز از تاریخ اطلاع رسمی معترض را به وسیله اظهارنامه رسمی از وقوع انتقال و اسم منتقل‌الیه و انتقال‌گیرنده را در همان مدت و به همان طریق از وقوع اعتراض مسبوق کند- منتقل‌الیه بمحض ابلاغ اظهارنامه در مقابل معترض قائم‌مقام انتقال دهنده شده و دعوی بدون تجدید عرضحال به طرفیت او جریان خواهد یافت. انتقال دهنده ای که مطابق مقررات فوق عمل ننماید مسئول هر ضرر و خسارتی خواهد بود که از تخلف او بر انتقال گیرنده یا معترض وارد گردد و مادام که ضرر و خسارت مزبور را جبران نکرده است به تقاضای انتقال گیرنده یا معترض توقیف خواهد شد. تبصره- هرگاه معترض حقوق ادعائیه خود را به دیگری انتقال دهد آن شخص بدون تجدید عرضحال قائم‌مقام او شده و از مواعدی که برای معترض در تاریخ انتقال باقی است استفاده خواهد کرد.
sabt_asnad_amlak_1310	احکام جزایی قانون ثبت اسناد و املاک مصوب 1310	باب دوم- ثبت عمومی	فصل سوم- در آثار ثبت	43	ماده 43- هرگاه انتقال به موجب سند عادی بوده و انتقال دهنده معامله خود را به اداره ثبت اطلاع نداد چنانچه مدت اعتراض باقی است منتقل‌الیه مطابق مقررات عرض حال می‌دهد و چنانچه مدت منقضی شده منتقل‌الیه می‌تواند به وسیله اظهارنامه به انتقال دهنده اخطار نماید هر گاه مشارالیه معامله را در ظرف مدت ده روز از تاریخ ابلاغ اخطاریه تصدیق نمود ملک به نام انتقال گیرنده ثبت و الا ملک به نام انتقال دهنده ثبت و‌انتقال‌گیرنده به موجب ماده 105 و 114 می‌تواند انتقال‌دهنده را تعقیب نماید. هرگاه انتقال به موجب سند عادی بوده و انتقال دهنده مطابق ماده 41 عمل نماید و یا انتقال به موجب سند رسمی باشد به ترتیب ذیل عمل خواهد شد: اگر اعلانات نوبتی منتشر نشده ملک به اسم انتقال گیرنده اعلان می‌شود و اگر اعلانات در جریان باشد بقیه اعلانات به نام انتقال گیرنده با قید انتقال‌اصلاح می‌شود و اگر رجوع به اداره ثبت بعد از اتمام اعلانات باشد ملک به اسم انتقال گیرنده به ثبت خواهد رسید. اگر معلوم شود سند رسمی انتقال مجعول بوده مرتکب به 5 تا 15 سال حبس با اعمال شاقه محکوم و بعلاوه مفاد ماده (114) درباره او مجری خواهد شد:
sabt_asnad_amlak_1310	احکام جزایی قانون ثبت اسناد و املاک مصوب 1310	باب دوم- ثبت عمومی	فصل سوم- در آثار ثبت	44	ماده 44- هرگاه کسیکه نسبت به ملک مورد ثبت اقامه دعوی کرده قبل از انقضای موعدهای مقرر در در مواد (17)- (18)- (19) فوت کرده یا مجنون‌یا محجور شود مستدعی ثبت مکلف است مراتب را به اداره ثبت و پارکه بدایت صلاحیت‌دار کتبا اطلاع داده و پس از معین شدن قائم مقام قانونی باو از‌طریق محقق ثبت یا محکمه مربوطه اخطار نماید که مشارالیه در ظرف شصت روز از تاریخ ابلاغ اخطاریه دعوی را تعقیب کند. هرگاه قائم مقام قانونی در مدت مقرر دعوی را تعقیب نکرد محکمه یا محقق ثبت قرار اسقاط دعوا را صادر میکند- این قرار فقط قابل استیناف است.
sabt_asnad_amlak_1310	احکام جزایی قانون ثبت اسناد و املاک مصوب 1310	باب دوم- ثبت عمومی	فصل سوم- در آثار ثبت	45	ماده 45- اگر بواسطه عدم اقدام در مورد مواد (17)- (18)- (19) ملکی به ثبت رسیده و بعد معلوم شود عدم تعقیب یا عدم ابراز تصدیق به علت فوت یا جنون یا حجر طرف دعوای با مستدعی ثبت بوده و اخطار مذکور در ماده فوق هم با اینکه مستدعی ثبت بفوت یا جنون یا حجر عالم بوده به عمل نیامده است قائم مقام قانونی متوفی و یا مجنون و یا محجور می‌تواند در ظرف پنج سال از بابت قیمت ملک و اجور و خسارات در محکمه حقوق به وسیله عرضحال جدید بر علیه مستعدی ثبت اقامه دعوی نماید. مبدء پنج سال مذکور فوق در مورد وراث کبیر و وراثی که ولی خاص (پدر یا جد پدری یا وصی منصوب مسلم‌الوصایه) دارند از تاریخ فوت و در غیر این موارد از تاریخ تعیین قیم یا مدیر تصفیه محسوب می‌شود. در مورد این ماده چنانچه مستدعی ثبت محکوم گردد و ملک را قبلا به دیگری انتقال داده و در موقع اجرای حکم مفلس باشد و ثابت شود برای فرار از‌ادای حق طرف خود را مفلس کرده بحبس تادیبی از یکسال تا دو سال محکوم خواهد شد- تعقیب جزائی در این مورد منوط بشکایت مدعی‌خصوصی است و با استرداد شکایت تعقیب موقوف می‌شود.
sabt_asnad_amlak_1310	احکام جزایی قانون ثبت اسناد و املاک مصوب 1310	باب سوم- ثبت اسناد	فصل اول- مواد عمومی	46	ماده 46- ثبت اسناد اختیاری است مگر در موارد ذیل: 1- کلیه عقود و معاملات راجع به عین یا منافع املاکی که قبلا در دفتر املاک ثبت شده باشد. 2- کلیه معاملات راجع بحقوقی که قبلا در دفتر املاک ثبت شده است. ماده چهل و هفتم- در نقاطی که اداره ثبت اسناد و املاک و دفاتر اسناد رسمی موجود بوده و وزارت عدلیه مقتضی بداند ثبت اسناد ذیل اجباری است: 1- کلیه عقود و معاملات راجعه به عین یا منافع اموال غیر منقوله که در دفتر املاک ثبت نشده. 2- صلحنامه و هبه نامه و شرکت نامه
sabt_asnad_amlak_1310	احکام جزایی قانون ثبت اسناد و املاک مصوب 1310	باب سوم- ثبت اسناد	فصل اول- مواد عمومی	48	ماده 48- سندیکه مطابق مواد فوق باید به ثبت برسد و به ثبت نرسیده در هیچیک از ادارات و محاکم پذیرفته نخواهد شد.
sabt_asnad_amlak_1310	احکام جزایی قانون ثبت اسناد و املاک مصوب 1310	باب سوم- ثبت اسناد	فصل اول- مواد عمومی	49	ماده 49- وظایف مسئولین دفاتر از قرار ذیل است: 1- ثبت کردن اسناد مطابق مقررات قانون. 2- دادن سواد مصدق از اسناد ثبت شده به اشخاصی که مطابق مقررات حق گرفتن سواد دارند 3- تصدیق صحت امضاء 4- قبول و حفظ اسنادی که امانت می گذارند.
sabt_asnad_amlak_1310	احکام جزایی قانون ثبت اسناد و املاک مصوب 1310	باب سوم- ثبت اسناد	فصل اول- مواد عمومی	50	ماده 50- هرگاه مسئول دفتر در هویت متعاملین یا طرفی که تعهد میکند تردید داشته باشد باید دو نفر از اشخاص معروف و معتمد حضورا هویت انان را تصدیق نموده و مسئول دفتر مراتب را در دفتر ثبت و به امضای شهود رسانیده و این نکته را در خود اسناد قید نماید.
sabt_asnad_amlak_1310	احکام جزایی قانون ثبت اسناد و املاک مصوب 1310	باب سوم- ثبت اسناد	فصل اول- مواد عمومی	51	ماده 51- در مورد ماده فوق شاهدی که یکطرف از اصحاب معامله را معرفی می‌نماید نمی‌تواند معرف طرف دیگر باشد.
sabt_asnad_amlak_1310	احکام جزایی قانون ثبت اسناد و املاک مصوب 1310	باب سوم- ثبت اسناد	فصل اول- مواد عمومی	52	ماده 52- وقتی که مسئول دفتر نتواند به وسیله شهود معروف و معتمد هویت اشخاص را معین کند باید از ثبت نمودن سند امتناع نماید.
sabt_asnad_amlak_1310	احکام جزایی قانون ثبت اسناد و املاک مصوب 1310	باب سوم- ثبت اسناد	فصل اول- مواد عمومی	53	ماده 53- مسئول دفتر نمی‌تواند اسنادی را که به منفعت خود یا کسانیکه در تحت ولایت یا وصایت و یا قیمومت او واقعند یا با او قرابت نسبی تا درجه چهارم یا سببی تا درجه سوم دارند و یا در خدمت او هستند ثبت نماید.
sabt_asnad_amlak_1310	احکام جزایی قانون ثبت اسناد و املاک مصوب 1310	باب سوم- ثبت اسناد	فصل اول- مواد عمومی	54	ماده 54- در مواقعی که مسئول دفتر بواسطه مرض و امثال آن از انجام وظیفه معذور است عمل ثبت به عهده مسئول دفتر دیگری که در آن حوزه ماموریت دارد واگذار خواهد شد در مورد ماده 53 اگر مسئول دفتر منحصر بفرد باشد مشارالیه با حضور امین صلح و مدعی‌العموم محل یا نماینده او سند را ثبت خواهد کرد.
sabt_asnad_amlak_1310	احکام جزایی قانون ثبت اسناد و املاک مصوب 1310	باب سوم- ثبت اسناد	فصل اول- مواد عمومی	55	ماده 55- مسئول دفتر باید نمره و تاریخ ثبت را با تعیین دفتری که سند در آن ثبت شده در روی هر سندی که ثبت می‌شود قید کرده و به امضای خود ممضی و به مهر دائره ثبت برساند.
sabt_asnad_amlak_1310	احکام جزایی قانون ثبت اسناد و املاک مصوب 1310	باب سوم- ثبت اسناد	فصل اول- مواد عمومی	56	ماده 56- اسناد باید حرف به حرف از اول تا اخر متن و حاشیه سجل و ظهر ثبت شود.
sabt_asnad_amlak_1310	احکام جزایی قانون ثبت اسناد و املاک مصوب 1310	باب سوم- ثبت اسناد	فصل اول- مواد عمومی	57	ماده 57- مسئول دفتر نباید معاملات اشخاصی را که مجنون یا غیر رشید یا به نحوی دیگر از انحاء قانونی ممنوع از تصرف هستند ثبت نماید مگر اینکه معامله به وسیله قائم مقام قانونی اشخاص مزبور واقع شود.
sabt_asnad_amlak_1310	احکام جزایی قانون ثبت اسناد و املاک مصوب 1310	باب سوم- ثبت اسناد	فصل اول- مواد عمومی	58	ماده 58- شهود باید موثق باشند علاوه بر این ورقه هویت (‌سجل احوال) خود را ارائه دهند
sabt_asnad_amlak_1310	احکام جزایی قانون ثبت اسناد و املاک مصوب 1310	باب سوم- ثبت اسناد	فصل اول- مواد عمومی	59	ماده 59- شهادت اشخاص ذیل پذیرفته نخواهد شد: 1- غیر رشید یا محجور 2- کور یا گنگ 3- اشخاص ذی نفع در معامله 4- خدمه مسئول دفتر 5- خدمه اصحاب معامله
sabt_asnad_amlak_1310	احکام جزایی قانون ثبت اسناد و املاک مصوب 1310	باب سوم- ثبت اسناد	فصل اول- مواد عمومی	60	ماده 60- مسئول دفتر ثبت نباید اسناد راجع به معاملاتی را که مدلول آن مخالفت صریح با قوانین موضوعه مملکتی داشته باشد ثبت نماید.
sabt_asnad_amlak_1310	احکام جزایی قانون ثبت اسناد و املاک مصوب 1310	باب سوم- ثبت اسناد	فصل اول- مواد عمومی	61	ماده 61- هرگاه طرفین معامله یا شهود زبان فارسی را ندانند و مسئول دفتر نیز زبان آن ها را نداند اظهارات آنها به وسیله مترجم رسمی ترجمه‌خواهد شد. ‌ترتیب تعیین مترجمین رسمی و میزان حقی که برای ترجمه و تصدیق ترجمه و سوادبرداری از نقشه و تصدیق صحت سواد نقشه اخذ می‌شود به موجب نظامنامه از طرف وزارت عدلیه معین خواهد شد.
sabt_asnad_amlak_1310	احکام جزایی قانون ثبت اسناد و املاک مصوب 1310	باب سوم- ثبت اسناد	فصل اول- مواد عمومی	62	ماده 62- تراشیدن و پاک کردن و الحاق کردن به هر نحوی از انحاء در دفاتر ثبت اسناد و املاک ممنوع است کلیه الحاقات و انچه که به جای کلمات تراشیده شده و یا در محل پاک شده نوشته می‌شود از درجه اعتبار ساقط خواهد بود.
sabt_asnad_amlak_1310	احکام جزایی قانون ثبت اسناد و املاک مصوب 1310	باب سوم- ثبت اسناد	فصل اول- مواد عمومی	63	ماده 63- طرفین معامله یا وکلای آنها باید ثبت سند را ملاحظه نموده و مطابقت آن ثبت با اصل سند به توسط مشارالیهم و مسئول دفتر ثبت تصدیق گردد. ‌در مورد اسنادی که فقط برای یکطرف ایجاد تعهد می‌نماید تصدیق و امضای طرف متعهد کافی خواهد بود.
sabt_asnad_amlak_1310	احکام جزایی قانون ثبت اسناد و املاک مصوب 1310	باب سوم- ثبت اسناد	فصل اول- مواد عمومی	64	ماده 64- در صورتی که طرفین معامله و یا یکی از آنها کور یا کر و گنگ بی‌سواد باشند علاوه بر معرفین هر یک از اشخاص مزبوره باید بمعیت خود یکنفر از معتمدین خود را حاضر نماید که در موقع قرائت ثبت و امضای آن حضور بهمرسانند مگر اینکه بین خود معرفین کسی باشد که طرف اعتماد آنها است- معتمد مزبور در مورد اشخاص کر و گنگ باید از جمله اشخاصی باشد که بتواند به آنها باشاره مطلب را بفهماند در مورد این ماده مراتب در سندی که ثبت می‌شود و در ستون ملاحظات دفتر باید قید کردد.
sabt_asnad_amlak_1310	احکام جزایی قانون ثبت اسناد و املاک مصوب 1310	باب سوم- ثبت اسناد	فصل اول- مواد عمومی	65	ماده 65- امضای ثبت سند پس از قرائت آن به توسط طرفین معامله یا وکلای آنها دلیل رضایت آنها خواهد بود.
sabt_asnad_amlak_1310	احکام جزایی قانون ثبت اسناد و املاک مصوب 1310	باب سوم- ثبت اسناد	فصل اول- مواد عمومی	66	ماده 66- در موقعی که معامله راجع به اشخاص بی‌سواد است علاوه بر معرفین حضور یک نفر مطلع باسواد نیز که طرف اعتماد شخص بی‌سواد باشد لازم است مگر در صورتی که بین خود معرفین شخص باسوادی باشد که طرف اعتماد شخص بی‌سواد است.
sabt_asnad_amlak_1310	احکام جزایی قانون ثبت اسناد و املاک مصوب 1310	باب سوم- ثبت اسناد	فصل اول- مواد عمومی	67	ماده 67- ثبت سند باید برای شخص بیسواد قرائت شده و این قرائت و همچنین رضایت مشارالیه باید در دفتر ثبت قید و از طرف معتمد امضاء گردد معامله کننده بی‌سواد نیز باید علامت انگشت خود را ذیل ثبت سند بگذارد.
sabt_asnad_amlak_1310	احکام جزایی قانون ثبت اسناد و املاک مصوب 1310	باب سوم- ثبت اسناد	فصل اول- مواد عمومی	68	ماده 68- هرگاه سندی بواسطه تقصیر یا غفلت مسئول دفتر از اعتبار افتاده باشد مسئول مذکور باید علاوه بر مجازات های مقرره از عهده کلیه خسارات وارده نیز براید.
sabt_asnad_amlak_1310	احکام جزایی قانون ثبت اسناد و املاک مصوب 1310	باب سوم- ثبت اسناد	فصل اول- مواد عمومی	69	ماده 69- هرگاه بر طبق شرایط مقرر بین طرفین و با اطلاع مراجع ثبت احد متعاملین معامله را فسخ و یا متعهدی تعهد خود را انجام دهد و طرف مقابل حاضر نبوده یا نشود مراجع مزبور پس از ملاحظه قبض صندوق اداره ثبت حاکی از ودیعه گذاردن مورد معامله در صورتی که عبارت از وجه نقد یا مال منقول دیگر باشد و پس از تامین حقوق طرف مقابل در غیر این صورت مراتب را در دفتر قید و به طرف اخطار می‌نماید که حق خود را اخذ و‌برای باطل نمودن ثبت حاضر کردد. فصل دوم آثار ثبت اسناد
sabt_asnad_amlak_1310	احکام جزایی قانون ثبت اسناد و املاک مصوب 1310	باب سوم- ثبت اسناد	فصل اول- مواد عمومی	70	ماده 70- سندی که مطابق قوانین به ثبت رسیده رسمی است و تمام محتویات و امضاهای مندرجه در آن معتبر خواهد بود مگر اینکه مجعولیت آن سند ثابت شود. ‌انکار مندرجات اسناد رسمی راجع باخذ تمام یا قسمتی از وجه یا مال و یا تعهد بتادیه وجه یا تسلیم مال مسموع نیست. ‌مامورین قضائی یا اداری که از راه حقوقی یا جزائی انکار فوق را مورد رسیدگی قرار داده و یا به نحوی از انحاء مندرجات سند رسمی را در خصوص رسید وجه یا مال یا تعهد بتادیه وجه یا تسلیم مال معتبر ندانند به شش ماه تا یکسال انفصال موقت محکوم خواهند شد. ‌تبصره- هر گاه کسی که به موجب سند رسمی اقرار به اخذ وجه یا مالی کرده یا تادیه وجه یا تسلیم مالی را تعهد نموده مدعی شود که اقرار یا تعهد او در‌مقابل سند رسمی یا عادی یا حواله یا برات یا چک یافته طلبی بوده است که طرف معامله باو داده و آن تعهد انجام نشده و یا حواله و یا برات یا چک یافته طلب پرداخت نگردیده است این دعوی قابل رسیدگی خواهد بود.
sabt_asnad_amlak_1310	احکام جزایی قانون ثبت اسناد و املاک مصوب 1310	باب سوم- ثبت اسناد	فصل اول- مواد عمومی	71	ماده 71- اسناد ثبت شده در قسمت راجعه به معاملات و تعهدات مندرجه در آن ها نسبت به طرفین و یا طرفی که تعهد کرده و کلیه اشخاصی که‌قائم‌مقام قانونی انان محسوب می‌شوند رسمیت و اعتبار خواهند داشت.
sabt_asnad_amlak_1310	احکام جزایی قانون ثبت اسناد و املاک مصوب 1310	باب سوم- ثبت اسناد	فصل اول- مواد عمومی	72	ماده 72- کلیه معاملات راجعه باموال غیر منقوله که بر طبق مقررات راجعه به ثبت املاک ثبت شده است نسبت به طرفین معامله و قائم‌مقام قانونی آنها و اشخاص ثالث دارای اعتبار کامل و رسمیت خواهد بود.
sabt_asnad_amlak_1310	احکام جزایی قانون ثبت اسناد و املاک مصوب 1310	باب سوم- ثبت اسناد	فصل اول- مواد عمومی	74	ماده 74- سوادی که مطابقت آن با ثبت دفتر تصدیق شده است بمنزله اصل سند خواهد بود مگر در صورت اثبات عدم مطابقت سواد با ثبت‌دفتر. فصل سوم در امانت اسناد
sabt_asnad_amlak_1310	احکام جزایی قانون ثبت اسناد و املاک مصوب 1310	باب سوم- ثبت اسناد	فصل اول- مواد عمومی	75	ماده 75- هر کس بخواهد سند خود را در اداره ثبت اسناد امانت بگذارد باید آن را در پاکت و یا لفاف دیگری که لاک و مهر شده باشد گذاشته و‌شخصا روی پاکت تاریخ تسلیم امانت را با تمام حروف در حضور مسئول دفتر قید کند و در صورتی که نتواند بنویسد باید دو نفر شاهد تاریخ مزبور را‌روی لفافه یا پاکت نوشته امضاء و مهر کنند
sabt_asnad_amlak_1310	احکام جزایی قانون ثبت اسناد و املاک مصوب 1310	باب سوم- ثبت اسناد	فصل اول- مواد عمومی	76	ماده 76- مسئول دفتر پس از تصدیق تاریخ تسلیم نمره ترتیبی امانت را تعیین نموده و پاکت یا لفافه را به مهر اداره ثبت اسناد رسانیده و در دفتر‌مخصوص همان نمره ترتیبی را که اتخاذ کرده به اسم امانت‌گذار و تاریخ امانت و اسامی شهود اگر باشند قید می‌کند و به مهر و امضای امانت‌گذار و‌شهود نیز خواهد رسانید.
sabt_asnad_amlak_1310	احکام جزایی قانون ثبت اسناد و املاک مصوب 1310	باب سوم- ثبت اسناد	فصل اول- مواد عمومی	77	ماده 77- اشخاصی که سند خود را امانت می گذارند می‌توانند قبل از انکه آنها را در پاکت و یا لفافه دیگری گذارده مهر کنند تقاضای سواد بنمایند در این صورت مسئول دفتر سواد مصدق خواهد داد ولی باید در روی سواد مزبور قید شود که این سواد مطابق با اصلی است که در اداره ثبت اسناد و املاک امانت گذاشته شده و به هیچوجه رسمیت ندارد مگر اینکه آن سند قبلا مطابق مقررات قانون ثبت شده باشد در این صورت دائره ثبت اسناد و‌املاک می‌تواند سواد مصدق سند را به طوریکه در این قانون مقرر است بدهد.
sabt_asnad_amlak_1310	احکام جزایی قانون ثبت اسناد و املاک مصوب 1310	باب سوم- ثبت اسناد	فصل اول- مواد عمومی	78	ماده 78- در موقع امانت گذاشتن اسناد مسئول دفتر باید کلیه مشخصات و ممیزات پاکت یا لفافه امانتی را در ستون مخصوص دفتر قید نموده و بامضاء خود و امانت‌گذار و شهود ممضی دارد و پس از آن رسیدی که مشتمل بر نمره و مشخصات پاکت یا لفافه امانت است با امانتگذار بدهد.
sabt_asnad_amlak_1310	احکام جزایی قانون ثبت اسناد و املاک مصوب 1310	باب سوم- ثبت اسناد	فصل اول- مواد عمومی	79	ماده 79- استرداد اسناد امانتی به این ترتیب به عمل می‌آید که در ستون ملاحظات دفتر امانت و در مقابل ثبتی که از امانات سند به عمل امده شخصی که سند را پس می گیرد با حضور دو نفر شاهد رسید نوشته و آن را امضاء می‌نماید.
sabt_asnad_amlak_1310	احکام جزایی قانون ثبت اسناد و املاک مصوب 1310	باب سوم- ثبت اسناد	فصل اول- مواد عمومی	80	ماده 80- تاریخ استرداد باید در ذیل رسید با تمام حروف قید شود و همچنین اسم مسئول دفتر و مبلغ حق‌الحفاظه که اخذ می‌شود درجه خواهد‌شد.
sabt_asnad_amlak_1310	احکام جزایی قانون ثبت اسناد و املاک مصوب 1310	باب چهارم- دفاتر اسناد رسمی		81	ماده 81- در نقاطی که وزارت عدلیه مقتضی بداند برای تنظیم اسناد رسمی دفاتر رسمی به عهده کافی معین خواهد کرد- هر دفتر رسمی اسناد‌مرکب است از یکنفر صاحب دفتر و لااقل یکنفر نماینده اداره ثبت اسناد.
sabt_asnad_amlak_1310	احکام جزایی قانون ثبت اسناد و املاک مصوب 1310	باب چهارم- دفاتر اسناد رسمی		82	ماده 82- هیچ دفتری را نمی‌توان رسمیت داد مگر اینکه صاحب آن در ضمن تقاضانامه خود تبعیت از قوانین و نظامات وزارت عدلیه را راجع به ثبت اسناد تعهد نماید.
sabt_asnad_amlak_1310	احکام جزایی قانون ثبت اسناد و املاک مصوب 1310	باب چهارم- دفاتر اسناد رسمی		83	ماده 83- حوزه صلاحیت هر یک از دفاتر اسناد زسمی به موجب نظامنامه‌های وزارت عدلیه معین خواهد شد.
sabt_asnad_amlak_1310	احکام جزایی قانون ثبت اسناد و املاک مصوب 1310	باب چهارم- دفاتر اسناد رسمی		84	ماده 84- نمایندۀ که از طرف اداره کل ثبت اسناد و املاک برای هر دفتری تعیین می‌شود باید در اوقات کار در دفتر اسناد رسمی حاضر باشد تا هر‌معامله و تعهدی که واقع می‌شود پس از ثبت در دفتر صاحب دفتر در دفتر خود ثبت نماید در هر یک از این دو دفتر باید نمره صفحه دفتر دیگری که سند در آن ثبت شده است قید گردد.
sabt_asnad_amlak_1310	احکام جزایی قانون ثبت اسناد و املاک مصوب 1310	باب چهارم- دفاتر اسناد رسمی		85	ماده 85- هرگاه دفتر اسناد رسمی که باید با رعایت ماده (82) معین شود در محضر یکی از مجتهدین جامع‌الشرایط باشد حضور نماینده (‌به شرط اجازه وزارت عدلیه) در دفتر لازم نبوده و سندی که مطابق مقررات از دفتر صادر شده و به اداره ثبت صدور آن از ناحیه صاحب دفتر مسلم باشد در دفتر‌اداره به ثبت خواهد رسید.
sabt_asnad_amlak_1310	احکام جزایی قانون ثبت اسناد و املاک مصوب 1310	باب چهارم- دفاتر اسناد رسمی		86	ماده 86- در صورتی که تقاضای ثبت سندی بشود تحصیل اطمینان از هویت متعاملین یا طرفی که تعهد کرده به عهده صاحب دفتر است و اگر مشارالیه شخصا آنها را نشناسد باید بر طبق مواد این قانون رفتار نماید و در صورت تخلف مشمول ماده 102 این قانون خواهد بود.
sabt_asnad_amlak_1310	احکام جزایی قانون ثبت اسناد و املاک مصوب 1310	باب چهارم- دفاتر اسناد رسمی		87	ماده 87- شهود و معرفین و اصحاب معامله باید دفتر صاحب دفتر را مطابق مواد (50 و 63) این قانون امضاء نمایند ولی در دفتر ثبت نماینده فقط امضاء اصحاب معامله کافی خواهد بود.
sabt_asnad_amlak_1310	احکام جزایی قانون ثبت اسناد و املاک مصوب 1310	باب چهارم- دفاتر اسناد رسمی		88	ماده 88- در مورد املاکی که مطابق این قانون به ثبت نرسیده دفاتر اسناد رسمی و همچنین دوائر ثبت اسناد و املاک (‌در دفتر مخصوص) می‌توانند هر نوع معامله و تعهد و نقل و انتقالی را راجع به عین غیر منقول یا منافع آن ثبت نمایند ولی این قبیل اسناد فقط نسبت به طرفین یا طرفی که تعهد کرده و قائم‌مقام قانونی آنها رسمیت خواهد داشت.
sabt_asnad_amlak_1310	احکام جزایی قانون ثبت اسناد و املاک مصوب 1310	باب چهارم- دفاتر اسناد رسمی		89	ماده 89- از درآمد حاصل از حق‌الثبت صاحبان دفتر و دفتریارها به ترتیب زیر سهم خواهند برد: ‌تا ششصد ریال در ماه نصف- از ششصد و یک ریال تا چهار هزار ریال نسبت به مازاد ششصد ریال یک پنجم از چهار هزار و یک ریال تا ده هزار ریال نسبت به مازاد از چهار هزار ریال یکدهم و از ده هزار و یک ریال تا بیست هزار ریال نسبت به مازاد از ده هزار ریال یک بیستم.
sabt_asnad_amlak_1310	احکام جزایی قانون ثبت اسناد و املاک مصوب 1310	باب چهارم- دفاتر اسناد رسمی		90	ماده 90- عایدات حاصله از حق‌الثبت دفاتر اسناد رسمی پس از پرداخت سهم صاحبان دفاتر جزء عایدات عمومی محسوب و تسلیم خزانه خواهد شد.
sabt_asnad_amlak_1310	احکام جزایی قانون ثبت اسناد و املاک مصوب 1310	باب چهارم- دفاتر اسناد رسمی		91	ماده 91- به استثنای مواردیکه برای دفاتر اسناد رسمی مطابق این قانون ترتیب خاصی معین شده مقررات این قانون در دفاتر اسناد رسمی نیز لازم‌الرعایه و اعتبار اسناد ثبت شده در دفاتر رسمی همان است که در ماده (70 و 71) مقرر شده است.
sabt_asnad_amlak_1310	احکام جزایی قانون ثبت اسناد و املاک مصوب 1310	باب پنجم- اجراء مفاد اسناد رسمی		92	ماده 92- مدلول کلیه اسناد رسمی راجع به دیون و سایر اموال منقول بدون احتیاج حکمی از محاکم عدلیه لازم‌الاجرا است مگر در مورد تسلیم عین منقولی که شخص ثالثی متصرف و مدعی مالکیت آن باشد
sabt_asnad_amlak_1310	احکام جزایی قانون ثبت اسناد و املاک مصوب 1310	باب پنجم- اجراء مفاد اسناد رسمی		93	ماده 93- کلیه اسناد رسمی راجع به معاملات املاک ثبت شده مستقلا و بدون مراجعه به محاکم لازم‌الاجراء است
sabt_asnad_amlak_1310	احکام جزایی قانون ثبت اسناد و املاک مصوب 1310	باب پنجم- اجراء مفاد اسناد رسمی		95	ماده 95- عموم ضابطین عدلیه و سایر قوای دولتی مکلف هستند در مواقعی که از طرف مامورین اجرا به آنها مراجعه می‌شود در اجرای مفاد ورقه اجرائیه اقدام کنند.
sabt_asnad_amlak_1310	احکام جزایی قانون ثبت اسناد و املاک مصوب 1310	باب پنجم- اجراء مفاد اسناد رسمی		99	ماده 99- ادعای مجعولیت سند رسمی عملیات راجع باجرای آن را موقوف نمیکند مگر پس از اینکه مستنطق قرار مجرمیت متهم را صادر و مدعی‌العموم هم موافقت کرده باشد.
sabt_asnad_amlak_1310	احکام جزایی قانون ثبت اسناد و املاک مصوب 1310	باب ششم- جرائم و مجازات		100	ماده 100- هر یک از مستخدمین و اجزاء ثبت اسناد و املاک و صاحبان دفاتر رسمی عامدا یکی از جرمهای ذیل را مرتکب شود جاعل در اسناد رسمی محسوب و به مجازاتی که برای جعل و تزویر اسناد رسمی مقرر است محکوم خواهد شد: اولا- اسناد مجعوله یا مزوره را ثبت کند. ثانیا- سندی را بدون حضور اشخاصی که مطابق قانون باید حضور داشته باشند ثبت نماید. ثالثا- سندی را به اسم کسانی که آن معامله را نکرده‌اند ثبت کند. رابعا- تاریخ سند یا ثبت سندی را مقدم یا مؤخر در دفتر ثبت کند. خامسا- تمام یا قسمتی از دفاتر ثبت را معدوم یا مکتوم کند یا ورقی از آن دفاتر را بکشد یا به وسایل متقلبانه دیگر ثبت سندی را از اعتبار و استفاده بیندازد. سادسا- اسناد انتقالی را با علم به عدم مالکیت انتقال دهند ثبت کند. سابعا- سندی را که به طور وضوح سندیت نداشته و یا از سندیت افتاده ثبت کند.
sabt_asnad_amlak_1310	احکام جزایی قانون ثبت اسناد و املاک مصوب 1310	باب ششم- جرائم و مجازات		101	ماده 101- هر گاه اعضاء ثبت اسناد و املاک سندی را که مفاد آن مخالفت صریح با قوانین موضوعه مملکتی داشته ثبت کنند از یکسال تا سه سال از خدمات دولتی منفصل خواهد شد.
sabt_asnad_amlak_1310	احکام جزایی قانون ثبت اسناد و املاک مصوب 1310	باب ششم- جرائم و مجازات		102	ماده 102- هر یک از اعضاء ثبت اسناد و املاک قبل از احراز هویت اشخاص و یا اهلیت اصحاب معامله و یا قابلیت موضوع معامله سندی را عمدا ثبت نماید به مجازات اداری فوق محکوم خواهد کردید.
sabt_asnad_amlak_1310	احکام جزایی قانون ثبت اسناد و املاک مصوب 1310	باب ششم- جرائم و مجازات		103	ماده 103- هر یک از مستخدمین و اجزای ثبت اسناد و املاک عامدا تصدیقاتی دهد که مخالف واقع باشد در حکم جاعل اسناد رسمی خواهد بود
sabt_asnad_amlak_1310	احکام جزایی قانون ثبت اسناد و املاک مصوب 1310	باب ششم- جرائم و مجازات		104	ماده 104- در موارد تقصیراتی که مجازات آنها به موجب این باب معین نشده مستخدمین و اجزای ثبت اسناد و املاک که مرتکب جرم عمومی و یا تقصیر اداری می‌شوند موافق مقررات قوانین جزائی و یا قانون استخدام تعقیب و مجازات خواهند شد
sabt_asnad_amlak_1310	احکام جزایی قانون ثبت اسناد و املاک مصوب 1310	باب ششم- جرائم و مجازات		105	ماده 105- جز در مورد مذکور در ماده 33 (‌راجع ببیع شرط و امثال ان) هر کس تقاضای ثبت ملکی را بنماید که قبلا به دیگری انتقال داده یا با علم اینکه به نحوی از انحاء قانونی سلب مالکیت از او شده است تقاضای ثبت نماید کلاه بردار محسوب می‌شود و همچنین است اگر در موقع تقاضا مالک بوده ولی در موقع ثبت ملک در دفتر ثبت املاک مالک نبوده و معهذا سند مالکیت بگیرد یا سند مالکیت نگرفته ولی پس از اخطار اداره ثبت حاضر‌برای تصدیق حق طرف نباشد.
sabt_asnad_amlak_1310	احکام جزایی قانون ثبت اسناد و املاک مصوب 1310	باب ششم- جرائم و مجازات		106	ماده 106- مقررات فوق در مورد وارثی نیز جاری است که با علم به انتقال ملک از طرف مورث خود یا باعلم باینکه به نحوی از انحاء قانونی سلب مالکیت از مورث او شده بوده است تقاضای ثبت آنملک یا تقاضای صدور سند مالکیت آن ملک را به اسم خود کرده و یا مطابق قسمت اخیر‌ماده فوق پس از اخطار اداره ثبت رفتار نکند- در تمام اینموارد علم وارث باید به وسیله امضاء یا مهر و یا نوشته به خط او محرز شود.
sabt_asnad_amlak_1310	احکام جزایی قانون ثبت اسناد و املاک مصوب 1310	باب ششم- جرائم و مجازات		107	ماده 107- هر کس به عنوان اجاره یا عمری یا رقبی یا سکنی و یا مباشرت و به طور کلی هر کس نسبت به ملکی امین محسوب بوده و به عنوان مالکیت تقاضای ثبت آن را بکند به مجازات کلاه بردار محکوم خواهد شد.
sabt_asnad_amlak_1310	احکام جزایی قانون ثبت اسناد و املاک مصوب 1310	باب ششم- جرائم و مجازات		108	ماده 108- هر گاه شخصی که ملک را بیکی از عناوین مذکوره در فوق متصرف بوده شخصا تقاضای ثبت ننموده ولی بواسطه خیانت یا تبانی او‌ملک به نام دیگری به ثبت برسد بطریق ذیل عمل خواهد شد: الف- اگر کسی که ملک به اسم او ثبت شده مشمول مقررات یکی از مواد 105و 106 و 109 باشد شخص او و امین هر دو به عنوان مجرم اصلی به مجازات کلاه بردار محکوم شده و نسبت به خسارات مدعی خصوصی متضامنا مسئول خواهند بود. ب- هر گاه کسی که ملک به نام او به ثبت رسیده مشمول هیچیک از مقررات مواد 105و106و109 نباشد شخص مزبور به هیچ عنوان اعم از‌حقوقی و جزائی قابل تعقیب نیست ولی امین به عنوان مجرم اصلی تعقیب و مطابق ماده 238 قانون مجازات عمومی محکوم شده و بعلاوه برای جبران خسارت صاحب ملک در توقیف خواهد ماند در صورتیکه در ظرف پنج سال نتوانست با تادیه خسارت یا از طریق دیگری رضایت مدعی خصوصی را فراهم سازد وزیر عدلیه از مقام سلطنت عفو او را استدعا میکند.
sabt_asnad_amlak_1310	احکام جزایی قانون ثبت اسناد و املاک مصوب 1310	باب ششم- جرائم و مجازات		109	ماده 109- هر کس نسبت به ملکی که در تصرف دیگری بوده خود را متصرف قلمداد کرده و تقاضای ثبت کند کلاهبردار محسوب می‌شود‌- اختلافات راجع بتصرف در حدود مشمول این ماده نیست.
sabt_asnad_amlak_1310	احکام جزایی قانون ثبت اسناد و املاک مصوب 1310	باب ششم- جرائم و مجازات		110	ماده 110- در مورد مواد فوق و همچنین در کلیه مواد دیگر این قانون اظهارنامه که در مورد ثبت عمومی املاک داده می‌شود بمنزله تقاضانامه‌است.
sabt_asnad_amlak_1310	احکام جزایی قانون ثبت اسناد و املاک مصوب 1310	باب ششم- جرائم و مجازات		111	ماده 111- در مورد مواد قبل تعقیب متهم موکول بشکایت مدعی خصوصی است.
sabt_asnad_amlak_1310	احکام جزایی قانون ثبت اسناد و املاک مصوب 1310	باب ششم- جرائم و مجازات		111	ماده 111- (مکرر) اگر در مورد مواد 107 و 108 متهم کسی باشد که املاک موقوفه عام‌المنفعه را بعنوان متولی یا متصدی و یا املاک مولی‌علیه را بعنوان ولایت و یا قیمومیت در تصرف دارد تعقیب جزائی موکول بشکایت مدعی خصوصی نیست.
sabt_asnad_amlak_1310	احکام جزایی قانون ثبت اسناد و املاک مصوب 1310	باب ششم- جرائم و مجازات		112	ماده 112- در صورتیکه مدعی خصوصی قبل از صدور حکم نهائی شکایت خود را مسترد داشت تعقیب متروک خواهد شد.
sabt_asnad_amlak_1310	احکام جزایی قانون ثبت اسناد و املاک مصوب 1310	باب ششم- جرائم و مجازات		113	ماده 113- تجدید شکایت از مدعی خصوصی پذیرفته نمی‌شود.
sabt_asnad_amlak_1310	احکام جزایی قانون ثبت اسناد و املاک مصوب 1310	باب ششم- جرائم و مجازات		114	ماده 114- در مورد مواد 105 و 106 و 107 و 108 و 109 (‌به استثنای مورد مذکور در بند ب ماده 108) مجرم علاوه بر مجازات مقرر برای جرم‌کلاه برداری تا موقعی که به وسیله تصدیق حق مدعی خصوصی در اداره ثبت املاک یا به وسائل دیگر خساراتی را که مستقیما بواسطه تقاضای ثبت و صدور سند مالکیت بطرف وارد آورده و مدعی خصوصی به وسیله عرضحال مطالبه نموده و مورد حکم واقع شده جبران ننماید در توقیف خواهد ماند- تعیین میزان خسارت با محکمه است که بجنبه جزائی رسیدکی کرده ولو انیکه عرضحال خسارت از طرف مدعی خصوصی پس از صدور حکم جزائی داده شده باشد- خسارت غیر مستقیم (‌خسارات ناشی از محاکمه) مطابق اصول معموله تعیین و وصول خواهد شد.
sabt_asnad_amlak_1310	احکام جزایی قانون ثبت اسناد و املاک مصوب 1310	باب ششم- جرائم و مجازات		115	ماده 115- هر کس بیکی از اعمال مشروحه در مواد 105 و 106 و 107 و 108 و 109 را قبل از اول اسفند 1308 مرتکب شده و تا اول خرداد 1309 به وسیله تصدیق حق طرف در دفاتر ثبت یا به وسائل دیگر خسارات وارده بر صاحب ملک را جبران ننموده کلاه بردار محسوب شده و علاوه بر‌مجازات مقرر برای این جرم تا موقعی که خسارت وارده بر طرف را مطابق ماده 114 جبران نکرده در توقیف خواهد ماند.
sabt_asnad_amlak_1310	احکام جزایی قانون ثبت اسناد و املاک مصوب 1310	باب ششم- جرائم و مجازات		116	ماده 116- در مورد املاکی که برهن یا بیکی از عناوین مذکوره در ماده 33 انتقال داده شده راهن یا تقاضا دهنده مکلف است حق‌طرف را در ضمن اظهارنامه خود قید نماید در صورتیکه راهن یا انتقال دهنده به این تکلیف عمل ننمود مرتهن یا انتقال‌گیرنده می‌تواند تا یکسال از تاریخ انقضاء مدت حق استرداد یا رهن به وسیله اظهارنامه رسمی حق خود را مطالبه کند- هر گاه در ظرف 10 روز از تاریخ ابلاغ اظهارنامه راهن یا انتقال دهنده حق طرف را نداد کلاه بردار‌محسوب و با رعایت مواد 111 و 112 و 113 مطابق ماده 114 با او رفتار خواهد شد. اگر اخطار قبل ار انقضاء مدت حق استرداد و یا رهن به عمل آمده باشد راهن یا انتقال دهنده وقتی مجرم خواهد بود که در صورت بقاء ملک به ملکیت او حق طرف را تا ده روز پس از ابلاغ اظهارنامه در اداره ثبت تصدیق ننماید و در صورتیکه ملک به ملکیت او باقی نباشد وقتی مجرم محسوب خواهد‌شد که تا ده روز پس از انقضای مدت حق استرداد یا رهن حق مرتهن یا انتقال‌گیرنده را تادیه نکند. تبصره- مرتهن یا انتقال‌گیرنده که در ظرف مدت یک سال اخطار مذکور در فوق را نکرد مادام که مرور زمان منقول شامل طلب او نشده حق مطالبه طلب خود را خواهد داشت.
sabt_asnad_amlak_1310	احکام جزایی قانون ثبت اسناد و املاک مصوب 1310	باب ششم- جرائم و مجازات		117	ماده 117- هر کس به موجب سند رسمی یا عادی نسبت به عین یا منفعت مالی (‌اعم از منقول و یا غیر منقول) حقی به شخص یا اشخاص داده و بعد نسبت به همان عین یا منفعت به موجب سند رسمی معامله یا تعهد معارض با حق مزبور بنماید به حبس با اعمال شاقه از سه تا ده سال محکوم خواهد شد.
sabt_asnad_amlak_1310	احکام جزایی قانون ثبت اسناد و املاک مصوب 1310	باب هفتم- تعرفه و مخارج ثبت اسناد و املاک		118	ماده 118- حقوقی که در اداره ثبت اسناد و املاک و دفاتر رسمی اخذ می‌شود مطابق مواد ذیل خواهد بود:
sabt_asnad_amlak_1310	احکام جزایی قانون ثبت اسناد و املاک مصوب 1310	باب هفتم- تعرفه و مخارج ثبت اسناد و املاک		119	ماده 119- برای ثبت ملک در دفتر املاک علاوه بر مخارج مقدماتی به ازای هر ده هزار ریال (10/000) یک هزار و پانصد(1/500) ریال.
sabt_asnad_amlak_1310	احکام جزایی قانون ثبت اسناد و املاک مصوب 1310	باب هفتم- تعرفه و مخارج ثبت اسناد و املاک		120	ماده 120- حق‌الثبت املاک مطابق نظامنامه وزارت عدلیه باقساط دریافت خواهد شد.
sabt_asnad_amlak_1310	احکام جزایی قانون ثبت اسناد و املاک مصوب 1310	باب هفتم- تعرفه و مخارج ثبت اسناد و املاک		121	ماده 121- حق‌الثبت اسم تجارتی از 400 ریال تا 20.000 ریال است که مطابق نظامنامه وزارت عدلیه اخذ خواهد شد
sabt_asnad_amlak_1310	احکام جزایی قانون ثبت اسناد و املاک مصوب 1310	باب هفتم- تعرفه و مخارج ثبت اسناد و املاک		122	ماده 122- حق‌الثبت شرکت‌ها مطابق قانون ثبت شرکت‌ها و حق‌الثبت شرکت‌های بیمه مطابق قانون مصوب 6 آذر ماه 310 و حق‌الثبت شرکت‌های حمل‌و نقل بحری و هوائی معادل نصف و حق‌الثبت شرکت‌های حمل و نقل بری معادل دو ثلث حق‌الثبتی است که مطابق قانون خرداد 310 برای شرکت‌ها مقرر است. تبصره- حق‌الثبت شرکت‌های حمل و نقل بحری و هوائی مطابق نظامنامه وزارت عدلیه ممکن است باقساط تادیه شود.
sabt_asnad_amlak_1310	احکام جزایی قانون ثبت اسناد و املاک مصوب 1310	باب هفتم- تعرفه و مخارج ثبت اسناد و املاک		123	ماده 123- تعرفه ثبت کلیه اسناد در دفاتر اسناد رسمی به میزان نیم درصد مبلغ مندرج در سند و در موارد اسنادی که موضوع آنها انتقال منافع می باشد هرگاه منافع به طور عمومی انتقال داده شود حق الثبت از منافع ده ساله اخذ خواهدشد. تبصره1- مبنای وصول حق الثبت اسناد و در مورد املاک به شرح بند (ع) ماده (1) قانون نحوه وصول برخی از درآمدهای دولت و مصرف آن در موارد معین مصوب 1373 و در مورد انواع خودروهای سبک و سنگین اعم از سواری و غیرسواری و ماشین آلات راهسازی و کشاورزی و موتورسیکلت اعم از تولید داخل یا وارداتی حسب مورد، ماخذ محاسبه مالیات نقل و انتقال و یا ارزش اعلام شده توسط وزارت امور اقتصادی و دارایی می باشد. تبصره2- حق الثبت اسناد وکالت برای فروش وسایط نقلیه موتوری و ماشین آلات راهسازی و مصرفی و کشاورزی و موتورسیکلت و نظایر آنها مطابق حق الثبت سند قطعی آنها می باشد.ماده
sabt_asnad_amlak_1310	احکام جزایی قانون ثبت اسناد و املاک مصوب 1310	باب هفتم- تعرفه و مخارج ثبت اسناد و املاک		124	ماده 124- حق الثبت اسنادی که تعیین قیمت موضوع آنها ممکن نباشد و انجام گواهی هر امضاء و صدور رونوشت برای هر برگ و فسخ و اقاله معاملات و هر نوع گواهی که از ادارات ثبت گرفته می شود به پنج هزار (5000) ریال افزایش یافته و برای المثنی سند، علاوه بر پانزده هزار (15000) ریال بهای دفترچه دویست و پنجاه هزار (250000) ریال نیز حق الثبت دریافت خواهد شد. کلیه قوانین و مقرراتی که مغایر با این قانون باشد و نیز هرگونه معافیت از حق الثبت به استثناء قانون معافیت کلیه دانشجویان بورسیه و اعضای هیات علمی که جهت تحصیلات عالی یا استفاده از فرصتهای مطالعاتی به خارج از کشور اعزام می گردند از حق الثبت اسناد مربوط به سپردن تعهد رسمی مصوب 2/12/1371 به موجب این قانون لغو می گردد.
sabt_asnad_amlak_1310	احکام جزایی قانون ثبت اسناد و املاک مصوب 1310	باب هفتم- تعرفه و مخارج ثبت اسناد و املاک		125	ماده 125- برای ثبت بروات و حوالجات تجارتی هر هزار ریال 25 دینار اخذ و کسور هزار ریال به منزله هزار ریال حساب می‌شود.
sabt_asnad_amlak_1310	احکام جزایی قانون ثبت اسناد و املاک مصوب 1310	باب هفتم- تعرفه و مخارج ثبت اسناد و املاک		126	ماده 126- از بابت مخارج حرکت بخارج از مقر اداره یا شعبه ثبت ر مورد ثبت املاک علاوه بر مخارج حمل و نقل که به عهده مستدعی ثبت‌است برای مهندسین شبانه‌روزی بیست ریال و برای نماینده هشت ریال دریافت می‌شود.
sabt_asnad_amlak_1310	احکام جزایی قانون ثبت اسناد و املاک مصوب 1310	باب هفتم- تعرفه و مخارج ثبت اسناد و املاک		127	ماده 127- در موقع ثبت عمومی املاک خرده‌مالکین مخارج حرکت و کرایه حمل و نقل به تناسب سهام آنها در املاک گرفته می‌شود.
sabt_asnad_amlak_1310	احکام جزایی قانون ثبت اسناد و املاک مصوب 1310	باب هفتم- تعرفه و مخارج ثبت اسناد و املاک		128	ماده 128- حق الودیعه اسناد و اوراق از بابت هر بسته ممهور ماهی دو ریال است. ‌حق الودیعه ششماهه قبلا اخذ خواهد شد برای اسناد و اوراقی که به طور دائم به اداره ثبت امانت داده می‌شود معادل حق الودیعه بیست سال به طور مقطوع قبلا تادیه خواهد شد.
sabt_asnad_amlak_1310	احکام جزایی قانون ثبت اسناد و املاک مصوب 1310	باب هفتم- تعرفه و مخارج ثبت اسناد و املاک		129	ماده 129- برای دادن سواد مصدق از اسناد ثبت شده برای هر صفحه که نمونه آن را وزارت عدلیه معین می‌نماید ده ریال است- کسر صفحه یک صفحه تمام محسوب می‌شود.
sabt_asnad_amlak_1310	احکام جزایی قانون ثبت اسناد و املاک مصوب 1310	باب هفتم- تعرفه و مخارج ثبت اسناد و املاک		130	ماده 130- برای دادن سواد مصدق از اوراق و اسناد ثبت‌نشده صفحه دوازده ریال گرفته می‌شود کسر صفحه یکصفحه محسوب است.
sabt_asnad_amlak_1310	احکام جزایی قانون ثبت اسناد و املاک مصوب 1310	باب هفتم- تعرفه و مخارج ثبت اسناد و املاک		131	ماده 131- حق‌الاجرای اسناد لازم‌الاجرا نیم عشر و از کسیکه اجرا بر علیه او است اخذ خواهد شد مگر اینکه دائن بدون حق تقاضای اجرا‌نموده باشد که در این صورت نسبت به آن قسمتی که دائن حق نداشته از خود او ماخوذ میکردد. تبصره- هر گاه طرفین پس از صدور اجرائیه و ابلاغ در خارج صلح نمایند یا قرار اقساط بگذارند یا مهلت بدهند یا مدت یکسال اجرائیه را تعقیب نکنند متضامنا مسئول پرداخت نیم عشر خواهند بود و کسی که در نتیجه مسئولیت تضامنی حق اجرا را میپردازد می‌تواند آن را از طرفی که قانوناً مسئول پرداخت حق اجرا می باشد به وسیله اجرا وصول نماید.
sabt_asnad_amlak_1310	احکام جزایی قانون ثبت اسناد و املاک مصوب 1310	باب هفتم- تعرفه و مخارج ثبت اسناد و املاک		132	ماده 132- برای تصدیق صحت هر امضا ده ریال ماخوذ می‌شود.
sabt_asnad_amlak_1310	احکام جزایی قانون ثبت اسناد و املاک مصوب 1310	باب هفتم- تعرفه و مخارج ثبت اسناد و املاک		133	ماده 133- کلیه مخارج و حقوق فوق‌الذکر به استثنای حق‌الاجراء به عهده طرفی است که تقاضای ثبت می‌نماید مگر اینکه بین طرفین متعاهدین‌ترتیب دیگر مقرر شده باشد.
sabt_asnad_amlak_1310	احکام جزایی قانون ثبت اسناد و املاک مصوب 1310	باب هفتم- تعرفه و مخارج ثبت اسناد و املاک		134	ماده 134- سوادهائی که از طرف محاکم و مدعیان عمومی و مستنطقین تقاضا می‌شود از حقوق دولتی معاف خواهد بود ولی در صورتی که‌سوادهای مزبوره را بدون علت و سبب تقاضا کرده باشند علاوه بر مجازات اداری دو برابر حق معمولی از تقاضاکننده اخذ خواهد شد.
sabt_asnad_amlak_1310	احکام جزایی قانون ثبت اسناد و املاک مصوب 1310	باب هفتم- تعرفه و مخارج ثبت اسناد و املاک		135	ماده 135- بر کلیه حقوقی که اداره ثبت به موجب مواد فوق ماخوذ میدارد به استثنای حق‌الاجراء صدی بیست و پنج اضافه می‌شود. ‌عوائد حاصله از صدی بیست و پنج فوق‌الذکر در حساب مخصوصی گذارده شده و سرمایه ذخیره خاصی را تشکیل خواهد داد- سرمایه مزبور‌منحصرا و به ترتیب ذیل بمصرف خواهد رسید: الف- برای تکمیل تشکیلات و توسعه اداره ثبت اسناد و املاک در مملکت منتها سی درصد ب- برای تکمیل تشکیلات عدلیه و توسعه آن در مملکت هفتاد در صد ‌صرف ذخیره فوق‌الذکر در غیر موارد مذکور فوق ممنوع است.
sabt_asnad_amlak_1310	احکام جزایی قانون ثبت اسناد و املاک مصوب 1310	باب هفتم- تعرفه و مخارج ثبت اسناد و املاک		136	ماده 136- در موقع اخذ کلیه حقوقی که اداره ثبت وصول میکند مبلغ‌های کمتر از ده دینار ده دینار اخذ خواهد شد.
sabt_asnad_amlak_1310	احکام جزایی قانون ثبت اسناد و املاک مصوب 1310	باب هشتم- مواد مخصوصه		137	ماده 137- هر یک از مستخدمین ثبت که به عنوان کفالت شغل بالاتری را اشغال نماید حق دارد نصف حقوق رتبه خود و نصف حقوق بودجه مقامی را که متکفل است دریافت دارد مشروط بر اینکه شغل بالاتر نمایندکی- مسئولیت دفتر- مدیریت ضبط- معاونت یا ریاست یکی از شعب یا‌دوائر و ادارات ثبت خارج از مرکز باشد.
sabt_asnad_amlak_1310	احکام جزایی قانون ثبت اسناد و املاک مصوب 1310	باب هشتم- مواد مخصوصه		138	ماده 138- اگر اراضی که قبلا جزء شارع عام یا میدان های عمومی بوده و بدین جهت قابل ثبت نبوده است از شارع یا میدان عمومی بودن خارج و‌جزء املاک خصوصی شهر کردد و یا از طرف بلدیه بدیگری انتقال یابد بلدیه یا مالک جدید می‌تواند نسبت به آن اراضی تقاضای ثبت نماید.
sabt_asnad_amlak_1310	احکام جزایی قانون ثبت اسناد و املاک مصوب 1310	باب هشتم- مواد مخصوصه		139	ماده 139- در هر نقطه که اعلان ثبت عمومی شده و در تاریخ اجرای این قانون موعد مقرر برای تقدیم اظهارنامه‌ها منقضی کردیده و اعلان نوبتی منتشر شده اداره ثبت نسبت به املاکی که اظهارنامه‌های مربوط به آنها عودت داده نشده است اعلانی منتشر و بکسانی که حق تقاضای ثبت دارند‌شصت روز مهلت خواهد داد تا تقاضای ثبت نمایند در مورد اظهارنامه‌هائی که در ظرف مدت مزبور داده می‌شود و یا قبل از این تاریخ ولی در خارج‌از مدت داده شده است مطابق ماده 13 عمل خواهد شد ‌املاکی که نسبت به آنها در مدت مذکور فوق تقاضانامه داده نشود به عنوان مجهول‌المالک اعلان و تابع مقررات مذکور در ماده 12 خواهد بود اگر چه‌قبل از تاریخ اجرای این قانون اداره ثبت آن ملک را در نتیجه تحقیقات خود به اسم اشخاصی اعلان کرده باشد.
sabt_asnad_amlak_1310	احکام جزایی قانون ثبت اسناد و املاک مصوب 1310	باب هشتم- مواد مخصوصه		140	ماده 140- املاکی که قبل از تاریخ اجرای این قانون تقاضای ثبت آنها شده است چنانچه اولین اعلان نوبتی آن ها منتشر شده باشد مطابق مقررات قانون ثبت اسناد و املاک مصوب 21 بهمن ماه 1308 به ثبت خواهد رسید و هرگاه اولین اعلان نوبتی منتشر نشده باشد ثبت ملک بر طبق مقررات‌این قانون به عمل خواهد آمد مگر اینکه تقاضاکننده ثبت تقاضا نماید که اعلانات مطابق قانون فوق‌الذکر بجریان افتد ولی در این صورت نیز فقط انتشار‌اعلان و تحدید حدود بر طبق مقررات قانون سابق بوده و سایر جریانات از اعتراض و غیره تابع مقررات این قانون خواهد بود
sabt_asnad_amlak_1310	احکام جزایی قانون ثبت اسناد و املاک مصوب 1310	باب هشتم- مواد مخصوصه		141	ماده 141- از تاریخ اجرای این قانون کلیه مواعدی که در این قانون معین شده به همان ترتیب که در ماده 17 قانون تسریع محاکمات مقرر است‌محسوب خواهد شد.
sabt_asnad_amlak_1310	احکام جزایی قانون ثبت اسناد و املاک مصوب 1310	باب هشتم- مواد مخصوصه		142	ماده 142- قانون ثبت اسناد و املاک مصوب 21 بهمن ماه 1308 و قانون ثبت اماکن متبرکه و غیره مصوب 29 مهر ماه 1309 نسخ و این قانون از‌اول فروردین ماه 1311 بموقع اجرا گذارده خواهد شد ‌
sabt_asnad_amlak_1310	احکام جزایی قانون ثبت اسناد و املاک مصوب 1310	باب هشتم- مواد مخصوصه		142	ماده 142- (الحاقی) نسبت به املاک مجهول‌المالک و املاکی که درباره آنها تقاضاﻯ ثبت نشده و به ثبت نرسیده باشد و در اجراﻯ قانون اصلاحات ارضی بزارعین واگذار شده یا بشود احتیاج به تقاضاﻯ ثبت از طرف منتقل‌الیه ندارد ثبت محل مکلف است بر طبق انتقالاتی که واقع شده یا می‌شود پرونده‌اﻯ به نام هر یک از خریداران تشکیل داده و اعم از اینکه ملک بصورت مشاع یا مفروز بزارع منتقل شده باشد بدون انتشار آگهی‌هاﻯ نوبتی حصه‌متصرفی را تحدید و بصدور سند مالکیت آن اقدام نماید. این عملیات از پرداخت هر گونه حق‌الثبت و هزینه‌های مقدماتی و بهای سند مالکیت و سایر هزینه‌های مربوط معاف می باشد.
sabt_asnad_amlak_1310	احکام جزایی قانون ثبت اسناد و املاک مصوب 1310	باب هشتم- مواد مخصوصه		143	ماده 143- هرگاه مالکین سابق املاک موضوع ماده 142 بخواهند وجوه تودیع شده و یا قبوض مربوط به بهاﻯ املاک خود را دریافت دارند می‌توانند از‌ثبت محل تقاضاﻯ اخذ ثمن معامله را بنمایند. در این موارد در صورتی که با رسیدگی سابقه مالکیت متقاضی احراز شود درخواست او قبول و مراتب‌ضمن آگهی هاﻯ نوبتی براﻯ اطلاع عموم اعلام و در آن تصریح خواهد شد که هرگاه افرادﻯ پرداخت تمام یا قسمتی از وجوه و قبوض تودیع شده را به شخصی که به نام او آگهی شده از جهت ادعاﻯ مالکیت سابق خود نسبت باصل و یا حدود رقبه مورد انتقال محل حق خود بدانند از تاریخ انتشار اولین‌آگهی تا نود روز اعتراض خود را به ثبت محل تسلیم و یا در صورت وجود دعوﻯ در دادگاه گواهی لازم تحصیل و به ثبت محل تسلیم نمایند با انقضاء‌مهلت مقرر در صورتی که اعتراض و یا گواهی طرح دعوﻯ تسلیم نشده باشد در پرداخت وجوه و تسلیم قبوض مربوط اقدام می‌شود و در غیر اینصورت پس از تعیین تکلیف از طریق مراجع قضائی طبق رأﻯ صادر عمل خواهد شد. در این موارد مقررات مواد (16)- (17)- (18) و (19) قانون ثبت لازم‌الرعایه است. ‌تبصره 1- عملیات ثبتی مربوط به اجراﻯ این قانون از هزینه اضافی مذکور در ماده 12 قانون ثبت معاف خواهد بود و از متقاضی بر اساس جمع اقساط تبدیل شده به نقد حق ثبت و هزینه مقدماتی دریافت می گردد. تبصره 2- قبل از قبول تقاضاﻯ موضوع این ماده تسلیم قبوض سپرده شده ولو با اخذ تأمین ممنوع است و پس از قبول تقاضا در صورت وصول‌اعتراض تسلیم قبوض سپرده موکول به پرداخت هزینه‌هاﻯ ثبتی و اخذ ضامن معتبر خواهد بود. در مواردﻯ که قبل از قبول تقاضاﻯ متقاضی قبوض سپرده با اخذ تأمین تسلیم او شده باشد رفع اثر از تأمین مأخوذه موکول بتصدیق مالکیت متقاضی‌نسبت به ثمن معامله و پرداخت هزینه‌هاﻯ ثبتی خواهد بود. ‌
sabt_asnad_amlak_1310	احکام جزایی قانون ثبت اسناد و املاک مصوب 1310	باب هشتم- مواد مخصوصه		144	ماده 144- با اجراﻯ مقررات اصلاحات ارضی نسبت به هر ملک تحدید حدود قطعات مورد تصرف زارعین و یا سهم اختصاصی مالک در صورت‌تقسیم و یا مستثنیات قانون اصلاحات ارضی فقط با انتشار آگهی الصاقی پس از استعلام از اداره تعاون و امور روستاهاﻯ محل انجام می گیرد. هرگاه‌املاک مشمول مقررات اصلاحات ارضی متصل بهم باشند می‌توان تحدید حدود قطعات را ضمن یک آگهی الصاقی انجام داد در مواردﻯ که مجاور ملک‌از املاک جزء اموال عمومی باشد وقت تحدید حدود باید به مرجع صالح ابلاغ شود. عدم حضور نماینده اداره تعاون و امور روستاها و یا نماینده سایر‌مراجع صالح مانع انجام تحدید حدود نخواهد بود. ‌تبصره 1- عدم حضور مالک قطعه مورد تحدید یا نماینده او مانع انجام تحدید حدود نخواهد بود در این صورت تحدید حدود با معرفی مجاور یا معتمدین و مطلعین محل انجام می گیرد. تبصره 2- اجراﻯ مقررات این ماده به موجب آئین‌نامه وزارت دادگسترﻯ خواهد بود. ‌
sabt_asnad_amlak_1310	احکام جزایی قانون ثبت اسناد و املاک مصوب 1310	باب هشتم- مواد مخصوصه		145	ماده 145- در مرکز هر استان یا فرمانداریکل به موجب آئین‌نامه مصوب وزارت دادگسترﻯ و وزارت تعاون و امور روستاها هیأتی به نام هیأت تشخیص براﻯ انجام وظایف زیر تشکیل می‌شود: ‌الف- در تحدید حدود قطعات تقسیم شده بین زارعین و یا قطعات اختصاصی مالک یا مستثنیات قانونی اصلاحات ارضی در صورت وصول اعتراض‌یا وجود اختلاف رسیدگی بموضوع و رفع اختلاف و تعیین تکلیف قطعی آن مدت اعتراض بر حدود اعم از اینکه معترض متصرف قطعه مورد تحدید یا مجاور آن باشد از تاریخ تحدید حدود قطعه مورد اعتراض تا سی روز پس از ختم عملیات تحدید حدود آخرین قطعه ملک مورد آگهی خواهد بود‌اعتراضات واصله از طریق ثبت محل به هیأت تسلیم می‌گردد. ب- رسیدگی و صدور دستور مقتضی در مورد هر گونه اشتباهی که در آگهی الصاقی یا عملیات تحدیدﻯ املاکی که طبق ماده 144 این قانون انجام‌می‌گیرد. ج- تشخیص و تعیین قائم مقام قانونی زارع انتقال گیرنده در صورتیکه انتقال گیرنده فوت کرده و یا طبق مقررات اصلاحات ارضی از او خلع ید شده‌باشد. د- تشخیص نوع اعیانی زارعی و تعیین مالک آن و همچنین تشخیص مستثنیات قانونی بر اساس مقررات اصلاحات ارضی براﻯ اراضی مکانیزه و‌تعیین مالک آن در صورت وجود اختلاف. ‌
sabt_asnad_amlak_1310	احکام جزایی قانون ثبت اسناد و املاک مصوب 1310	باب هشتم- مواد مخصوصه		146	ماده 146- در مورد املاکی که قبل از اجراﻯ این قانون قسمتی به طور مشاع و قسمتی به طور مفروز درخواست ثبت شده و قسمت مفروز در تصرف‌بلامنازع متقاضی ثبت یا قائم مقام او باشد موضوع در هیأت نظارت طرح و طبق تشخیص هیأت مزبور درخواست ثبت مفروز ابقاء و اظهارنامه سهام‌مشاعی با تفکیک قسمتهاﻯ مفروز اصلاح می‌شود و عملیات ثبت قسمتهاﻯ مشاع و مفروز بدون احتیاج به تجدید آگهیهاﻯ نوبتی ادامه مییابد. در مورد املاکی که قبل از اجراﻯ این قانون بسهام مشاعی درخواست ثبت شده ولی عملاً تمام یا قسمتی از ملک بصورت مفروز در تصرف بلامنازع‌تمام یا بعضی از متقاضیان ثبت یا قائم مقام قانونی آنان درآمده باشد در صورت تقاضاﻯ هر یک از متقاضیان موضوع در هیأت نظارت طرح و بر طبق‌تشخیص و رأﻯ هیأت مزبور درخواستهاﻯ ثبت سهام مشاعی که بصورت مفروز در تصرف بلامنازع متقاضی ثبت یا ایادﻯ متلقاﻯ از او باشد بصورت و با حدود مفروز اصلاح و قسمتهاﻯ مفروزاز اصل ملک تفکیک و اظهارنامه سایر متقاضیان ثبت مشاعی اصلاح می‌شود و عملیات ثبت‌درخواستهائی که بصورت مشاع باقی میماند بدون احتیاج بتجدید آگهیهاﻯ نوبتی ادامه مییابد و جریان ثبت قسمتهاﻯ مفروز با انتشار آگهیهاﻯ‌نوبتی شروع می گردد درخواست احاله کار به هیأت نظارت بر طبق این ماده فقط تا سه سال از تاریخ اجراﻯ این قانون مجاز خواهد بود و رسیدگی هیأت‌نظارت نیز در صورتی جائز است که هیچیک از درخواست هاﻯ ثبت سهام مشاعی منتهی به ثبت در دفتر املاک نشده باشد و موضوع نیز مسبوق بطرح‌و رسیدگی در مراجع قضائی نباشد.
sabt_asnad_amlak_1310	احکام جزایی قانون ثبت اسناد و املاک مصوب 1310	باب هشتم- مواد مخصوصه		147	ماده 147- برای تعیین وضع ثبتی اعیان املاکی که اشخاص تا تاریخ 1370/1/1 بر روی زمینهایی ایجاد نموده‌اند که به واسطه موانع قانونی تنظیم سند رسمی برای آنها میسور نبوده است، همچنین تعیین وضع ثبتی اراضی کشاورزی و نسق‌های زراعی و باغات اعم از شهری و غیر شهری و اراضی خارج‌از محدوده شهر و حریم آن که مورد بهره‌برداری متصرفین است و اشخاص تا تاریخ فوق خریداری نموده‌اند و به واسطه موانع قانونی تنظیم سند یا صدور سند مالکیت برای آنها میسور نبوده است به شرح زیر تعیین تکلیف می‌شود. 1- در صورتی که بین متصرف و مالک توافق بوده پس از احراز تصرف بلامنازع متصرف توسط کارشناس منتخب اداره ثبت و نداشتن معترض رئیس ثبت دستور ادامه عملیات ثبتی را به نام متصرف به منظور صدور سند مالکیت خواهد داد. 2- هر گاه انتقال (‌اعم از رسمی یا عادی) به نحو مشاع و تصرف بصورت مفروز بوده و بین متصرف و مالک مشاعی توافق باشد پس از کارشناسی و‌تهیه نقشه کلی ملک و انعکاس قطعه مورد تصرف در آن و احراز تصرف بلامنازع مشروط بر اینکه مقدار تصرف از سهم فروشنده در کل ملک بیشتر‌نباشد و سایر مالکین هم مراتب را تأیید کنند رئیس ثبت دستور تعیین حدود و حقوق ارتفاقی مورد تقاضا و باقیمانده را به منظور صدور سند مالکیت مفروزی خواهد داد والا عملیات ثبتی بصورت مشاع ادامه می‌یابد و در صورت عدم دسترسی به مالکین مشاعی یا وصول اعتراض مراتب به هیأت حل اختلاف موضوع ماده 2 این قانون ارجاع می‌شود. 3- در مورد مناطقی نظیر مازندران که غالباً مالک عرصه و اعیان جدا از هم بوده و مورد معامله اکثراً اعیان ملک می‌باشد و آخرین منتقل‌الیه متقاضی سند مالکیت است هیأت موضوع ماده 2 به اینگونه تقاضاها رسیدگی نموده در صورت احراز واقع و توافق طرفین طبق بند 1 این ماده عمل، والا با حفظ‌حقوق مالک عرصه رأی بر صدور سند مالکیت اعیان طبق عرف محل خواهد داد. 4- اگر متصرف نتواند سند عادی مالکیت خود را ارائه نماید هیأت موضوع ماده 2 با رعایت کلیه جوانب به موضوع رسیدگی در صورتی که هیأت توافق طرفین را احراز و مدعی بلامعارض باشد مراتب را برای صدور سند مالکیت به اداره ثبت محل اعلام می‌نماید. 5- چنانچه بین اشخاص در تصرف اختلاف باشد یا اعتراض برسد و یا اتخاذ تصمیم برای رئیس ثبت مقدور نباشد و همچنین در صورتی که مالک عرصه، اوقاف یا دولت یا شهرداری باشد موضوع به هیأت حل اختلاف موضوع ماده 2 این قانون ارجاع می‌شود. 6- در مواردی که متصرف با در دست داشتن سند عادی تقاضای سند رسمی دارد موضوع به هیأت حل اختلاف موضوع ماده 2 این قانون ارجاع می‌شود، هیأت رسیدگی نموده و پس از احراز تصرف مالکانه متقاضی، مراتب را به اداره ثبت اعلام تا در دو نوبت بفاصله پانزده روز به نحو مقتضی آگهی نماید در صورتیکه ظرف دو ماه از تاریخ انتشار اولین آگهی اعتراض واصل شود معترض به دادگاه صالح هدایت می‌شود و اقدامات ثبت موکل به‌ارائه حکم قطعی دادگاه خواهد بود، چنانچه اعتراض نرسد اداره ثبت طبق مقررات سند مالکیت را صادر خواهد کرد، صدور سند مالکیت جدید مانع‌مراجعه متضرر به دادگاه نخواهد بود. 7- در صورتی که مساحت قطعات متصرفی در باغها، کمتر از میزان مقرر در ضوابط ابلاغی- حسب مورد به وسیله وزارت مسکن وشهرسازی یا‌وزارت کشاورزی- باشد و با رعایت مقررات تبصره (1) ماده (4) قانون حفظ و گسترش فضای سبز و جلوگیری از قطع بی‌رویه درخت- مصوب1352- مشمول این قانون نخواهد بود. ‌تبصره 1- چنانچه توافق مالکین مشاع در تصرف مفروز مورد تأیید هیأت قرار نگیرد سند مالکیت به نحو مشاع بر اساس مفاد بند الف و سایر مقررات‌ثبت صادر خواهد شد. ‌تبصره 2- در صورتیکه متصرف نتواند سند عادی مالکیت خود را ارائه نماید هیأت با رعایت کلیه جوانب به موضوع رسیدگی در صورتیکه متصرف مدعی بلا‌معارض باشد و یا هیأت توافق طرفین را احراز نماید مراتب را برای صدور سند به اداره ثبت محل اعلام می‌نماید و در غیر اینصورت‌موضوع به دادگاه ارجاع می‌شود. ‌تبصره 3- در مواردیکه متصرف ملک با در دست داشتن سند عادی تقاضای سند رسمی داشته باشد و مالک یا مالکین به هر علت حضور نیابند این‌هیأت رسیدگی و پس از احراز تصرف مالکانه متقاضی مراتب را به اداره ثبت اعلام و اداره ثبت موضوع را در دو نوبت به فاصله 15 روز به نحو مقتضی‌آگهی می‌نماید در صورتیکه ظرف دو ماه از تاریخ انتشار اولین آگهی اعتراضی از طرف مالک یا مالکین واصل شود موضوع به دادگاه صالح احاله می گردد و در صورت عدم وصول اعتراض اداره ثبت طبق مقررات سند مالکیت صادر خواهد کرد. صدور سند مالکیت جدید مانع مراجعه متضرر به‌دادگاه نخواهد بود. تبصره 4- در صورتیکه ساختمان کلاً یا جزئاً در اراضی موقوفه احداث شده باشد هیأت با موافقت متولی منصوص و اطلاع اداره اوقاف و رعایت مفاد‌و رعایت مفاد وقفنامه و با موافقت متولی منصوص و اطلاع اداره اوقاف و رعایت مفاد وقفنامه و در صورتیکه متولی نداشته باشد با موافقت اداره‌اوقاف و با رعایت مفاد وقفنامه و مصلحت موقوف علیهم و با در نظر گرفتن جمیع جهات نسبت به تعیین اجرت زمین اقدام و در رأی صادره تکلیف‌اداره ثبت را نسبت به مورد برای صدور سند مالکیت کل یا جزء اعیان با قید اجرت زمین مقرره معین خواهد کرد. ‌تبصره 5- نسبت به درخواستهائیکه طبق مواد 147، 148، 148، مکرر این قانون ثبت و ماده قانون متمم قانون ثبت در موعد مقرر تسلیم هیأتهای مذکور در این مواد شده و منتهی به صدور رأی نگردیده بر طبق این قانون رسیدگی خواهد شد. ‌تبصره 6- ادارات ثبت مکلفند از تاریخ لازم‌الاجرء شدن این قانون حداکثر ظرف مدت 3 ماه با نشر آگهی در روزنامه کثیرالانتشار محل یا نزدیک به‌محل و الصاق آگهی در اماکن و معابر عمومی مراتب را به اطلاع سازندگان ساختمانهای موضوع این قانون برسانند که ظرف مدت یکسال از تاریخ انتشار آگهی می‌توانند درخواست خود را به ضمیمه رونوشت مصدق مدارک در قبال اخذ رسیده به اداره ثبت محل تسلیم نمایند. تبصره 7- کلیه درخواستهای واصله به ادارات ثبت باید علاوه بر ثبت در دفتر اداره در دو دفتر دیگری که به این منظور تهیه خواهد گردید ثبت و پس از‌انقضاء مدت مقرر در تبصره 1 یکی از آن دو دفتر به سازمان ثبت ارسال خواهد شد. ‌تبصره 8- ترتیب تشکیل جلسات، نحوه رسیدگی هیأت ها و چگونگی انتخاب کارشناس رسمی دادگستری و موارد دیگر اجرائی مذکور در این قانون‌مطابق آئیننامه‌ای خواهد بود که با پیشنهاد سازمان ثبت اسناد و املاک کشور بتصویب وزیر دادگستری میرسد.
sabt_asnad_amlak_1310	احکام جزایی قانون ثبت اسناد و املاک مصوب 1310	باب هشتم- مواد مخصوصه		148	ماده 148- در هر حوزه ثبتی هیأت یا هیأتهایی به عنوان هیأت حل اختلاف در ثبت تشکیل می‌شود. اعضاء این هیأت عبارتند از یکی از قضات دادگستری به انتخاب رئیس قوه قضائیه و رئیس ثبت یا قائم مقام وی و یک نفر خبره ثبتی به انتخاب رئیس سازمان ثبت اسناد و املاک کشور. ‌نحوه تشکیل جلسات و اختیارات هیأت و سایر موارد اجرائی آن مطابق آئین‌نامه این قانون خواهد بود. هیأت مذکور می‌تواند برای کشف واقع از خبرگان امور ثبتی استفاده کند و همچنین با تحقیقات و یا استماع گواهی شهود رأی خود را صادر نماید، رأی مذکور به وسیله ثبت محل به طرفین ابلاغ می‌شود در صورت عدم وصول اعتراض ظرف بیست روز از تاریخ ابلاغ رای، ادارات ثبت مکلف به اجرای آن می‌باشند در صورت وصول اعتراض معترض به دادگاه هدایت می‌شود، رسیدگی به این اعتراضات در دادگاه خارج از نوبت خواهد بود. تبصره 1- هیأتها مکلفند حداکثر ظرف سه سال از تاریخ ارجاع رأی خود را صادر نمایند. تبصره 2- در صورتیکه اعیان کلا یا جزئاً در اراضی موقوفه احداث شده باشد هیأت با موافقت متولی مخصوص و اطلاع اداره اوقاف و رعایت مفاد وقفنامه و در صورتیکه متولی نداشته باشد تنها با موافقت اداره اوقاف رعایت مفاد وقفنامه و مصلحت موقوف علیهم و با در نظر گرفتن جمیع جهات نسبت به تعیین اجرت زمین اقدام و در رأی صادره تکلیف اداره ثبت را نسبت به مورد برای صدور سند مالکیت کل یا جزء اعیان با قید اجرت زمین مقرر و معین خواهد کرد. تبصره 3- در مورد آن دسته از متقاضیان که مستحدثات و بنا متعلق به آنها در اراضی دولت یا شهرداریها ایجاد شده باشد هیأت پس از دعوت از نماینده مرجع ذی ربط و احراز واقع، به شرح زیر رای به انتقال ملک صادر می‌نماید: الف- در مورد واحدهای مسکونی احداثی، چنانچه متقاضی واجد شرایط باشد (‌فاقد واحد مسکونی یا زمین متناسب با کاربری مسکونی قابل‌ساختمان) تا مساحت (250) مترمربع زمین به قیمت تمام شده و نسبت به مازاد (250) مترمربع تا سقف (1000) مترمربع به قیمت عادله روز. ب- تمامی مستحدثات غیرمسکونی کل عرصه به قیمت عادله روز. ج- هرگاه متقاضی واجد شرایط نباشد، کل عرصه مورد تصرف به قیمت عادله روز. ‌د- تصرفات مازاد (1000) مترمربع در صورتی که دارای تاسیسات ساختمانی متناسب باشد کلا به بهای عادله روز و در غیر این صورت، متصرف‌براساس مقررات، مکلف به خلع ید و رفع تصرف خواهد بود. ه-- اراضی تصرف شده واقع در محدوده قانونی و حریم استحفاظی شهرهای‌بزرگ با جمعیت دویست هزار نفر و بیشتر (‌موضوع بند الف) مشروط بر این که متصرف واجد شرایط مندرج در بند (‌الف) باشد تا میزان دویست متر مربع به قیمت منطقه‌ای (‌تقویم دولتی) و مازاد بر آن و همچنین افرادی که فاقد شرایط بند ( الف) مذکور باشند و‌مشمولان جزء اول بند (‌د) به بهای کامل کارشناسی روز ارجاع امر به کارشناسی. تقویم بهای کارشناسی روز و تعیین زمان ساخت بنا به عهده کارشناس واجد شرایط می‌باشد. درصورت اعتراض هر یک از طرفین به نظریه کارشناس، هیأت حل اختلاف به تقاضای معترض، گروهی مرکب از سه کارشناس از بین کارشناسان واجد شرایط انتخاب و‌معرفی می‌نماید. نظر اکثریت این گروه قطعی است. پرداخت هزینه کارشناسی، در مرحله اول، به عهده متصرف و هزینه گروه‌کارشناسی به عهده معترض می‌باشد. تبصره 1- متصرفان موضوع این قانون فقط برای یک پرونده متشکله در ادارات‌ثبت اسناد و املاک می‌توانند از مزایای مندرج در این بند استفاده نمایند. تبصره 2- درصورتی که از تاریخ ارجاع امر به کارشناس تا تاریخ واریز بهای تعیین‌شده توسط متقاضی بیش از یک سال بگذرد کارشناسی تجدید خواهد شد. تبصره 3- کاهش درآمد دولت از تغییر قیمت اراضی از کارشناسی روز به قیمت منطقه‌ای از محل تقلیل میزان دویست و پنجاه متر مربع به دویست متر مربع و درآمد حاصله از نقل و انتقال این گونه املاک تأمین خواهد شد. و- هیأتها باید قیمت تمام شده زمین (‌شامل بهای منطقه‌ای و سایر هزینه‌ها) و واجد شرایط بودن یا نبودن متقاضی را از سازمان مسکن و شهرسازی‌استان استعلام نمایند و درصورت موافقت دستگاه صاحب زمین سند انتقال را به نام متصرف صادر نماید. ز- قیمت عادله زمین موضوع این تبصره به وسیله کارشناس رسمی دادگستری و در صورت نبودن کارشناس رسمی، توسط خبره محلی به انتخاب هیأت، تعیین خواهد شد. ح- در تمامی موارد بالا، چنانچه اراضی مورد تصرف در معابر و کاربریهای خدماتی عمومی بستر رودخانه‌ها و حریم آنها و خطوط فشارقوی برق قرار‌داشته باشد در صورتی که تصرف متصرف قانونی نباشد و خطوط فشار قوی قبل از تصرف وی ایجاد شده باشد، از شمول این قانون مستثنی می‌باشد. ط- به منظور جلوگیری از تصرفات غیرقانونی اشخاص در اراضی دولتی و شهرداریها، تنها تصرفاتی معتبر شناخته می‌شود که تا تاریخ 1/1/1370‌احداث مستحدثات و بنا شده باشد. ی- آئین‌نامه اجرائی این تبصره ظرف مدت دو ماه به وسیله وزیر دادگستری و با هماهنگی وزیر مسکن و شهرسازی و سازمان ثبت اسناد و املاک‌کشور تهیه و به تصویب هیأت وزیران می‌رسد. ‌تبصره 4- چنانچه ملک سابقه ثبت نداشته باشد و متقاضی به عنوان مالک متصرف است و هیأت به موضوع رسیدگی و نظر خود را جهت تنظیم اظهارنامه به واحد ثبتی ابلاغ کند ثبت مکلف است پس از تنظیم اظهارنامه مراتب را ضمن اولین آگهی نوبتی موضوع ماده 59 آئین‌نامه قانون ثبت به‌اطلاع عموم برساند، تحدید حدود این قبیل املاک با در خواست متقاضی بصورت تحدید حدود اختصاصی انجام می‌شود. تبصره 5- اگر ملک در جریان ثبت باشد و سابقه تحدید حدود نداشته باشد واحد ثبتی طبق قسمت اخیر تبصره 4 اقدام خواهد نمود. تبصره 6- در صورتی که ملک قبلا ثبت دفتر املاک شده و طبق مقررات این قانون یا رأی هیأت می‌بایست سند مالکیت به نام متصرف صادر گردد،‌مراتب در ملاحظات دفتر املاک قید و در دفتر املاک جاری به نام متصرف حسب مورد ثبت خواهد شد. تبصره 7- رسیدگی به تقاضای اتباع بیگانه مستلزم رعایت تشریفات آئین‌نامه استملاک اتباع خارجه در ایران است. تبصره 8- چنانچه در خلال رسیدگی محرز گردید که مورد تقاضا جزو حوزه ثبتی دیگری است و متقاضی اشتباهاً تقاضای خود را تسلیم نموده است تقاضا به واحد ثبتی مربوط ارسال می‌شود که حسب مورد در ردیف هم عرض مورد تقاضا رسیدگی می‌شود.
sabt_asnad_amlak_1310	احکام جزایی قانون ثبت اسناد و املاک مصوب 1310	باب هشتم- مواد مخصوصه		148	ماده 148- (مکرر) الف- در مورد ماده قبل و ماده 4 قانون متمم قانون ثبت اسناد و املاک مصوب سال 1354 وجود سند عادی انتقال زمین از طرف‌متقاضی ثبت یا قائم مقام او همچنین انتقال ملک به موجب سند عادی یا رسمی به نحو مشاع و تصرف به نحو مفروز و یا انتقال از طرف بعضی از‌مالکین مشاعی مانع رسیدگی هیئت‌های مذکور در ماده 148 قانون اصلاح قانون ثبت اسناد و املاک مصوب سال 1351 و ماده 4 قانون متمم قانون ثبت‌مصوب سال 1354 نخواهد بود. در صورت وجود سند انتقال بمیزان سهم انتقال دهنده موجبی برای محکومیت صاحب اعیان به پرداخت قیمت‌عرضه یا اجرت‌المثل نخواهد بود. ‌تبصره- در صورتیکه سند عادی مورد تردید یا انکار یا ادعای جعل واقع شود هیئت طرفین را به مرجع قضائی هدایت می کند. دادگاه طبق قسمت اخیر ماده 147 قانون اصلاح قانون ثبت اسناد و املاک رسیدگی و حکم مقتضی صادر خواهد کرد. ب- مهلت مقرر در تبصره یک ماده 148 قانون اصلاح قانون ثبت اسناد و املاک مصوب سال 1351 و تبصره یک ماده 4 قانون متمم قانون ثبت اسناد و املاک کشور مصوب سال 1354 از تاریخ اجرای این قانون سه سال تمدید می‌شود. ج- وزارت دادگستری می‌تواند از تاریخ تصویب این قانون ظرف سه سال اجرای مقررات ماده 148 قانون اصلاح قانون ثبت اسناد و املاک و ماده 4‌قانون متمم قانون ثبت اسناد و املاک و مفاد بند الف این قانون را در نقاط دیگر کشور که شرایط مشابهی با شهرهای مندرج در مواد فوق‌الذکر داشته‌باشند به کمیسیونهای دادگستری مجلسین پیشنهاد نماید. ‌کمیسیون‌های دادگستری مجلسین مهلت‌های تقدیم دادخواست را در هر مورد که حداکثر سه سال خواهد بود تعیین می‌نماید.
sabt_asnad_amlak_1310	احکام جزایی قانون ثبت اسناد و املاک مصوب 1310	باب هشتم- مواد مخصوصه		149	ماده 149- نسبت به ملکی که با مساحت معین مورد معامله قرار گرفته باشد و بعداً معلوم شود اضافه مساحت دارد ذی نفع می‌تواند قیمت اضافی را بر‌اساس ارزش مندرج در اولین سند انتقال و سایر هزینه‌هاﻯ قانونی معامله بصندوق ثبت تودیع و تقاضاﻯ اصلاح سند خود را بنماید. در صورتیکه اضافه مساحت در محدوده سند مالکیت بوده و بمجاورین تجاوزﻯ نشده و در عین حال بین مالک و خریدار نسبت باضافه مذکور‌قرارﻯ داده نشده باشد اداره ثبت سند را اصلاح و به ذی نفع اخطار می‌نماید تا وجه تودیعی را از صندوق ثبت دریافت دارد- عدم مراجعه فروشنده براﻯ‌دریافت وجه در مدتی زائد بر ده سال از تاریخ اصلاح سند اعراض محسوب و وجه به حساب درآمد اختصاصی ثبت واریز می‌شود. تبصره- در مواردﻯ که تعیین ارزش اضافه مساحت میسر نباشد ارزش اضافه مساحت در زمان اولین معامله به وسیله ارزیاب ثبت معین خواهد شد.
sabt_asnad_amlak_1310	احکام جزایی قانون ثبت اسناد و املاک مصوب 1310	باب هشتم- مواد مخصوصه		150	ماده 150- هرگاه نسبت به ملکی از طرف مالک یا قائم مقام او تقاضاﻯ تفکیک شود این تقاضا به اداره ثبت ارسال می گردد و در تقاضانامه باید ارزش‌مورد تفکیک بر اساس ارزش معاملاتی روز تعیین شود و هزینه تفکیکی از طرف ذی نفع بر اساس مبلغ مزبور قبلاً پرداخت گردد. مبناﻯ وصول هزینه‌تفکیک ارزش معاملاتی روز خواهد بود هر چند بهاﻯ معامله بیش از ارزش معاملاتی روز باشد.
sabt_asnad_amlak_1310	احکام جزایی قانون ثبت اسناد و املاک مصوب 1310	باب هشتم- مواد مخصوصه		151	ماده 151- حق‌الثبت املاک و حقوق اجرائی و هزینه تفکیک و حق‌الثبت اسناد رسمی و سایر درآمدهای ثبتی به حساب بانکی که از طرف ثبت کل اسناد و املاک تعیین می‌شود پرداخت می گردد و رویه الصاق و ابطال تمبر در این موارد ملغی است.
sabt_asnad_amlak_1310	احکام جزایی قانون ثبت اسناد و املاک مصوب 1310	باب هشتم- مواد مخصوصه		152	ماده 152- ثبت کل می‌تواند در هر شهرستانی که مقتضی بداند براﻯ انجام امور ثبتی از قبیل امور مربوط به املاک و اجراﻯ اسناد و حسابدارﻯ واحد یا واحدهاﻯ ثبتی مرکب از یک یا چند بخش تشکیل دهد.
sabt_asnad_amlak_1310	احکام جزایی قانون ثبت اسناد و املاک مصوب 1310	باب هشتم- مواد مخصوصه		153	ماده 153- تودیع وجوه سپرده در حساب مخصوص ودایع ثبتی شعب بانک ملی پس از اعلام ثبت مجاز است و محتاج بتودیع آن در صندوق حسابداری ثبت نخواهد بود.
sabt_asnad_amlak_1310	احکام جزایی قانون ثبت اسناد و املاک مصوب 1310	باب هشتم- مواد مخصوصه		154	ماده 154- (اصلاحی 1365) ‌دادگاه‌ها و ادارات ثبت اسناد و املاک باید طبق نقشه تفکیکی که به تأیید شهرداری محل رسیده باشد نسبت به افراز و تفکیک کلیه اراضی واقع در محدوده شهرها و حریم آنها اقدام نمایند و شهرداریها مکلفند بر اساس ضوابط طرح جامع تفضیلی یا هادی و دیگر ضوابط مربوط به شهرسازی نسبت‌به نقشه ارسالی از ناحیه دادگاه یا ثبت ظرف دو ماه اظهار نظر و نظریه کتبی را ضمن اعاده نقشه به مرجع ارسال‌کننده اعلام دارند در غیر اینصورت دادگاه‌ها و ادارات ثبت نسبت به افراز و تفکیک رأساً اقدام خواهند نمود.
sabt_asnad_amlak_1310	احکام جزایی قانون ثبت اسناد و املاک مصوب 1310	باب هشتم- مواد مخصوصه		155	ماده 155- ثبت کل مکلف است پس از تحصیل اعتبار ترتیب بایگانی اسناد و مدارک و پرونده‌هاﻯ ثبتی را با تنظیم آئین‌نامه خاص به منظور تسریع کار و یکنواخت کردن و ساده نمودن امور در بایگانی تغییر دهد.
sabt_asnad_amlak_1310	احکام جزایی قانون ثبت اسناد و املاک مصوب 1310	باب هشتم- مواد مخصوصه		157	ماده 157- آیین‌نامه‌هاﻯ اجرائی این قانون را وزارت دادگسترﻯ تهیه و تصویب خواهد کرد. چون به موجب قانون دوم آبان ماه 1310 «وزیر عدلیه مجار است کلیه لوایح قانونی را که بمجلس شورای ملی پیشنهاد می‌نماید پس از تصویب کمسیون قوانین عدلیه به موجب اجرا گذارده و پس از آزمایش آنها در عمل نواقصی را که در ضمن جریان ممکن است معلوم شود رفع و قوانین‌مزبوره را تکمیل نموده ثانیا برای تصویب بمجلس شورای ملی پیشنهاد نماید» علیهذا (‌قانون ثبت اسناد و املاک) مشتمل بر یک صد و چهل و دو ماده که در تاریخ بیست و ششم اسفند ماه یکهزار و سیصد و ده شمسی به تصویب کمسیون قوانین عدلیه مجلس شورای ملی رسیده قابل‌اجراست
