law_code	law_name	section	chapter	article_number	text
aeename-bimeh	آیین‌نامه بیمه	بخش اول- آیین‌­نامه اجرایی ماده (3) قانون بیمه اجباری خسارات وارد شده به شخص ثالث در اثر حوادث ناشی از وسایل نقلیه		1	ماده 1- در این آییننامه اصطلاحات زیر در معانی مشروح مربوط به کار میروند و سایر اصطلاحات مندرج در این آیین­نامه، تابع تعاریف مندرج در قانون بیمه اجباری خسارات وارد شده به شخص ثالث در اثر حوادث ناشی از وسایل نقلیه - مصوب 1395- است: الف - قانون: قانون بیمه اجباری خسارات وارد شده به شخص ثالث در اثر حوادث ناشی از وسایل نقلیه - مصوب 1395- . ب - بیمه­گذار: دارنده وسیله نقلیه (اعم از مالک یا متصرف)هر کدام که بیمه­نامه موضوع این آیین­نامه را تحصیل کند، بیمه­گذار محسوب و تکلیف از دیگری ساقط می­شود. پ - بیمهگر: شرکت بیمهای که مجوز فعالیت در رشته بیمه حوادث را از بیمه مرکزی دریافت کرده باشد و مشخصات آن در بیمهنامه درج گردیده و در ازای دریافت حق بیمه، جبران خسارت بدنی ناشی از حوادث تحت پوشش را طبق قانون و این آییننامه به عهده میگیرد. ت - راننده مسبب حادثه: فردی که بر اثر وقوع هر یک از حوادث موضوع این آییننامه دچار خسارت بدنی شده و شخص ثالث محسوب نشود.
aeename-bimeh	آیین‌نامه بیمه	بخش اول- آیین‌­نامه اجرایی ماده (3) قانون بیمه اجباری خسارات وارد شده به شخص ثالث در اثر حوادث ناشی از وسایل نقلیه		2	ماده 2- دارنده وسیله نقلیه مکلف است همزمان با خرید بیمهنامه شخص ثالث برای پوشش خسارتهای بدنی که در اثر حوادث موضوع این آییننامه به راننده مسبب حادثه وارد می­شود، حداقل به میزان دیه مرد مسلمان در ماه غیرحرام بیمه حوادث راننده اخذ کند. تبصره - زمان شروع و پایان مدت بیمه مذکور باید با زمان شروع و پایان مدت بیمه اجباری خسارات وارد شده به شخص ثالث یکسان باشد.
aeename-bimeh	آیین‌نامه بیمه	بخش اول- آیین‌­نامه اجرایی ماده (3) قانون بیمه اجباری خسارات وارد شده به شخص ثالث در اثر حوادث ناشی از وسایل نقلیه		3	ماده 3- بیمهگر موظف است در ازای دریافت حق بیمه مربوط، همزمان با صدور بیمهنامه شخص ثالث، بیمه­نامه حوادث راننده را با رعایت این آییننامه صادر نماید.
aeename-bimeh	آیین‌نامه بیمه	بخش اول- آیین‌­نامه اجرایی ماده (3) قانون بیمه اجباری خسارات وارد شده به شخص ثالث در اثر حوادث ناشی از وسایل نقلیه		4	ماده 4- میزان تعهد بیمهگر در هر حادثه برای جبران خسارت فوت، معادل مبلغ مندرج در بیمهنامه که حداقل به میزان دیه مرد مسلمان در ماه غیرحرام خواهد بود و برای جبران خسارت جرح و یا صدمه بدنی، برابر با حاصل ضرب درصد دیه یا ارش تعیین شده در مبلغ مندرج در بیمهنامه است. هزینه معالجه بیمهشده نیز بر اساس تعرفههای مصوب هیأت وزیران و با رعایت ماده (35) قانون تحت پوشش بیمه میباشد. در هر حال مجموع خسارت بدنی قابل پرداخت به راننده مسبب حادثه در هر حادثه از مبلغ بیمه مندرج در بیمهنامه بیشتر نخواهد بود. (اصلاحی مصوب 1396) تبصره - بیمهگر مکلف است در ایفای تعهدات موضوع این بیمهنامه، خسارت وارده به راننده مسبب حادثه را بدون لحاظ جنسیت و دین تا سقف مبلغ مندرج در بیمهنامه پرداخت نماید.
aeename-bimeh	آیین‌نامه بیمه	بخش اول- آیین‌­نامه اجرایی ماده (3) قانون بیمه اجباری خسارات وارد شده به شخص ثالث در اثر حوادث ناشی از وسایل نقلیه		5	ماده 5- چنانچه راننده مسبب حادثه از محل بیمهنامه شخص ثالث یا صندوق تأمین خسارت­های بدنی غرامت دریافت نماید، تعهد بیمهگر به میزان درصد تقصیر تعیین شده خواهد بود.
aeename-bimeh	آیین‌نامه بیمه	بخش اول- آیین‌­نامه اجرایی ماده (3) قانون بیمه اجباری خسارات وارد شده به شخص ثالث در اثر حوادث ناشی از وسایل نقلیه		6	ماده 6- کسر بخشی از خسارت یا عدم پرداخت خسارت وارده به راننده مسبب حادثه به استناد تقصیر، قصور یا اشتباه بیمهگر یا نماینده وی در تنظیم و صدور بیمهنامه مجاز نمیباشد.
aeename-bimeh	آیین‌نامه بیمه	بخش اول- آیین‌­نامه اجرایی ماده (3) قانون بیمه اجباری خسارات وارد شده به شخص ثالث در اثر حوادث ناشی از وسایل نقلیه		7	ماده 7- خسارت­های خارج از تعهد بیمه­گر، موارد مندرج در مواد (15) و (17) قانون می­باشد.
aeename-bimeh	آیین‌نامه بیمه	بخش اول- آیین‌­نامه اجرایی ماده (3) قانون بیمه اجباری خسارات وارد شده به شخص ثالث در اثر حوادث ناشی از وسایل نقلیه		8	ماده 8- هرگاه در مدت بیمه، در کاربری وسیله نقلیه تغییری به وجود آید که موجب تشدید خطر گردد، بیمهگذار موظف است حداکثر ظرف دو هفته از تاریخ تغییر کاربری، بیمهگر را آگاه سازد. در این صورت بیمهگر میتواند با صدور الحاقیه تغییر کاربری، حق بیمه مربوط را حسب مورد افزایش دهد و بیمهگذار موظف است حق بیمه اضافی را پرداخت کند. چنانچه بیمهگذار مراتب را به بیمهگر اعلام نکند و موضوع بعد از وقوع حادثه معلوم شود، خسارت وارده به نسبت حق بیمه پرداختی به حق بیمه واقعی محاسبه و پرداخت میگردد.
aeename-bimeh	آیین‌نامه بیمه	بخش اول- آیین‌­نامه اجرایی ماده (3) قانون بیمه اجباری خسارات وارد شده به شخص ثالث در اثر حوادث ناشی از وسایل نقلیه		9	ماده 9- در صورت وقوع حادثه، بیمهگذار موظف است ظرف شصت روز مراتب را به بیمهگر اعلام نماید. در صورت اطلاع بیمه­گر از وقوع حادثه به هر طریقی از جمله اعلام بیمهشده و یا وراث یا نماینده قانونی وراث، این تکلیف از بیمهگذار ساقط میشود. چنانچه بیمهگر نزد مراجع قضایی اثبات نماید عدم انجام تکلیف فوق در مهلت مقرر موجب خسارتی برای او شده است میتواند خسارت وارده را از مبلغ قابل پرداخت کسر نماید، مگر این­که بیمهگذار اثبات کند به علتی خارج از اراده خود قادر به انجام تکلیف یادشده نبوده است.
aeename-bimeh	آیین‌نامه بیمه	بخش اول- آیین‌­نامه اجرایی ماده (3) قانون بیمه اجباری خسارات وارد شده به شخص ثالث در اثر حوادث ناشی از وسایل نقلیه		10	ماده 10- برای پرداخت خسارت بدنی ارایه اصل یا تصویر برابر با اصل مدارک زیر لازم است: الف - بیمهنامه یا هرگونه مدرک دال بر دارا بودن پوشش بیمه موضوع این آیین­نامه. ب - گزارش کارشناس راهنمایی و رانندگی یا گزارش مقامات انتظامی یا نظریه کارشناس یا هیأت کارشناسی منتخب مراجع قضایی حسب مورد. پ - گواهینامه رانندگی راننده مسبب حادثه یا هرگونه مدرک دال بر داشتن گواهینامه رانندگی متناسب با وسیله نقلیه مربوط. ت - مدرک شناسایی راننده مسبب حادثه. ث - خلاصه پرونده بالینی راننده مسبب حادثه در صورتی که در مراکز درمانی بستری شده یا تحت معالجه قرار گرفته باشد. ج - گواهی پزشکی قانونی درخصوص نوع و درصد صدمه بدنی وارد شده به راننده مسبب حادثه. چ - گواهی فوت یا جواز دفن صادره یا تأیید شده توسط پزشکی قانونی و شناسنامه باطل شده متوفی در صورت فوت راننده مسبب حادثه. ح - گواهی انحصار وراثت در صورت فوت راننده مسبب حادثه. تبصره1- در صورت توافق راننده مسبب حادثه و بیمهگر در مورد نوع و درصد صدمه بدنی با رعایت ماده (11) قانون، ارایه گواهی پزشکی قانونی الزامی نیست. تبصره2- پزشکی قانونی مکلف است با درخواست بیمه­گر مربوط، نوع و درصد صدمه بدنی وارد شده به راننده مسبب حادثه را بدون لحاظ جنسیت و دین وی تعیین و به بیمهگر اعلام کند. در صورت مراجعه مستقیم راننده مسبب حادثه به پزشکی قانونی، پزشکی قانونی موظف است ضمن اخذ گزارش موضوع بند (ب) این ماده، نوع و درصد صدمات بدنی وارده به راننده را تعیین و مراتب را به بیمهگر مربوط اعلام و رونوشت گزارش خود را به راننده مسبب حادثه ارایه نماید. تبصره3- مأموران راهنمایی و رانندگی و یا مقامات انتظامی مکلفند با اطلاع از وقوع حوادث موضوع این آییننامه با حضور در صحنه نسبت به تهیه گزارش مبنی بر شرح و علت وقوع حادثه و مشخص نمودن راننده مسبب حادثه در هنگام وقوع حادثه و ارایه گزارش مذکور به راننده مسبب حادثه یا ذی­نفع اقدام نمایند. تبصره4- در مواردی که بین طرفین حادثه در خصوص تعیین مقصر و یا میزان تقصیر اختلاف نظر باشد و یا در صورت عدم امکان تعیین راننده مسبب حادثه توسط پلیس راهنمایی و رانندگی، خسارت بر اساس رأی مرجع قضایی پرداخت خواهد شد.
aeename-bimeh	آیین‌نامه بیمه	بخش اول- آیین‌­نامه اجرایی ماده (3) قانون بیمه اجباری خسارات وارد شده به شخص ثالث در اثر حوادث ناشی از وسایل نقلیه		11	ماده 11- بیمهگر مکلف است حداکثر ظرف بیست روز از تاریخ تکمیل مدارک، مبلغ خسارت را حسب مقررات این آییننامه پرداخت نماید. تبصره1- چنانچه علی­رغم کامل بودن مدارک، بیمهگر خسارت را پرداخت نکند مکلف است علاوه بر اصل خسارت، به ازای هر روز تأخیر معادل نیم در هزار مبلغ خسارت را به ذی­نفع پرداخت نماید. تبصره2- در صورت فوت بیمهشده، خسارت به وراث قانونی بیمهشده یا نماینده قانونی آنها و به نسبت سهمالارث پرداخت میگردد.
aeename-bimeh	آیین‌نامه بیمه	بخش اول- آیین‌­نامه اجرایی ماده (3) قانون بیمه اجباری خسارات وارد شده به شخص ثالث در اثر حوادث ناشی از وسایل نقلیه		12	ماده 12- نرخ حق بیمه سالانه به ازای هر هزار ریال تعهد بیمهنامه برای انواع وسایل نقلیه به شرح زیر میباشد: الف - سواری شخصی: (0/7) ریال ب - اتوکار (استیشن، ون، مینی­بوس و اتوبوس): (1) ریال پ - بارکش: (1/2) ریال پ - موتورسیکلت و وسایل نقلیه ریلی: (0/37) ریال تبصره - بیمهگر میتواند تا دو و نیم درصد (2/5%) کمتر از نرخهای مذکور را ملاک عمل خود قرار دهد. اعمال تخفیف بیشتر از دو و نیم درصد (2/5%) توسط بیمهگر، منوط به کسب مجوز از بیمه مرکزی است.
aeename-bimeh	آیین‌نامه بیمه	بخش اول- آیین‌­نامه اجرایی ماده (3) قانون بیمه اجباری خسارات وارد شده به شخص ثالث در اثر حوادث ناشی از وسایل نقلیه		13	ماده 13- نحوه تخفیف یا افزایش در حق بیمه موضوع این آیین­نامه و نحوه انتقال سابقه تخفیف عدم خسارت آن و نحوه فسخ بیمه­نامه، تابع مقررات مربوط به بیمه شخص ثالث می­باشد.
aeename-bimeh	آیین‌نامه بیمه	بخش اول- آیین‌­نامه اجرایی ماده (3) قانون بیمه اجباری خسارات وارد شده به شخص ثالث در اثر حوادث ناشی از وسایل نقلیه		14	ماده 14- چنانچه فردی که راننده وسیله نقلیه بوده، در زمان وقوع حوادث موضوع این آییننامه خارج از وسیله نقلیه بوده و دچار صدمات بدنی شود، در حکم شخص ثالث بوده و خسارت وارده حسب مورد از محل بیمه شخص ثالث یا صندوق تأمین خسارتهای بدنی پرداخت میشود و در غیر این صورت خسارت از محل بیمهنامه حوادث راننده جبران خواهد شد.
aeename-bimeh	آیین‌نامه بیمه	بخش اول- آیین‌­نامه اجرایی ماده (3) قانون بیمه اجباری خسارات وارد شده به شخص ثالث در اثر حوادث ناشی از وسایل نقلیه		15	ماده 15- از تاریخ انتقال مالکیت وسیله نقلیه، کلیه حقوق و تعهدات ناشی از قرارداد بیمه موضوع این آییننامه به انتقالگیرنده منتقل میشود و انتقالگیرنده تا پایان مدت قرارداد بیمه، بیمهگذار محسوب میشود. ضوابط مربوط به انتقال تخفیف عدم­ خسارت بیمه شخص ثالث تابع آیین­نامه اجرایی تبصره ماده (6) قانون می­باشد.
aeename-bimeh	آیین‌نامه بیمه	بخش اول- آیین‌­نامه اجرایی ماده (3) قانون بیمه اجباری خسارات وارد شده به شخص ثالث در اثر حوادث ناشی از وسایل نقلیه		16	ماده 16- چنانچه مشخص شود که وسیله نقلیه تحت پوشش بیمهنامه حوادث راننده برای همان مدت نزد بیمهگر دیگری نیز بیمه شده است، بیمهنامه بعدی باطل خواهد بود و حق بیمه دریافتی مربوط پس از کسر ده درصد آن بابت هزینههای بیمهگری به بیمهگذار مسترد میشود.
aeename-bimeh	آیین‌نامه بیمه	بخش دوم- آیین نامه اجرایی ماده (5) قانون بیمه اجباری خسارات وارد شده به شخص ثالث در اثر حوادث ناشی از وسایل نقلیه		1	ماده 1- در این آیین­نامه اصطلاحات زیر در معانی مشروح مربوط به کار می­روند و سایر اصطلاحات تابع تعاریف مندرج در قانون است: الف - قانون: قانون بیمه اجباری خسارات وارد شده به شخص ثالث در اثر حوادث ناشی از وسایل نقلیه ب - بیمه مرکزی: بیمه مرکزی جمهوری اسلامی ایران پ - شرکت بیمه: هر یک از شرکت­های بیمه در حال فعالیت یا در شرف تأسیس که تقاضای مجوز فعالیت در رشته شخص ثالث را از بیمه مرکزی دارند. ت - مجوز فعالیت: اجازه کتبی بیمه مرکزی برای فعالیت شرکت بیمه در رشته شخص ثالث که براساس این آیین­نامه صادر می­شود. ث - توانگری مالی: نسبت توانگری مالی شرکت بیمه که براساس مصوبات شورای عالی بیمه تعیین می­شود.
aeename-bimeh	آیین‌نامه بیمه	بخش دوم- آیین نامه اجرایی ماده (5) قانون بیمه اجباری خسارات وارد شده به شخص ثالث در اثر حوادث ناشی از وسایل نقلیه		2	ماده 2- شرکت بیمه متقاضی فعالیت در رشته بیمه شخص ثالث جهت اخذ مجوز فعالیت در این رشته باید به تشخیص بیمه مرکزی واجد شرایط زیر باشد: الف - داشتن حداقل سرمایه پرداخت­شده مطابق با آخرین مصوبه هیأت وزیران، موضوع ماده (36) قانون تأسیس بیمه مرکزی ایران و بیمه­گری - مصوب 1350- . ب - کفایت ذخایر بیمه­ای رشته شخص ثالث برای شرکت­های در حال فعالیت، بر اساس ضوابط موضوع ماده (58) قانون. پ - دارا بودن حداقل توانگری مالی در سطح (2) آیین­نامه مصوب شورای عالی بیمه. ت - داشتن امکانات سخت­افزاری و نرم­افزاری و سامانه­های اطلاعاتی لازم برای صدور بیمه­نامه و پرداخت خسارت و تبادل اطلاعات و امکان فروش الکترونیکی بیمه­نامه شخص ثالث براساس دستورالعمل ابلاغی بیمه مرکزی. ث - داشتن نیروی انسانی واجد صلاحیت به تعداد مورد نیاز در امور صدور بیمه­نامه و کارشناس پرداخت خسارت متناسب با برنامه­های اجرایی شرکت براساس دستورالعمل ابلاغی بیمه مرکزی. ج - داشتن سابقه مناسب پرداخت خسارت براساس عواملی نظیر پرداخت به موقع خسارت، رعایت حقوق بیمه­گذاران و زیان­دیدگان در رشته بیمه شخص ثالث برای شرکت­های در حال فعالیت براساس دستورالعمل ابلاغی بیمه مرکزی.
aeename-bimeh	آیین‌نامه بیمه	بخش دوم- آیین نامه اجرایی ماده (5) قانون بیمه اجباری خسارات وارد شده به شخص ثالث در اثر حوادث ناشی از وسایل نقلیه		3	ماده 3- شرکت بیمه متقاضی فعالیت در رشته شخص ثالث، باید تقاضای فعالیت در این رشته را به همراه مدارک و مستندات لازم برای احراز شرایط مندرج در ماده (2) این آیین­نامه به بیمه مرکزی تسلیم نماید.
aeename-bimeh	آیین‌نامه بیمه	بخش دوم- آیین نامه اجرایی ماده (5) قانون بیمه اجباری خسارات وارد شده به شخص ثالث در اثر حوادث ناشی از وسایل نقلیه		4	ماده 4- بیمه مرکزی موظف است پس از دریافت کلیه مدارک و اطلاعات موضوع ماده (2) این آیین­نامه ظرف (40) روز در صورت احراز شرایط، مجوز فعالیت را صادر و در غیر این صورت نظر خود را با ذکر دلایل عدم احراز شرایط به شرکت بیمه متقاضی اعلام نماید. تبصره - بررسی مجدد درخواست شرکت بیمه پس از رفع نواقص امکانپذیر است.
aeename-bimeh	آیین‌نامه بیمه	بخش دوم- آیین نامه اجرایی ماده (5) قانون بیمه اجباری خسارات وارد شده به شخص ثالث در اثر حوادث ناشی از وسایل نقلیه		5	ماده 5- در صورتی که شرکت بیمه طبق تشخیص بیمه مرکزی هر یک از شرایط مندرج در این آیین­نامه را از دست بدهد موظف است در مهلت زمانی که بیمه مرکزی تعیین می­نماید (حداکثر یک سال) وضعیت خود را با ضوابط این آیین­نامه منطبق نماید. در غیر این صورت بیمه مرکزی مطابق مفاد ماده (57) قانون و آیین­نامه آن عمل خواهد کرد.
aeename-bimeh	آیین‌نامه بیمه	بخش دوم- آیین نامه اجرایی ماده (5) قانون بیمه اجباری خسارات وارد شده به شخص ثالث در اثر حوادث ناشی از وسایل نقلیه		6	ماده 6- بیمه مرکزی موظف است ضوابط و اطلاعات مربوط به صدور، لغو، تعلیق یا ابطال مجوز فعالیت هر یک از شرکت­های بیمه در رشته شخص ثالث را به صورت مستمر در پایگاه اطلاع­رسانی خود جهت اطلاع عمومی منتشر نماید.
aeename-bimeh	آیین‌نامه بیمه	بخش سوم- آیین‌­نامه اجرایی تبصره ماده (6) قانون بیمه اجباری خسارات وارد شده به شخص ثالث در اثر حوادث ناشی از وسایل نقلیه	فصل اول- آیین نامه اجرایی نحوه انتقال تخفیفات حاصل از نداشتن حوادث منجر به خسارت	1	ماده 1- در این آیین نامه اصطلاحات زیر در معانی مشروح مربوط به کار می روند و سایر اصطلاحات تابع تعاریف مندرج در قانون بیمه اجباری خسارات وارد شده به شخص ثالث در اثر حوادث ناشی از وسایل نقلیه - مصوب 1395 - که در این آیین نامه به اختصار “قانون” نامیده می شود، است. الف - بیمه مرکزی: بیمه مرکزی جمهوری اسلامی ایران ب - بیمه گر: شرکت سهامی بیمه ایران یا هر یک از شرکت های بیمه غیردولتی که مجوز فعالیت در رشته بیمه شخص ثالث را از بیمه مرکزی دریافت نموده باشد. پ - بیمه نامه: سند بیمه اجباری جهت پوشش خسارت وارد شده به شخص ثالث در اثر حوادث ناشی از وسایل نقلیه و سند بیمه حواث راننده به ترتیب مقرر در مواد (2) و (3) قانون. ت - انتقال دهنده: مالک وسیله نقلیه که در مدت اعتبار بیمه نامه مالکیت وسیله نقلیه خود را بر اساس ماده (4) این آیین نامه به انتقال گیرنده منتقل کرده است. ث - انتقال گیرنده: شخصی که مالکیت وسیله نقلیه در مدت اعتبار بیمه نامه با توجه به ماده (4) این آیین نامه به صورت قطعی به وی منتقل شده است. ج - سابقه تخفیف عدم خسارت: کلیه تخفیفاتی که به واسطه نداشتن حوادث منجر به خسارت بدنی یا مالی در بیمه نامه اعمال شده باشد. چ - سامانه جامع حواث رانندگی: سامانه موضوع ماده (41) قانون. ح - سامانه الکترونیک: سامانه موضوع ماده (55) قانون.
aeename-bimeh	آیین‌نامه بیمه	بخش سوم- آیین‌­نامه اجرایی تبصره ماده (6) قانون بیمه اجباری خسارات وارد شده به شخص ثالث در اثر حوادث ناشی از وسایل نقلیه	فصل اول- آیین نامه اجرایی نحوه انتقال تخفیفات حاصل از نداشتن حوادث منجر به خسارت	2	ماده 2- در صورت انتقال مالکیت وسیله نقلیه، سابقه تخفیف عدم خسارت متعلق به انتقال دهنده است. انتقال دهنده میتواند سابقه تخفیف مذکور را همزمان با انتقال مالکیت یا هر زمان پس از آن به وسیله نقلیه دیگر از همان نوع که متعلق به وی یا متعلق به همسر، والدین یا اولاد بلاواسطه وی باشد منتقل نماید. تبصره 1 - چنانچه انتقال دهنده سابقه تخفیف عدم خسارت را با رعایت ضوابط این آیین نامه به وسیله نقلیه متعلق به همسر، والدین یا اولاد بلاواسطه خود انتقال دهد، سابقه مذکور صرفا متعلق به یکی از این اشخاص است. تبصره 2 - در صورت عدم انتقال سابقه تخفیف عدم خسارت به وسیله نقلیه دیگر از همان نوع که متعلق به انتقال دهنده یا همسر، والدین یا اولاد بلاواسطه وی باشد، بیمه گر موظف است گواهی داشتن سابقه تخفیف عدم خسارت را برای وی صادر کند. تبصره 3 - انواع وسایل نقلیه موضوع این آیین نامه که انتقال سابقه تخفیف عدم خسارت آنها به یکدیگر مجاز است، به شرح زیر می باشد: الف - انواع موتورسیکلت ( اعم از گازی و دنده ای ) ب - انواع سواری پ - اتو کار ( استیشن، ون، مینی بوس و اتوبوس ) ت - انواع وسایل نقلیه حمل بار ( بارکش) تبصره 4 - چنانچه انتقال دهنده شخص حقوقی باشد سابقه تخفیف عدم خسارت فقط به وسیله نقلیه دیگر از همان نوع که متعلق به همان شخص باشد، قابل انتقال است.
aeename-bimeh	آیین‌نامه بیمه	بخش سوم- آیین‌­نامه اجرایی تبصره ماده (6) قانون بیمه اجباری خسارات وارد شده به شخص ثالث در اثر حوادث ناشی از وسایل نقلیه	فصل اول- آیین نامه اجرایی نحوه انتقال تخفیفات حاصل از نداشتن حوادث منجر به خسارت	3	ماده 3- در صورت انتقال مالکیت وسیله نقلیه و عدم انتقال سابقه تخفیف عدم خسارت توسط انتقال دهنده، خسارت هایی که بیمه گر از محل بیمه نامه برای حوادث بعد از زمان انتقال مالکیت وسیله نقلیه تا پایان مدت اعتبار بیمه نامه پرداخت می کند، سابقه بیمه ای انتقال گیرنده محسوب می شود و در سابقه تخفیف عدم خسارت انتقال دهنده منظور نخواهد شد.
aeename-bimeh	آیین‌نامه بیمه	بخش سوم- آیین‌­نامه اجرایی تبصره ماده (6) قانون بیمه اجباری خسارات وارد شده به شخص ثالث در اثر حوادث ناشی از وسایل نقلیه	فصل اول- آیین نامه اجرایی نحوه انتقال تخفیفات حاصل از نداشتن حوادث منجر به خسارت	4	ماده 4- مبنای احراز انتقال مالکیت وسیله نقلیه در این آیین نامه، اطلاعات مندرج در سند مالکیت وسیله نقلیه است . نیروی انتظامی جمهوری اسلامی ایران موظف است هزمان با تعویض پلاک وسیله نقلیه، مشخصات مالک جدید را در سامانه جامع حوادث رانندگی درج کند.
aeename-bimeh	آیین‌نامه بیمه	بخش سوم- آیین‌­نامه اجرایی تبصره ماده (6) قانون بیمه اجباری خسارات وارد شده به شخص ثالث در اثر حوادث ناشی از وسایل نقلیه	فصل اول- آیین نامه اجرایی نحوه انتقال تخفیفات حاصل از نداشتن حوادث منجر به خسارت	5	ماده 5- در صورت فوت مالک وسیله نقلیه و انتقال مالکیت آن به همسر، والدین یا اولاد بلاواسطه متوفی، سابقه تخفیف عدم خسارت متعلق به آن، با رعایت ضوابط این آییننامه به انتقالگیرندگان یادشده منتقل میشود.
aeename-bimeh	آیین‌نامه بیمه	بخش سوم- آیین‌­نامه اجرایی تبصره ماده (6) قانون بیمه اجباری خسارات وارد شده به شخص ثالث در اثر حوادث ناشی از وسایل نقلیه	فصل اول- آیین نامه اجرایی نحوه انتقال تخفیفات حاصل از نداشتن حوادث منجر به خسارت	6	ماده 6- سابقه تخفیف عدم خسارت وسایل نقلیه از رده خارج شده و همچنین سابقه تخفیف عدم خسارت وسایل نقلیه ای که به موجب احکام مراجع قضایی با اجرای ثبت انتقال مالکیت می یابند، با رعایت ضوابط این آیین نامه قابل انتقال بوده و مشمول حکم ماده (3) این آیین نامه می باشد.
aeename-bimeh	آیین‌نامه بیمه	بخش سوم- آیین‌­نامه اجرایی تبصره ماده (6) قانون بیمه اجباری خسارات وارد شده به شخص ثالث در اثر حوادث ناشی از وسایل نقلیه	فصل اول- آیین نامه اجرایی نحوه انتقال تخفیفات حاصل از نداشتن حوادث منجر به خسارت	7	ماده 7- انتقال سابقه تخفیف عدم خسارت به بیش از یک وسیله نقلیه مجاز است.
aeename-bimeh	آیین‌نامه بیمه	بخش سوم- آیین‌­نامه اجرایی تبصره ماده (6) قانون بیمه اجباری خسارات وارد شده به شخص ثالث در اثر حوادث ناشی از وسایل نقلیه	فصل اول- آیین نامه اجرایی نحوه انتقال تخفیفات حاصل از نداشتن حوادث منجر به خسارت	8	ماده 8- بیمه گر موظف است در اجرای ضوابط این آیین نامه، اقدامات زیر را به عمل آورد: الف - اطلاعات بیمه نامه های صادره را از طریق سامانه الکترونیک به بیمه مرکزی ارسال نماید. ب - سابقه تخفیف عدم خسارت را به همراه شماره ملی یا شناسه ملی بیمه گذار در بیمه نامه وسیله نقلیه درج نماید. پ - در زمان انتقال سابقه تخفیف عدم خسارت به وسیله نقلیه دیگر، سابقه تخفیف عدم خسارت انتقال دهنده را ازسامانه الکترونیک استعلام نماید. ت - بیمه نامه انتقال گیرنده را در زمان تمدید، بر اساس سوابق بیمه ای وی صادر نماید.
aeename-bimeh	آیین‌نامه بیمه	بخش سوم- آیین‌­نامه اجرایی تبصره ماده (6) قانون بیمه اجباری خسارات وارد شده به شخص ثالث در اثر حوادث ناشی از وسایل نقلیه	فصل اول- آیین نامه اجرایی نحوه انتقال تخفیفات حاصل از نداشتن حوادث منجر به خسارت	9	ماده 9- بیمه مرکزی موظف است از طریق سامانه الکترونیک امکان ثبت و استعلام سابقه تخفیف عدم خسارت، بر اساس شماره ملی یا شناسه ملی بیمه گذار برای بیمه گر و امکان استعلام سابقه تخفیف عدم خسارت را برای بیمه گذار فراهم نماید.
aeename-bimeh	آیین‌نامه بیمه	بخش سوم- آیین‌­نامه اجرایی تبصره ماده (6) قانون بیمه اجباری خسارات وارد شده به شخص ثالث در اثر حوادث ناشی از وسایل نقلیه	فصل اول- آیین نامه اجرایی نحوه انتقال تخفیفات حاصل از نداشتن حوادث منجر به خسارت	10	ماده 10- احکام این آیین نامه شامل بیمه حوادث راننده موضوع ماده (3) قانون نیز می باشد.
aeename-bimeh	آیین‌نامه بیمه	بخش چهارم- آیین‌­نامه اجرایی تبصره 1 ماده (8) قانون بیمه اجباری خسارات وارد شده به شخص ثالث در اثر حوادث ناشی از وسایل نقلیه	فصل اول- آیین نامه اجرایی ضوابط کلی تعیین حق بیمه پوشش بیمه خسارت های مالی مازاد بر حداقل تعیین شده	1	ماده 1- حق بیمه پایه موضوع این ضوابط از جمع اقلام هزینه ای منهای درآمد سرمایه گذاری به علاوه حاشیه سود به شرح زیر تعیین می گردد: الف- اقلام هزینه ای: 1- هزینه خسارت شامل مجموع هزینه خسارت واقع شده بیمه موضوع این ضوابط وهزینه های رسیدگی و ارزیابی خسارت های این بیمه است. 2- هزینه اداری و عمومی شامل سهم بیمه موضوع این ضوابط از کل هزینه های اداری و عمومی موسسه بیمه است و به نسبت سهم حق بیمه صادره این بیمه از کل حق بیمه صادره موسسه بیمه محاسبه می شود. حداکثر این هزینه که می تواند در تعیین حق بیمه منظور شود شش درصد (6%) حق بیمه صادره بیمه موضوع این ضوابط است. 3- هزینه کارمزد فروش و صدور شامل کارمزد و هزینه صدور پرداختی به نمایندگان بیمه یا کارگزاران رسمی بیمه بابت بیمه موضوع این ضوابط است. حداکثر این هزینه که می تواند در تعیین حق بیمه منظور شود شش درصد (6%) حق بیمه صادره بیمه موضوع این ضوابط است. 4- هزینه قانونی معادل ده درصد (10%) حق بیمه موضوع این ضوابط طبق ماده (30) قانون الحاق برخی مواد به قانون تنظیم بخشی از مقررات مالی دولت (2) - مصوب 1392- پرداختی به وزارت بهداشت، درمان و آموزش پزشکی. ب- درآمد سرمایه گذاری: سود حاصل از سرمایه گذاری ذخایر فنی بیمه موضوع این ضوابط که از حاصل ضرب سود حاصل از سرمایه گذاری ذخایر فنی بیمه های غیرزندگی موسسه بیمه در نسبت سهم ذخایر فنی این بیمه از کل ذخایر فنی بیمه های غیر زندگی موسسه بیمه به شرح زیر محاسبه می شود و از اقلام هزینه ای کسر می گردد: ذخایر فنی بیمه شخص ثالث کل سود حاصل از سرمایه گذاری کل ذخایر فنی بیمه های غیر زندگی × ذخایر فنی بیمه های غیر زندگی = درآمد سرمایه گذاری ج- حاشیه سود: سودی است که پس از محاسبات فوق (کسر هزینه ها و درآمد سرمایه گذاری های موضوع بند (الف) و (ب) این ماده) بابت سرمایه گذاری و خطرپذیری سهامداران موسسه بیمه درمحاسبات مربوط به تعیین حق بیمه پوشش بیمه موضوع این ضوابط منظور می شود. حداکثر سودی که می تواند در تعیین حق بیمه منظور شود ده درصد (10%) حق بیمه صادره است. تبصره: اقلام هزینه ای و درآمد سرمایه گذاری موضوع این ماده، براساس اطلاعات آخرین صورتهای مالی سالانه حسابرسی شده موسسه بیمه برای سال مورد نظر محاسبه می شود.
aeename-bimeh	آیین‌نامه بیمه	بخش چهارم- آیین‌­نامه اجرایی تبصره 1 ماده (8) قانون بیمه اجباری خسارات وارد شده به شخص ثالث در اثر حوادث ناشی از وسایل نقلیه	فصل اول- آیین نامه اجرایی ضوابط کلی تعیین حق بیمه پوشش بیمه خسارت های مالی مازاد بر حداقل تعیین شده	2	ماده 2- موسسه بیمه مکلف است نرخ حق بیمه پایه پوشش بیمه موضوع این ضوابط را با رعایت مفاد ماده (1) این ضوابط و وفق آیین نامه مقررات تعیین حق بیمه انواع رشته های بیمه ای (آیین نامه شماره 81) و اصلاحات بعدی آن تعیین نماید.
aeename-bimeh	آیین‌نامه بیمه	بخش چهارم- آیین‌­نامه اجرایی تبصره 1 ماده (8) قانون بیمه اجباری خسارات وارد شده به شخص ثالث در اثر حوادث ناشی از وسایل نقلیه	فصل اول- آیین نامه اجرایی ضوابط کلی تعیین حق بیمه پوشش بیمه خسارت های مالی مازاد بر حداقل تعیین شده	3	ماده 3- ضوابط مربوط به تخفیف و افطزایش حق بیمه پایه موضوع این ضوابط و نحوه تقسیط و انتقال سابقه تخفیف عدم خسارت، تابع ضوابط مربوط به پوشش بیمه شخص ثالث اجباری موضوع ماده 2 قانون ” بیمه اجباری خسارات وارد شده به شخص ثالث دراثر حوادث ناشی از وسایل نقلیه ” می باشد.
aeename-bimeh	آیین‌نامه بیمه	بخش چهارم- آیین‌­نامه اجرایی تبصره 1 ماده (8) قانون بیمه اجباری خسارات وارد شده به شخص ثالث در اثر حوادث ناشی از وسایل نقلیه	فصل اول- آیین نامه اجرایی ضوابط کلی تعیین حق بیمه پوشش بیمه خسارت های مالی مازاد بر حداقل تعیین شده	4	ماده 4- موسسه بیمه موظف است اطلاعات مربوط به صدور و پرداخت پوشش بیمه موضوع این ضوابط را به صورت جداگانه از پوشش بیمه شخص ثالث اجباری ان موسسه بیمه تهیه و از طریق سامانه نظارت و هدایت الکترونیکی بیمه (سنهاب) برای بیمه مرکزی ج.ا.ایران ارسال نمایند.
aeename-bimeh	آیین‌نامه بیمه	بخش چهارم- آیین‌­نامه اجرایی تبصره 1 ماده (8) قانون بیمه اجباری خسارات وارد شده به شخص ثالث در اثر حوادث ناشی از وسایل نقلیه	فصل اول- آیین نامه اجرایی ضوابط کلی تعیین حق بیمه پوشش بیمه خسارت های مالی مازاد بر حداقل تعیین شده	5	ماده 5- درصورت تخلف از مقررات این ضوابط، بیمه مرکزی ج.ا.ایران، مطابق مفاد ماده 57 قانون و آیین نامه اجرایی آن عمل خواهد کرد.
aeename-bimeh	آیین‌نامه بیمه	بخش پنجم- آیین‌نامه تعیین میزان ظرفیت مجاز وسایل نقلیه موضوع ماده (12) قانون بیمه اجباری خسارات وارد شده به شخص ثالث در اثر حوادث ناشی از وسایل نقلیه		1	ماده 1- در این آیین­نامه، اصطلاحات زیر در معانی مشروح مربوط به کار می­روند و سایر اصطلاحات تابع تعاریف مندرج در قانون بیمه اجباری خسارات وارده شده به شخص ثالث در اثر حوادث ناشی از وسایل نقلیه - مصوب 1395- که در این آیین­نامه به اختصار «قانون» نامیده می­شود، است: الف - بیمه­گر: شرکت سهامی بیمه ایران یا هر شرکت بیمه غیر دولتی که مجوز فعالیت در رشته بیمه شخص ثالث موضوع ماده (2) قانون، از بیمه مرکزی را داشته باشد. ب - کارت مشخصات: کارتی که مشخصات مالک و وسیله نقلیه موتوری زمینی شماره­گذاری شده در آن ثبت و از سوی پلیس راهنمایی و رانندگی صادر و به مالک وسیله نقلیه تسلیم میگردد. پ - کاربری: مورد استفاده وسیله نقلیه بر اساس مشخصات ظاهری و فنی. ت - نوع: طبقه­بندی انواع وسایل نقلیه بر اساس آیین­نامه راهنمایی و رانندگی. ث - وسیله نقلیه: وسایل نقلیه موتوری زمینی و ریلی شهری و بین شهری و واگن متصل یا غیرمتصل به آن و یدک و کفی (تریلر) متصل به آنها. ج - وسیله نقلیه زمینی: هر نوع وسیله نقلیه دارای چرخ، موتور و سامانه انتقال قدرت که برای حمل بار یا انسان یا هر دو به کار می­رود. چ - وسیله نقلیه ریلی: هر نوع وسیله حمل و نقل دارای موتور و سامانه انتقال قدرت که شامل لکوموتیو، واگن متصل یا غیرمتصل بوده و برای حمل بار یا انسان یا هر دو به کار میرود و بر روی ریل حرکت میکند. ح - ظرفیت مجاز: ظرفیت تعداد سرنشین (ایستاده و نشسته) با احتساب راننده که وسیله نقلیه مجاز به حمل آن میباشد. تبصره - ملاک تعهدات بیمه­گر در خصوص ظرفیت مجاز داخل وسیله نقلیه، تعداد سرنشینان مجاز به استثنای راننده مسبب حادثه می­باشد.
aeename-bimeh	آیین‌نامه بیمه	بخش پنجم- آیین‌نامه تعیین میزان ظرفیت مجاز وسایل نقلیه موضوع ماده (12) قانون بیمه اجباری خسارات وارد شده به شخص ثالث در اثر حوادث ناشی از وسایل نقلیه		2	ماده 2- وزارت صنعت، معدن و تجارت موظف است ظرفیت مجاز وسیله نقلیه زمینی را بر اساس نوع یا کاربری یا توأمان جهت درج در کارت مشخصات، به راهنمایی و رانندگی اعلام نماید. تبصره - درخصوص وسایل نقلیه بارکش علاوه بر میزان بار، تعداد سرنشین نیز مشخص می­شود.
aeename-bimeh	آیین‌نامه بیمه	بخش پنجم- آیین‌نامه تعیین میزان ظرفیت مجاز وسایل نقلیه موضوع ماده (12) قانون بیمه اجباری خسارات وارد شده به شخص ثالث در اثر حوادث ناشی از وسایل نقلیه		3	ماده 3- مبنای ظرفیت مجاز کلیه وسایل نقلیه زمینی، کارت مشخصات با احتساب راننده می­باشد. برای مواردی که دارای اختلاف بوده و یا ظرفیت مجاز سرنشین درج نشده است بر اساس نوع و کاربری به شرح زیر تعیین می­گردد: الف - در صورت تفاوت در ظرفیت مجاز در کارت­های صادره، برای همان وسیله نقلیه (غیر از موتور سیکلت) مبنای ظرفیت مجاز و تعهدات بیمه­گر، بالاترین ظرفیت مندرج در کارت مشخصات همان وسیله نقلیه میباشد. ب - ظرفیت مجاز موتورسیکلت­های دوچرخ (فاقد یدک پهلو (سایدکار) ) جمعاً دو نفر و در موتور سیکلتهای سه چرخ (دارای یدک پهلو (سایدکار) )، ظرفیت یدک پهلو (سایدکار) نیز به آن اضافه می­شود. پ - ظرفیت مجاز سرنشین انواع وسایل نقلیه بارکش به شرح زیر تعیین میشود: 1- وسایل نقلیه باربری تک کابین با ظرفیت تا (3/5) تن، جمعاً دو نفر. 2- وسایل نقلیه باربری با ظرفیت بیش از (3/5) تن، جمعاً سه نفر.
aeename-bimeh	آیین‌نامه بیمه	بخش پنجم- آیین‌نامه تعیین میزان ظرفیت مجاز وسایل نقلیه موضوع ماده (12) قانون بیمه اجباری خسارات وارد شده به شخص ثالث در اثر حوادث ناشی از وسایل نقلیه		4	ماده 4- ظرفیت مجاز سرنشین نشسته و ایستاده اتوبوسها و مینی بوسهای درون شهری و برون شهری و وسایل نقلیه ریلی درون شهری و برون شهری بر اساس ظرفیت مندرج در کارت مشخصات و یا سند وسیله نقلیه که توسط کارخانه سازنده یا در سند رسمی صادر شده است، تعیین میشود.
aeename-bimeh	آیین‌نامه بیمه	بخش پنجم- آیین‌نامه تعیین میزان ظرفیت مجاز وسایل نقلیه موضوع ماده (12) قانون بیمه اجباری خسارات وارد شده به شخص ثالث در اثر حوادث ناشی از وسایل نقلیه		5	ماده 5- ظرفیت مجاز وسایل نقلیه زمینی فاقد کارت مشخصات، بر اساس مندرجات سند وسیله نقلیه که توسط کارخانه سازنده صادر شده است، تعیین میشود.
aeename-bimeh	آیین‌نامه بیمه	بخش پنجم- آیین‌نامه تعیین میزان ظرفیت مجاز وسایل نقلیه موضوع ماده (12) قانون بیمه اجباری خسارات وارد شده به شخص ثالث در اثر حوادث ناشی از وسایل نقلیه		6	ماده 6- نیروهای مسلح جمهوری اسلامی ایران در مأموریتهای نظامی، انتظامی و رزمایش میتوانند از کاربری وسایل نقلیه زمینی بارکش، به عنوان نفربر استفاده نمایند.
aeename-bimeh	آیین‌نامه بیمه	بخش پنجم- آیین‌نامه تعیین میزان ظرفیت مجاز وسایل نقلیه موضوع ماده (12) قانون بیمه اجباری خسارات وارد شده به شخص ثالث در اثر حوادث ناشی از وسایل نقلیه		7	ماده 7- سازمان مدیریت بحران کشور میتواند در سوانح غیرمترقبه مجوز کتبی دارای محدودیت زمانی و مکانی معین، مبنی بر عدم رعایت کاربری و ظرفیت مسافر را به دارندگان وسیله نقلیه ابلاغ نماید.
aeename-bimeh	آیین‌نامه بیمه	بخش ششم- آیین نامه تبصره (5) ماده (18) قانون بیمه اجباری خسارات وارد شده به شخص ثالث در اثر حوادث ناشی از وسیله نقلیه		1	ماده 1- در این آیین نامه اصطلاحات زیر در معانی مشروح مربوط به کار می روند: 1- ق-انون: قانون بیمه اجباری خس-ارات واردش-ده به ش-خص ثالث در اثر حوادث ناش-ی از وسایل نقلیه- مصوب 1395- . 2- آموزشگاه: آموزشگاه های رانندگی و سایر موسسات و مراکزی که مجوز برگزاری دوره آموزش رانندگی ایمن و کم خطر را از پلیس راهنمایی و رانن-دگی اخ-ذ نموده و با رعایت مفاد این آیین نامه به صورت حضوری یا مجازی نسبت به آموزش دارندگان گواهینامه رانندگی اقدام می نماید. 3- دوره آموزش رانندگی ایمن و کم خطر: آموزش های نظری و عملی موض-وع ماده (2) این آیین نامه که توسط آموزشگاه به متقاضیان گواهینامه آموزش رانندگی ایمن و کم خطر ارایه می شود. 4- گواهینامه آموزش رانندگی ایمن و کم خطر: مدرکی که از سوی پلیس راهنمایی و رانندگی نیروی انتظامی جمهوری اسلامی ایران برای اشخاصی که موفق به طی دوره آموزش رانندگی ایمن کم خطر شده اند و در آزمون مربوط نمره قبولی را کسب نموده اند، صادر می شود.
aeename-bimeh	آیین‌نامه بیمه	بخش ششم- آیین نامه تبصره (5) ماده (18) قانون بیمه اجباری خسارات وارد شده به شخص ثالث در اثر حوادث ناشی از وسیله نقلیه		2	ماده 2- دوره آموزش رانندگی ایمن و کم خطر مشتمل بر سر فصل های آموزشی زیر میباشد: 1- آموزش آیین نامه راهنمایی و رانندگی و سایر مقررات مرتبط با حوزه شدآمد (ترافیک) از جمله مقررات بیمه ناظر به شرایط رانندگی ایمن و کم خطر (3 ساعت). 2- امداد و نجات در سوانح رانندگی (2 ساعت). 3- مه-ارت رانندگی در ش-رایط مختلف اقلیمی و آب و هوایی و عملیات تدافعی در رانندگی و روش های مقابله با خطر (2 ساعت). 4- آموزش مهارت فنی و کارکرد اجرای وسیله نقلیه در شرایط ایمن و کم خطر (2 ساعت).
aeename-bimeh	آیین‌نامه بیمه	بخش ششم- آیین نامه تبصره (5) ماده (18) قانون بیمه اجباری خسارات وارد شده به شخص ثالث در اثر حوادث ناشی از وسیله نقلیه		3	ماده 3- محتوای دوره آموزش-ی رانندگی ایمن و کم خطر متناس-ب با نوع گواهینامه بر اس-اس دس-تورالعم-ل مش-ترک پلیس راهنمایی و رانندگی و بیمه مرکزی جمهوری اسلامی ایران و وزارت راه و ش-هرس-ازی (س-ازمان راهداری و حمل و نقل جاده ای) ظرف س-ه ماه پس از ابلاغ این آیین نامه تهیه و پس از تایید وزیر کشور توسط پلیس راهور ابلاغ می شود. تبص-ره- هزینه آموزش موض-وع این آیین نامه به ص-ورت س-الانه توس-ط کمیسیون نظارت سازمان صنعت، معدن و تجارت مراکز استان ها تعیین و ابلاغ می گردد. م-اده 4- دارندگان انواع گواهین-ام-ه رانن-دگی می توانند در دوره های آموزش رانندگی ایمن و کم خطر که از س-وی پلیس راهنمایی و رانندگی اعلام می ش-ود، ش-رک-ت نموده و گواهین-ام-ه آموزش رانندگی ایمن و کم خطر دریافت نمایند.
aeename-bimeh	آیین‌نامه بیمه	بخش ششم- آیین نامه تبصره (5) ماده (18) قانون بیمه اجباری خسارات وارد شده به شخص ثالث در اثر حوادث ناشی از وسیله نقلیه		5	ماده 5- شرکت های بیمه مکلفند برای وسایل نقلیه متعلق به دارندگان گواهینامه آموزش رانندگی ایمن و کم خطر به میزان مقرر در ردیف (3) جدول ماده (5) آیین نامه تعیین سقف حق بیمه شخص و نحوه تخفیف، افزایش یا تقسیط ان موض-وع تص-ویب نامه ش-ماره 96232 / ت 53620 ه- ثالث مورخ 1396/8/6، در حق بیمه متعلق بیمه های موضوع قانون برای وی تخفیف اعمال نمایند.
aeename-bimeh	آیین‌نامه بیمه	بخش ششم- آیین نامه تبصره (5) ماده (18) قانون بیمه اجباری خسارات وارد شده به شخص ثالث در اثر حوادث ناشی از وسیله نقلیه		6	ماده 6- در موارد زیر گواهینامه آموزش رانندگی ایمن و کم خطر از درجه اعتبار س-اقط ش-ده و اعطای تخفیف منوط به طی مجدد دوره آموزشی خواهد بود: 1- عدم تمدید گواهینامه رانندگی در موعد مقرر، ضبط یا ابطال آن توسط مراجع ذیربط. 2- داشتن (20) نمره منفی یا بیشتر به نام دارنده گواهینامه. 3- مقص-ر شناخته شدن دارنده گواهینامه در تخلفات حادثه ساز موضوع ماده (7) قانون رسیدگی به تخلفات رانندگی به موجب گزارش پلیس راهنمایی و رانندگی یا داشتن سابقه پرداخت خسارت در سال بیمه ای ماقبل. تبص-ره- پلیس راهنمایی و رانندگی موظف است به منظور امکان اعمال تخفیف های موضوع این آیین ن-ام-ه، اطلاع-ات مربوط به آخرین وض-عی-ت گواهینامه های آموزش رانندگی ایمن و کم خطر، گواهینامه های رانندگی، س-وابق رانندگی و سوابق نمرات منفی دارندگان گواهینامه های رانندگی را در سامانه مربوط ثبت و دسترسی های لازم را در اختیار شرکت های بیمه قرار دهد.
aeename-bimeh	آیین‌نامه بیمه	بخش ششم- آیین نامه تبصره (5) ماده (18) قانون بیمه اجباری خسارات وارد شده به شخص ثالث در اثر حوادث ناشی از وسیله نقلیه		7	ماده 7- رانندگانی که تخلف حادثه ساز آن ها منجر به وقوع حادثه رانندگی و ایجاد خسارت بدنی ش-ود، از تاریخ وقوع حادثه مذکور تا (2) س-ال امکان دریافت گواهینامه آموزش رانندگی ایمن و کم خطر را نخواهند داشت.
aeename-bimeh	آیین‌نامه بیمه	بخش هفتم- آیین‌نامه تعیین سقف حق بیمه شخص ثالث و نحوه تخفیف، افزایش یا تقسیط آن		1	ماده 1- در این آیین نامه اصطلاحات زیر در معانی مشروح مربوط به کار می روند و سایر اصطلاحات تابع تعاریف مندرج در قانون بیمه اجباری خسارات وارد شده به شخص ثالث در اثر حوادث ناشی از وسایل نقلیه - مصوب 1395- است: الف - قانون: قانون بیمه اجباری خسارات وارد شده به شخص ثالث در اثر حوادث ناشی از وسایل نقلیه - مصوب 1395- ب - بیمه شخص ثالث: بیمه موضوع ماده (2) قانون پ - بیمه گر: شرکت سهامی بیمه ایران و یا هر شرکت بیمه غیردولتی که مجوز فعالیت در رشته بیمه شخص ثالث از بیمه مرکزی را داشته باشد. ت - بیمه گذار: هر شخص حقیقی یا حقوقی اعم از مالک وسیله نقلیه یا متصرف آن که قرارداد بیمه شخص ثالث را با بیمه گر منعقد می کند. ث - حق بیمه پایه: حق بیمه ای که قبل از اعمال هرگونه افزایش یا کاهش بابت مواردی از قبیل نوع کاربری و سابقه رانندگی و بیمه ای دارنده برای یک نوع وسیله نقلیه تعیین می شود. ج - هزینه خسارت واقع شده: خسارت پرداختی در هر سال مالی به اضافه خسارت معوق پایان آن سال منهای خسارت معوق ابتدای آن سال.
aeename-bimeh	آیین‌نامه بیمه	بخش هفتم- آیین‌نامه تعیین سقف حق بیمه شخص ثالث و نحوه تخفیف، افزایش یا تقسیط آن		2	ماده 2- سقف نرخ های حق بیمه پایه بیمه شخص ثالث از حاصل جمع اقلام هزینه ای منهای درآمد سرمایه گذاری به علاوه حاشیه سود به شرح زیر تعیین می شود: الف - اقلام هزینه ای: 1 - هزینه خسارت شامل مجموع هزینه خسارت واقع شده و هزینه های رسیدگی و ارزیابی خسارت بیمه شخص ثالث است. 2 - هزینه اداری و عمومی شامل سهم بیمه شخص ثالث از کل هزینه های اداری و عمومی بیمه گران است و به نسبت سهم حق بیمه صادره بیمه شخص ثالث از کل حق بیمه صادره بیمه گران محاسبه می شود. حداکثر این هزینه که می تواند در تعیین حق بیمه منظور شود، شش درصد حق بیمه صادره بیمه شخص ثالث است. 3 - هزینه کارمزد فروش و صدور شامل کارمزد و هزینه صدور پرداختی به نمایندگان یا کارگزاران رسمی بیمه بابت شخص ثالث است. حداکثر این هزینه که می تواند در تعیین حق بیمه منظور شود، شش درصد حق بیمه صادره بیمه شخص ثالث است. 4 - هزینه های قانونی موضوع بند (الف) ماده (24) قانون، ماده (30) قانون الحاق برخی مواد به قانون تنظیم بخشی از مقررات مالی دولت (2) - مصوب 1393 - و مبالغی که بر اساس قوانین مربوط توسط بیمه گران به حساب خزانه واریز می شود تا در اختیار دستگاه اجرایی ذیربط قرار گیرد. ب (اصلاحی 26ˏ07ˏ1396)- درآمد سرمایه گذاری: سود حاصل از سرمایه گذاری ذخایر فنی بیمه شخص ثالث که از حاصل ضرب کل سود حاصل از سرمایه گذاری ذخایر فنی بیمه های غیرزندگی در نسبت سهم ذخایر فنی این بیمه از کل ذخایر فنی بیمه های غیرزندگی به شرح زیر محاسبه می شود و از اقلام هزینه ای کسر می گردد: /ذخایر فنی بیمه شخص ثالث × کل سود حاصل از سرمایه گذاری ذخایر فنی بیمه های غیرزندگی = درآمد سرمایه گذاری کل ذخایر فنی بیمه های غیرزندگی پ - حاشیه سود: سودی که پس از محاسبات فوق (کسر هزینه ها و درآمد سرمایه گذاری های موضوع بندهای (الف) و (ب) این ماده) بابت سرمایه گذاری و خطرپذیری سهامداران شرکت بیمه در محاسبات مربوط به تعیین حق بیمه شخص ثالث منظور می شود. حداکثر سودی که می تواند در تعیین حق بیمه منظور شود، حداکثر ده درصد حق بیمه صادره است. تبصره 1(اصلاحی 26ˏ07ˏ1396)- اقلام هزینه ای و درآمد سرمایه گذاری موضوع این ماده بر اساس تلفیق اطلاعات آخرین صورت های مالی سالانه حسابرسی شده کلیه بیمه گرانی که در بیمه شخص ثالث فعالیت داشته اند و سایر اطلاعات مورد تأیید بیمه مرکزی از قبیل آمار حوادث رانندگی و تعداد وسایل نقلیه، برای سال مورد نظر محاسبه می شود. تبصره 2 - در اجرای بند (پ) ماده (18) قانون، حداکثر سود موضوع بند (پ) این ماده برای خودروهای سواری ارزان قیمت اقشار متوسط و ضعیف پنج درصد و برای موتور سیکلت سه درصد حق بیمه صادره تعیین می شود. مصادیق خودروهای سواری ارزان قیمت در نرخ نامه موضوع تبصره (3) ماده (18) قانون مشخص می شود. تبصره 3(اصلاحی 26ˏ07ˏ1396)- نرخ های حق بیمه پایه که مطابق این ماده و با رعایت فرایند مندرج در ماده (3) این آیین نامه توسط شورای عالی بیمه محاسبه و ابلاغ می شود در سقف نرخ های مقرر در تصویب نامه شماره 34608 /ت41574ک مورخ 19 /2 /1390 مجاز است. تبصره 4 (الحاقی 01ˏ08ˏ1401)- حداکثر نرخ حق بیمه وسایل نقلیه ریلی موضوع بند (ث) ماده (1) قانون به شرح زیر تعیین می شود: ردیف نوع وسیله نقلیه ریلی نرخ به ازای هر واگن یا لوکوموتیو (در هزار تعهدات ریالی بیمه) 1 لوکوموتیو 12 2 واگن مسافری بین شهری 12 3 واگن باری بین شهری 3 4 لوکوموتیو و یا واگن مسافری شهری (مترو) 4 /1
aeename-bimeh	آیین‌نامه بیمه	بخش هفتم- آیین‌نامه تعیین سقف حق بیمه شخص ثالث و نحوه تخفیف، افزایش یا تقسیط آن		3	ماده 3- بیمه مرکزی قبل از شروع هر سال، نرخ حق بیمه پایه هر یک از انواع وسایل نقلیه را با رعایت سقف ها و الزامات مقرر در ماده (2) این آیین نامه محاسبه و به عنوان نرخ نامه حق بیمه موضوع تبصره (3) ماده (18) قانون به شورای عالی بیمه پیشنهاد می نماید و پس از تعیین نرخ حق بیمه پایه توسط شورای یاد شده، حق بیمه پایه انواع وسایل نقلیه را بر اساس نرخ نامه مصوب آن شورا محاسبه و به بیمه گر ابلاغ می نماید. بیمه گر و نمایندگان وی مکلفند جدول مبالغ حق بیمه را در معرض دید متقاضیان قرار دهند.
aeename-bimeh	آیین‌نامه بیمه	بخش هفتم- آیین‌نامه تعیین سقف حق بیمه شخص ثالث و نحوه تخفیف، افزایش یا تقسیط آن		4	ماده 4- حق بیمه پایه آن دسته از وسایل نقلیه ای که مشمول هر یک از بندهای جدول زیر باشند، به میزان درصدهای تعیین شده افزایش می یابد: ردیف مصادیق افزایش حق بیمه پایه درصد افزایش حق بیمه پایه 1 وسایل نقلیه سواری با کاربری آژانس و مسافرکش شخصی درون شهری 10 2 وسایل نقلیه سواری تاکسی و مسافرکش شخصی برون شهری 20 3 وسایل نقلیه ویژه حمل مواد سوختی مایع و گازی شکل 25 4 وسایل نقلیه ویژه حمل مواد منفجره و خطرناک 50 5 وسایل نقلیه مورد استفاده در تعلیم و آزمون رانندگی 15 6 وسایل نقلیه که برای مسابقات رانندگی به کار می روند 50 7 موتورسیکلت هایی که برای مسابقات رانندگی به کار می روند 30 8 وسایل نقلیه ای که حسب مقررات، ملزم به داشتن معاینه فنی بوده و فاقد آن باشند 5 9 وسایل نقلیه ای که مجاز به اتصال یدک اضافی باشند بابت اتصال هر یدک اضافی 15 10 وسایل نقلیه ای که بیش از 15 سال از سال ساخت آنها گذشته باشد به ازای هر سال مازاد بر 15 سال، 2 درصد (حداکثر 20 درصد) 11 وسایل نقلیه ای که دارنده آن طبق اطلاعات مندرج در سامانه راهنمایی و رانندگی دارای نمره منفی باشد به ازای هر نمره منفی در زمان خرید بیمه نامه 1 درصد (حداکثر 30 درصد) 12 وسایل نقلیه ای که طبق اطلاعات مندرج در سامانه راهنمایی و رانندگی دارای تخلفات حادثه ساز ثبت شده باشند به ازای هر تخلف حادثه ساز ثبت شده در دوره اعتبار بیمه نامه قبلی نیم درصد (حداکثر تا 3 درصد)
aeename-bimeh	آیین‌نامه بیمه	بخش هفتم- آیین‌نامه تعیین سقف حق بیمه شخص ثالث و نحوه تخفیف، افزایش یا تقسیط آن		5	ماده 5- به حق بیمه پایه آن دسته از وسایل نقلیه که مشمول هر یک از بندهای جدول زیر باشند، به میزان درصدهای تعیین شده تخفیف تعلق می گیرد:
aeename-bimeh	آیین‌نامه بیمه	بخش هفتم- آیین‌نامه تعیین سقف حق بیمه شخص ثالث و نحوه تخفیف، افزایش یا تقسیط آن		6	ماده 6- در صورتی که خسارتی از محل بیمه نامه پرداخت نشود، بیمه گر موظف است پس از اعمال تخفیفات موضوع ماده (5) این آیین نامه، از سال دوم به بعد هنگام تجدید بیمه نامه به ازای هر سال پنج درصد و حداکثر هفتاد درصد تخفیف عدم خسارت در حق بیمه پایه موضوع ماده (3) این آیین نامه اعمال نماید. این تخفیف در جدول موضوع تبصره (2) این ماده به عنوان واحد محسوب می شود. تبصره 1 - مادامی که درصد تخفیف عدم خسارتی که به موجب مقررات قبلی به دارنده تعلق گرفته است بیش از درصدهای متعلقه طبق این آیین نامه باشد، هنگام تجدید بیمه نامه درصد تخفیف قبلی ملاک عمل قرار می گیرد. تبصره 2 - درصد تخفیف عدم خسارت آن دسته از دارندگانی که در مدت اعتبار بیمه نامه موجب پرداخت خسارت از محل بیمه نامه شوند، هنگام تجدید بیمه نامه به تناسب نوع و تعداد خسارت، به شرح جدول زیر کاهش می یابد: ردیف مصادیق تخفیف حق بیمه پایه درصد تخفیف حق بیمه پایه 1 وسایل نقلیه ای که برای اولین بار شماره گذاری می شوند به استثنای موتور سیکلت. 5 2 وسایل نقلیه عمومی شهری حمل مسافر با ظرفیت بیش از شش نفر شامل اتوبوس، مینی بوس، ون و استیشن 50 3 وسایل نقلیه ای که دارنده آن وفق آیین نامه موضوع تبصره (5) ماده (18) قانون دارای گواهینامه معتبر طی دوره های آموزشی رانندگی ایمن و کم خطر باشد 10 4 موتورسیکلت هایی که برای اولین بار شماره گذاری می شوند. 20 تعداد خسارت نوع خسارت یک بار دو بار سه بار و بیشتر مالی 20 واحد 30 واحد 40 واحد بدنی 30 واحد 70 واحد 100 واحد تبصره 3 - در صورتی که در طول مدت اعتبار بیمه نامه، در یک حادثه بیمه گر هم خسارت مالی و هم خسارت بدنی پرداخت نموده باشد، صرفاً واحدهای مقرر برای خسارت های بدنی ملاک محاسبه خواهند بود. تبصره 4 - در صورتی که دارنده فاقد تخفیف باشد یا کاهش میزان تخفیف وی بر اساس جدول فوق بیش از درصد تخفیف سال های قبل باشد، حق بیمه پایه موضوع ماده (3) این آیین نامه معادل مابه التفاوت آنها افزایش خواهد یافت.
aeename-bimeh	آیین‌نامه بیمه	بخش هفتم- آیین‌نامه تعیین سقف حق بیمه شخص ثالث و نحوه تخفیف، افزایش یا تقسیط آن		7	ماده 7- حق بیمه پایه ای که با رعایت ماده (3) این آیین نامه تعیین می شود، برای بیمه نامه های با مدت یک سال است و چنانچه مدت بیمه نامه کمتر از یک سال باشد، حق بیمه پایه آن به شرح جدول زیر محاسبه خواهد شد: مدت بیمه حق بیمه پایه بر مبنای حق بیمه یکساله تا پنج روز 5 درصد از شش روز تا پانزده روز 10 درصد از شانزده روز تا سی روز 15 درصد از سی و یک روز تا شصت روز 25 درصد از شصت و یک روز تا نود روز 30 درصد از نود و یک روز تا صد و بیست روز 40 درصد از صد و بیست و یک روز تا صد و پنجاه روز 50 درصد از صد و پنجاه و یک روز تا صد و هشتاد روز 60 درصد از صد و هشتاد و یک روز تا دویست و هفتاد روز 80 درصد از دویست و هفتاد و یک روز تا سیصد و شصت و پنج روز 100 درصد تبصره (الحاقی 20ˏ10ˏ1402)- در صورتی که وسیله نقلیه زمینی برای اولین بار شماره گذاری می شود، بیمه گر مجاز به صدور بیمه نامه کمتر از یکسال برای آن وسیله نقلیه نیست.
aeename-bimeh	آیین‌نامه بیمه	بخش هفتم- آیین‌نامه تعیین سقف حق بیمه شخص ثالث و نحوه تخفیف، افزایش یا تقسیط آن		8	ماده 8- بیمه گر مجاز است با رعایت شرایط زیر حق بیمه شخص ثالث بیمه نامه های یک ساله را به صورت اقساطی دریافت نماید: الف - در صورتی که شخص حقوقی متعهد شود که اقساط حق بیمه وسایل نقلیه متعلق به خود یا کارکنان خود و یا والدین، همسر و یا اولاد کارکنان را از حقوق آنها کسر و در وجه بیمه گر پرداخت نماید، باید حداقل بیست و پنج درصد مبلغ حق بیمه همزمان با صدور بیمه نامه دریافت گردد و باقیمانده حق بیمه به نحوی تقسیط شود که کل حق بیمه حداکثر در شش ماه اول اعتبار بیمه نامه وصول شود. ب - برای سایر اشخاص حقیقی در صورتی که حداقل پنجاه درصد مبلغ حق بیمه همزمان با صدور بیمه نامه دریافت گردد و باقیمانده حق بیمه به نحوی تقسیط شود که کل حق بیمه حداکثر در شش ماه اول اعتبار بیمه نامه وصول شود. تبصره 1 - بیمه گر موظف است در بیمه نامه قسطی مبلغ هر قسط و سررسید آن را درج نماید. تبصره 2 - در صورت انتقال مالکیت وسیله نقلیه به دیگری، انتقال گیرنده مسئول پرداخت اقساط باقیمانده حق بیمه (اعم از سررسید شده یا سررسید نشده) خواهد بود. تبصره 3 - تاخیر در پرداخت یا عدم پرداخت اقساط حق بیمه رافع مسئولیت بیمه گر در قبال زیان دیدگان و سایر اشخاص ذی نفع نیست و بیمه گر موظف به ایفای تعهدات قانونی مربوط است.
aeename-bimeh	آیین‌نامه بیمه	بخش هفتم- آیین‌نامه تعیین سقف حق بیمه شخص ثالث و نحوه تخفیف، افزایش یا تقسیط آن		9	ماده 9- چنانچه بیمه گذار، بیمه گر جدیدی را برای تجدید بیمه شخص ثالث انتخاب نماید، بیمه گر جدید موظف است با توجه به سوابق قبلی وی طبق مفاد این آیین نامه، حق بیمه مربوط را با اعمال تخفیفات و اضافه نرخ های وی محاسبه و دریافت نماید.
aeename-bimeh	آیین‌نامه بیمه	بخش هفتم- آیین‌نامه تعیین سقف حق بیمه شخص ثالث و نحوه تخفیف، افزایش یا تقسیط آن		10	ماده 10- نیروی انتظامی جمهوری اسلامی ایران موظف است ظرف سه ماه پس از تاریخ ابلاغ این آیین نامه، امکان دسترسی بیمه مرکزی و صندوق تامین خسارت های بدنی را به سوابق تخلفات و تصادفات رانندگان و نمرات منفی ثبت شده فراهم نماید تا در اختیار بیمه گر قرار گیرد.
aeename-bimeh	آیین‌نامه بیمه	بخش هفتم- آیین‌نامه تعیین سقف حق بیمه شخص ثالث و نحوه تخفیف، افزایش یا تقسیط آن		11	ماده 11- نحوه اجرای این آیین نامه در خصوص ثبت اطلاعات و بیمه نمودن خودروهای نیروهای مسلح و وزارت دفاع و پشتیبانی نیروهای مسلح و سازمان های وابسته و خودروهای متعلق به دستگاه های امنیتی طبق دستورالعمل مشترکی خواهد بود که توسط بیمه مرکزی و وزارتخانه های دفاع و پشتیبانی نیروهای مسلح و اطلاعات تهیه و ابلاغ می شود.
aeename-bimeh	آیین‌نامه بیمه	بخش هشتم- آیین نامه اجرایی ماده (30) قانون بیمه اجباری خسارات وارد شده به شخص ثالث در اثر حوادث ناشی از وسایل نقلیه		1	ماده 1- در این آیین­نامه اصطلاحات زیر در معانی مشروح مربوط به کار می­رود و سایر اصطلاحات تابع تعاریف مندرج در قانون بیمه اجباری خسارات وارد شده به شخص ثالث در اثر حوادث ناشی از وسایل نقلیه - مصوب 1395- است: الف - قانون: قانون بیمه اجباری خسارات وارد شده به شخص ثالث در اثر حوادث ناشی از وسایل نقلیه - مصوب 1395- . ب - زیان­دیده: هر شخصی که به سبب حوادث موضوع قانون دچار خسارت بدنی و یا مالی شود به استثنای راننده مسبب حادثه. پ - بیمه­گر: شرکت سهامی بیمه ایران و هر شرکت­ بیمه غیردولتی دارای مجوز فعالیت در رشته بیمه شخص ثالث از بیمه مرکزی. ت - بیمه­نامه شخص ثالث: سند حاکی از انعقاد قرارداد بیمه، متعلق به وسیله نقلیه موضوع ماده (2) قانون، میان دارنده وسیله نقلیه و بیمه­گر که دارای تاریخ اعتبار باشد. ث - ذی­نفع: زیان­دیده یا اولیای دم یا قائم مقام متوفی و یا نماینده قانونی وی حسب مورد. ج - راننده مسبب حادثه: شخصی که مطابق قوانین و مقررات مربوط، مسئول جبران خسارت­های وارده شناخته می­شود.
aeename-bimeh	آیین‌نامه بیمه	بخش هشتم- آیین نامه اجرایی ماده (30) قانون بیمه اجباری خسارات وارد شده به شخص ثالث در اثر حوادث ناشی از وسایل نقلیه		2	ماده 2- برای دریافت خسارت بدنی، ذی­نفع حق دارد با ارایه اصل یا تصویر برابر اصل مدارک زیر به طور مستقیم، حسب مورد به بیمه­گر مربوط یا صندوق مراجعه نماید: الف - گزارش کارشناس راهنمایی و رانندگی یا مقامات انتظامی و یا گزارش کمیسیون جلوگیری از سوانح راه آهن (در حوادث ریلی) یا نظریه قطعی کارشناس یا هیأت کارشناسی منتخب مراجع قضایی. ب - مدرک شناسایی معتبر، گذرنامه یا هر گونه مدرک صادره از سوی مراجع ذی­صلاح برای اتباع خارجی. پ - جواز دفن یا گواهی فوت یا شناسنامه باطل شده متوفی. ت - نظریه پزشکی قانونی در صورت نیاز. ث - رأی مرجع قضایی در صورت نیاز. ج - گواهی انحصار وراثت در صورت فوت زیان­دیده. چ - اوراق بالینی بیمارستانی، کاربرگ (فرم) مراقبت­های اورژانس، اظهارات شهود حسب مورد و شماره حساب ذی­نفع (صرفاً برای ارایه به صندوق). تبصره1- راننده مسبب حادثه می­تواند با ارایه مدارک موضوع این ماده برای تشکیل و تکمیل پرونده پرداخت خسارت بدنی به زیان دیده حسب مورد به بیمه­گر یا صندوق مراجعه کند. تبصره2- راهنمایی و رانندگی موظف است استعلام­های مربوط به گواهینامه رانندگی از سوی بیمه­گر مربوط را ظرف دو هفته پاسخ دهد. در هر صورت پرداخت خسارت به زیان­دیده موکول به پاسخ راهنمایی و رانندگی نیست. تبصره3- در حوادث رانندگی منجر به فوت، در صورت مطالبه قائم مقام قانونی یا درخواست راننده مسبب حادثه، بیمه­گر مربوط یا صندوق حسب مورد می­تواند بدون نیاز به رأی مرجع قضایی و با رعایت ماده (36) قانون، خسارت بدنی را پرداخت نماید. تبصره4- در حوادث رانندگی منجر به خسارت بدنی غیر از فوت، در صورت مطالبه زیان­دیده یا قائم مقام قانونی وی، بیمه­گر مربوط یا صندوق حسب مورد مکلف است بلافاصله (حداکثر تا پانزده روز) حداقل پنجاه درصد دیه تقریبی را پرداخت نماید و باقی­مانده آن را پس از معین شدن میزان قطعی دیه با رعایت مواد (31) و (32) قانون بپردازد.
aeename-bimeh	آیین‌نامه بیمه	بخش هشتم- آیین نامه اجرایی ماده (30) قانون بیمه اجباری خسارات وارد شده به شخص ثالث در اثر حوادث ناشی از وسایل نقلیه		3	ماده 3- برای دریافت خسارت مالی، زیان­دیده یا نماینده قانونی وی حق دارد با ارایه اطلاعات و اصل یا تصویر برابر اصل مدارک زیر به طور مستقیم به بیمه­گر مربوط مراجعه نماید: الف - بیمه­نامه شخص ثالث یا هرگونه مدرک دیگری که حاکی از بیمه بودن وسیله نقلیه مسبب حادثه در زمان وقوع حادثه باشد. ب - گزارش کارشناس راهنمایی و رانندگی و یا گزارش کمیسیون جلوگیری از سوانح راه آهن (در حوادث ریلی) یا نظریه قطعی کارشناس یا هیأت کارشناسی منتخب مراجع قضایی. پ - مدرک شناسایی راننده مسبب حادثه. تبصره - راننده مسبب حادثه می­تواند با ارایه مدارک موضوع این ماده جهت تشکیل و تکمیل پرونده پرداخت خسارت مالی به زیان­دیده به بیمهگر مراجعه کند.
aeename-bimeh	آیین‌نامه بیمه	بخش هشتم- آیین نامه اجرایی ماده (30) قانون بیمه اجباری خسارات وارد شده به شخص ثالث در اثر حوادث ناشی از وسایل نقلیه		4	ماده 4- در اجرای ماده (40) قانون، بیمه­گر مکلف است در صورت وجود شرایط زیر با دریافت مدارک موضوع ماده (3) این آییننامه بدون اخذ گزارش مقامات انتظامی خسارت مالی زیان­دیده را پرداخت نماید: الف - وسایل نقلیه طرفین در زمان وقوع حادثه دارای بیمه­نامه شخص ثالث معتبر باشند. ب - به نحو مطمئنی از جمله مراجعه همزمان مقصر و زیان دیده به همراه وسیله نقلیه مربوط یا مراجعه مستقیم کارشناس ارزیاب احراز شود که بین طرفین درخصوص راننده مسبب حادثه اختلافی نباشد. پ - خسارت مالی وارده یا مطالبه شده از سوی زیان­دیده حداکثر تا سقف تعهد مالی اجباری مندرج در ماده (40) قانون باشد.
aeename-bimeh	آیین‌نامه بیمه	بخش هشتم- آیین نامه اجرایی ماده (30) قانون بیمه اجباری خسارات وارد شده به شخص ثالث در اثر حوادث ناشی از وسایل نقلیه		5	ماده 5- صندوق یا بیمه­گر حسب مورد مکلفند در اولین مراجعه زیان­دیده یا راننده مسبب حادثه یا ذی­نفع یا نماینده قانونی هر یک از آنها، ضمن اعلام کتبی فهرست مدارک مندرج در مواد (2) و (3) این آیین­نامه، کار برگ (فرم) اعلام خسارت را با درج تاریخ و امضاء از ایشان اخذ و ثبت نموده و رسید یا شناسه (کد) رهگیری مربوط را به ایشان تحویل نماید. تبصره1- در صورت وجود نقص در مدارک ارایه شده، بیمه­گر یا صندوق موظف است مراتب را ظرف سه روز کاری پس از دریافت مدارک به صورت کتبی به زیان­دیده یا راننده مسبب حادثه یا ذی­نفع یا نماینده قانونی هر یک از آنها اعلام نماید. تبصره2- صندوق یا بیمه­گر حسب مورد مکلفند بلافاصله پس از تکمیل مدارک پرونده رسیدی مبنی بر تکمیل پرونده به زیان­دیده یا راننده مسبب حادثه یا ذی­نفع یا نماینده قانونی هر یک از آنها تحویل نمایند.
aeename-bimeh	آیین‌نامه بیمه	بخش هشتم- آیین نامه اجرایی ماده (30) قانون بیمه اجباری خسارات وارد شده به شخص ثالث در اثر حوادث ناشی از وسایل نقلیه		6	ماده 6- بیمه­گر موظف است در مواردی که خسارت بدنی زیان­دیده بیشتر از سقف تعهدات بدنی مندرج در بیمه­نامه شخص ثالث باشد قبل از پرداخت کل خسارت بدنی، بلافاصله مراتب را به همراه مدارک موضوع ماده (2) این آیین­نامه از طریق سامانه الکترونیک موضوع ماده (55) قانون یا سایر سامانه­های مورد تأیید بیمه مرکزی برای صندوق و بیمه مرکزی ارسال نماید. صندوق موظف است ظرف پانزده روز کاری پس از اعلام مراتب و ارسال مدارک مذکور نتیجه را به بیمه­گر و بیمه مرکزی اعلام نماید. عدم اعلام نتیجه در مهلت یادشده به منزله پذیرش تعهد از جانب صندوق خواهد بود.
aeename-bimeh	آیین‌نامه بیمه	بخش هشتم- آیین نامه اجرایی ماده (30) قانون بیمه اجباری خسارات وارد شده به شخص ثالث در اثر حوادث ناشی از وسایل نقلیه		7	ماده 7- بیمه گر موظف است در ارزیابی خسارت مالی وارد شده به وسیله نقلیه زیان­دیده، علاوه بر هزینه­های جایگزینی قطعات آسیب­دیده و اجرت تعمیر وسیله نقلیه، مالیات بر ارزش افزوده و هزینه پرداخت شده برای نجات و یا انتقال وسیله نقلیه خسارت­ دیده به نزدیک­ترین محل مناسب برای تعمیر و کسر قیمت وسیله نقلیه را در نظر گیرد و نسبت به پرداخت این موارد تا سقف تعهدات مالی مندرج در بیمه نامه شخص ثالث با رعایت تبصره (3) ماده (8) قانون اقدام نماید. هر گونه افزایش حق بیمه و نرخ آن بابت پرداخت خسارت کسر قیمت وسیله نقلیه توسط شرکتهای بیمه گر و مراجع تصمیم گیر در تعیین حق بیمه و نرخ آن در سال جاری و سال های آتی مجاز نیست. دستورالعمل نحوه محاسبه خسارت کسر قیمت وسیله نقلیه توسط بیمه مرکزی جمهوری اسلامی ایران با همکاری فرماندهی انتظامی جمهوری اسلامی ایران، راهنمایی و رانندگی، مرکز وکلا کارشناسان رسمی و مشاوران خانواده قوه قضائیه و کانون کارشناسان رسمی دادگستری تهیه میشود و ظرف حداکثر سه ماه پس از ابلاغ این آیین نامه به تصویب شورای عالی بیمه میرسد. تبصره1- در صورت تخلف بیمه­گر از مفاد این ماده، بیمه مرکزی موظف است ظرف پانزده روز به درخواست زیان­دیده یا راننده مسبب حادثه یا ذی­نفع یا نماینده قانونی هر یک از آنها رسیدگی و در مورد آن اتخاذ تصمیم نماید. تصمیم بیمه مرکزی برای بیمه­گر لازم­الاجرا می­باشد. در صورت عدم تمکین بیمه­گر به تصمیم مذکور مطابق ماده (57) قانون اقدام خواهد شد. تبصره2- اجرای این ماده نافی حق مراجعه مستقیم زیان­دیده یا راننده مسبب حادثه یا ذی­نفع یا نماینده قانونی هر یک از آنها به مرجع قضایی یا سایر مراجع صلاحیت­دار و طرح دعوی علیه بیمه­گر یا صندوق نخواهد بود.
aeename-bimeh	آیین‌نامه بیمه	بخش نهم- آیین ‌­نامه اجرایی ماده (42) قانون بیمه اجباری خسارات وارد شده به شخص ثالث در اثر حوادث ناشی از وسایل نقلیه	فصل اول- آیین نامه نحوه توقیف وسایل نقلیه فاقد بیمه نامه شخص ثالث	1	ماده 1- در این آیین نامه اصطلاحات زیر در معانی مشروح مربوط به کار می روند و سایر اصطلاحات مندرج در این آیین نامه تابع تعاریف مندرج در قانون بیمه اجباری خسارات وارد شده به شخص ثالث در اثر حوادث ناشی از وسایل نقلیه است: الف - قانون: قانون بیمه اجباری خسارات وارد شده به شخص ثالث در اثر حوادث ناشی از وسایل نقلیه - مصوب 1395-. ب - پلیس: مأموران راهنمایی و رانندگی و پلیس راه نیروی انتظامی جمهوری اسلامی ایران. پ - بیمه گر: شرکت سهامی بیمه ایران و هر شرکت بیمه غیردولتی دارای مجوز فعالیت در رشته بیمه شخص ثالث از بیمه مرکزی. ت - بیمه نامه معتیر شخص ثالث: سند حاکی از انعقاد قرارداد بیمه، متعلق به وسیله نقلیه موضوع ماده (2) قانون، میان دارنده وسیله نقلیه و بیمه گر که دارای تاریخ اعتبار باشد. ث - توقفگاه: توقفگاه های مذکور در تصویب نامه شماره 179398 /ت 46844ک مورخ 13 /9 /1391 و اصلاحات بعدی آن. ج- توقیف: بازداشتن وسیله نقلیه از حرکت تا زمان ارایه بیمه نامه معتبر. چ - سامانه بیمه نامه شخص ثالث: سامانه ای الکترونیکی به منظور تجمیع اطلاعات بیمه نامه های شخص ثالث صادر شده توسط بیمه گر. ح - دارنده وسیله نقلیه: اعم از مالک یا متصرف وسیله نقلیه است و هر کدام که بیمه نامه موضوع ماده (2) قانون را تحصیل کند تکلیف از دیگری ساقط می شود.
aeename-bimeh	آیین‌نامه بیمه	بخش نهم- آیین ‌­نامه اجرایی ماده (42) قانون بیمه اجباری خسارات وارد شده به شخص ثالث در اثر حوادث ناشی از وسایل نقلیه	فصل اول- آیین نامه نحوه توقیف وسایل نقلیه فاقد بیمه نامه شخص ثالث	2	ماده 2- بیمه مرکزی موظف است امکان شناسایی بر خط وسایل نقلیه دارای بیمه نامه معتبر شخص ثالث را برای پلیس و سایر مراجع ذی ربط فراهم آورد.
aeename-bimeh	آیین‌نامه بیمه	بخش نهم- آیین ‌­نامه اجرایی ماده (42) قانون بیمه اجباری خسارات وارد شده به شخص ثالث در اثر حوادث ناشی از وسایل نقلیه	فصل اول- آیین نامه نحوه توقیف وسایل نقلیه فاقد بیمه نامه شخص ثالث	3	ماده 3- به منظور درج دقیق مشخصات وسیله نقلیه در بیمه نامه معتبر شخص ثالث و تعیین اصالت استعلام بر خط وضعیت بیمه نامه، پلیس موظف است امکان دسترسی بیمه مرکزی به اطلاعات مورد نیاز را مطابق ماده (54) قانون فراهم آورد.
aeename-bimeh	آیین‌نامه بیمه	بخش نهم- آیین ‌­نامه اجرایی ماده (42) قانون بیمه اجباری خسارات وارد شده به شخص ثالث در اثر حوادث ناشی از وسایل نقلیه	فصل اول- آیین نامه نحوه توقیف وسایل نقلیه فاقد بیمه نامه شخص ثالث	4	ماده 4- حرکت وسیله نقلیه بدون داشتن بیمه نامه معتبر شخص ثالث ممنوع است. در صورتی که دارنده وسیله نقلیه مدعی شود بیمه نامه معتبر شخص ثالث را به همراه ندارد، پلیس موظف است براساس استعلام از بیمه، نسبت به احراز دارا بودن بیمه نامه یا فقدان آن اقدام و در صورت فقدان بیمه نامه معتبر شخص ثالث، ضمن اعمال قانون، وسیله نقلیه را توقیف و به توقفگاه منتقل نماید. تبصره 1- انتقال وسیله نقلیه به توقفگاه و مسئولیت جبران خسارات وارد شده به وسیله نقلیه در زمان حمل و جابه جایی و طی دوران توقیف، هزینه حمل، جابه جایی و نگهداری وسیله نقلیه و نحوه اخذ وجه بر اساس تصویب نامه شماره 179398 /ت 46844ک مورخ 13 /9 /1391 و اصلاحات بعدی آن است. تبصره 2- در صورت توقیف وسیله نقلیه به علت فقدان بیمه نامه پس از طی فرآیند این ماده برای رانندگان وسایل نقلیه عمومی حمل مسافر و بار، دارنده و مؤسسه یا شرکت مربوط موظفند به نحو مطمئن و مناسب نسبت به انتقال مسافران یا بار تا مقصد و همچنین جبران خسارات وارد شده اقدام نمایند.
aeename-bimeh	آیین‌نامه بیمه	بخش نهم- آیین ‌­نامه اجرایی ماده (42) قانون بیمه اجباری خسارات وارد شده به شخص ثالث در اثر حوادث ناشی از وسایل نقلیه	فصل اول- آیین نامه نحوه توقیف وسایل نقلیه فاقد بیمه نامه شخص ثالث	5	ماده 5- به کارگیری وسایل نقلیه فاقد بیمه نامه معتبر شخص ثالث توسط شرکت ها و مؤسسات حمل و نقل بار و مسافر ممنوع است. در صورت احراز تخلف، پلیس مکلف است مراتب را در اسرع وقت مطابق ماده (31) قانون رسیدگی به تخلفات رانندگی - مصوب 1389- جهت اعمال قانون به مراجع ذی ربط اعلام نماید.
aeename-bimeh	آیین‌نامه بیمه	بخش نهم- آیین ‌­نامه اجرایی ماده (42) قانون بیمه اجباری خسارات وارد شده به شخص ثالث در اثر حوادث ناشی از وسایل نقلیه	فصل اول- آیین نامه نحوه توقیف وسایل نقلیه فاقد بیمه نامه شخص ثالث	6	ماده 6- رفع هرگونه توقیف از وسایل نقلیه، مستلزم احراز دارا بودن بیمه نامه معتبر شخص ثالث است.
aeename-bimeh	آیین‌نامه بیمه	بخش نهم- آیین ‌­نامه اجرایی ماده (42) قانون بیمه اجباری خسارات وارد شده به شخص ثالث در اثر حوادث ناشی از وسایل نقلیه	فصل اول- آیین نامه نحوه توقیف وسایل نقلیه فاقد بیمه نامه شخص ثالث	7	ماده 7- مراجع ذی ربط موظفند در مبادی ورودی و خروجی مرزهای جمهوری اسلامی ایران نسبت به نظارت و احراز دارا بودن بیمه نامه وسایل نقلیه اقدام و در صورت فقدان بیمه نامه نسبت به توقیف وسایل نقلیه فاقد بیمه نامه معتبر شخص ثالث، با رعایت ماده (7) قانون اقدام نمایند.
aeename-bimeh	آیین‌نامه بیمه	بخش نهم- آیین ‌­نامه اجرایی ماده (42) قانون بیمه اجباری خسارات وارد شده به شخص ثالث در اثر حوادث ناشی از وسایل نقلیه	فصل اول- آیین نامه نحوه توقیف وسایل نقلیه فاقد بیمه نامه شخص ثالث	8	ماده 8- وزارت راه و شهرسازی (سازمان راهداری و حمل و نقل جاده ای کشور) موظف است ترتیبی اتخاذ نماید تا در بارنامه وسایل نقلیه باربری و صورت وضعیت مسافری، شماره بیمه نامه معتبر شخص ثالث و تاریخ انقضای آن درج گردد.
aeename-bimeh	آیین‌نامه بیمه	بخش دهم- آیین‌­نامه اجرایی ماده (57) قانون بیمه اجباری خسارات وارد شده به شخص ثالث در اثر حوادث ناشی از وسایل نقلیه	فصل اول- آیین نامه نحوه رسیدگی به قصور یا تخلف شرکت های بیمه	1	ماده 1- در این آیین نامه، اصطلاحات زیر در معانی مشروح مربوط به کار می روند: الف - قانون: قانون بیمه اجباری خسارات وارد شده به شخص ثالث در اثر حوادث ناشی از وسایل نقلیه - مصوب 1395 - ب - بیمه مرکزی: بیمه مرکزی جمهوری اسلامی ایران. پ - بیمه گر: شرکت سهامی بیمه ایران و یا هر شرکت بیمه غیردولتی که مجوز فعالیت در رشته بیمه شخص ثالث از بیمه مرکزی را داشته باشد. ت - بیمه گذار: هر شخص حقیقی یا حقوقی اعم از مالک وسیله نقلیه یا متصرف آن که قرارداد بیمه شخص ثالث را با بیمه گر منعقد می کند. ث - صندوق: صندوق تأمین خسارت های بدنی. ج - قصور: ارتکاب سهوی و غیرعمدی هر یک از اقدامات خلاف قانون اعم از فعل یا ترک فعل مندرج در ماده (2) این آیین نامه. چ - تخلف: ارتکاب عمدی و آگاهانه هر یک از اقدامات خلاف قانون اعم از فعل یا ترک فعل مندرج در ماده (2) این آیین نامه. ح - قصور یا تخلف مالی: هر اقدام خلاف قانون موضوع ماده (2) این آیین نامه که متضمن اضرار مالی مستقیم به بیمه گذار، زیان دیده، ذی نفع یا بیمه شده و صندوق و بیمه گر باشد. خ - تعدد قصور یا تخلف: ارتکاب همزمان یا غیرهمزمان دو یا چند اقدام خلاف قانون یا ارتکاب بیش از یک بار عمل خلاف واحد. د - تکرار قصور یا تخلف: ارتکاب یک نوع اقدام خلاف قانون برای بار دوم یا بیشتر پس از محکومیت به قصور یا تخلف قبلی. ذ - تخفیف مجازات: تقلیل جریمه نقدی موضوع بند (ت) ماده (57) قانون به درجه خفیف تر از همان نوع یا نوع خفیف تر یا تبدیل مجازات در صورت وجود یک یا چند جهت از جهات تخفیف موضوع ماده (12) این آیین نامه. ر - مرجع رسیدگی کننده: حسب مورد بیمه مرکزی و شورای عالی بیمه. ز - مدیران بیمه گر: هر یک از افراد موضوع بند (ب) ماده (57) قانون. ژ - سلب صلاحیت حرفه ای: برکناری موقت یا دایمی مدیران بیمه گر از سمت خود بنا به تصمیم بیمه مرکزی و تأیید شورای عالی بیمه. س - کمیسیون: کمیسیون موضوع تبصره (5) ماده (57) قانون. ش - مرجع رسیدگی به اعتراض بیمه گر: حسب مورد کمیسیون یا مرجع قضایی ذی صلاح. ص - زیان دیده ثالث: هر شخصی که به سبب حوادث ناشی از وسیله نقلیه دچار خسارت بدنی و یا مالی شده اعم از اینکه داخل وسیله نقلیه باشد یا خارج از آن به استثنای راننده مسبب حادثه. ض - ذی نفع: در صورت فوت زیان دیده ثالث یا بیمه شده، وراث قانونی آنان و در سایر خسارت های بدنی حسب مورد زیان دیده ثالث یا بیمه شده و در خسارت های مالی زیان دیده ثالث.
aeename-bimeh	آیین‌نامه بیمه	بخش دهم- آیین‌­نامه اجرایی ماده (57) قانون بیمه اجباری خسارات وارد شده به شخص ثالث در اثر حوادث ناشی از وسایل نقلیه	فصل اول- آیین نامه نحوه رسیدگی به قصور یا تخلف شرکت های بیمه	2	ماده 2- مصادیق قصور یا تخلف موضوع این آیین نامه به شرح زیر است: الف - عرضه بیمه بدون مجوز یا امتناع از عرضه بیمه توسط بیمه گر و عدم رعایت مقررات مربوط به آن شامل موارد زیر: 1 - مبادرت بیمه گر به فعالیت در رشته بیمه شخص ثالث و فروش بیمه نامه بدون کسب مجوز موضوع ماده (5) قانون. 2 - عدم اخذ مجوز از بیمه مرکزی برای اعمال تخفیفات بیشتر از دو و نیم درصد (5 / 2%) نرخ نامه حق بیمه مصوب شورای عالی بیمه موضوع تبصره (4) ماده (18) قانون. 3 - امتناع از عرضه بیمه موضوع مواد (2) و (3) قانون یا امتناع از عرضه پوشش مازاد خسارت های مالی موضوع تبصره (1) ماده (8) قانون توسط بیمه گر دارای مجوز. ب - تخلفات مربوط به فرآیند صدور بیمه نامه و تنظیم شروط آن و اخذ حق بیمه شامل موارد زیر: 1 - اخذ حق بیمه های موضوع قانون بدون رعایت آیین نامه های اجرایی مربوط. 2 - اخذ حق بیمه حوادث راننده مسبب حادثه مازاد بر تعرفه مصوب هیئت وزیران موضوع ماده (3) قانون. 3 - عدم رعایت ضوابط مصوب بیمه مرکزی در تعیین تعرفه حق بیمه موضوع تبصره (1) ماده (8) قانون. 4 - اعطای تخفیف مربوط به نداشتن حوادث منجر به خسارت یا انتقال آن بدون رعایت ضوابط مقرر در آیین نامه های اجرایی آنها و عدم اعمال کلیه تخفیفات مربوط به نداشتن حوادث منجر به خسارت موضوع تبصره ماده (6) قانون. 5 - عدم رعایت آیین نامه مربوط به تعیین سقف حق بیمه و تخفیف، افزایش و یا تقسیط حق بیمه موضوع ماده (18) قانون و یا عدم رعایت ضوابط مربوط به اعطای تخفیف به رانندگانی که دوره های آموزشی رانندگی ایمن و کم خطر را سپری نموده و گواهینامه مربوط را ارایه داده اند موضوع تبصره (5) ماده (18) قانون. 6 - درج هرگونه شرط تقلیل دهنده مزایای بیمه گذار یا زیان دیده و یا تعهدات بیمه گر از مزایای مندرج در قانون و یا درج هرگونه شرط تعلیق تعهدات بیمه گر در قرارداد بیمه. پ - تخلفات مربوط به فرآیند تشخیص و پرداخت خسارت شامل موارد زیر: 1 - خودداری از پرداخت تمام یا بخشی از خسارت بیمه موضوع مواد (2) و (3) قانون و یا عدم پرداخت کامل خسارت به دلیل جنسیت و دین موضوع تبصره (2) ماده (8) و ماده (10) قانون یا عدم رعایت ظرفیت مجاز وسیله نقلیه یا کاربری آن موضوع ماده (12) قانون و یا نداشتن پوشش بیمه ای کافی وسیله نقلیه یا به هر دلیل دیگر مربوط به ماده (13) قانون و تبصره آن. 2 - عدم پرداخت خسارت در مهلت های قانونی مقرر در مواد (31 ) و (32) قانون. 3 - عدم تودیع خسارت بدنی نزد صندوق و یا عدم تحویل قبض واریز به مرجع قضایی طبق ماده (32) قانون. 4 - اخذ هرگونه رضایت نامه از زیان دیده دایر بر رضایت به پرداخت خسارت کمتر از مزایای مندرج در قانون و یا موکول نمودن پرداخت خسارت به هرگونه قید و شرط و اخذ تضمین در موارد مندرج در مواد (14) و (15) قانون. 5 - خودداری از پذیرش اشخاص ثالث زیان دیده که با ارایه مدارک لازم برای دریافت خسارت به طور مستقیم به بیمه گر مراجعه کرده اند. همچنین خودداری از پذیرش مسبب حادثه که با ارایه مدارک لازم جهت تشکیل پرونده خسارت، به بیمه گر مراجعه کرده است موضوع ماده (30) قانون. 6 - تأخیر در پرداخت حداقل پنجاه درصد (50 ٪) از دیه تقریبی به اشخاص ثالث زیان دیده در حوادث رانندگی منجر به خسارت بدنی غیر از فوت به رغم مطالبه زیان دیده و دریافت گزارش کارشناس راهنمایی رانندگی یا پلیس راه یا کمیسیون جلوگیری از سوانح راه آهن موضوع تبصره (2) ماده (2) قانون دسترسی آزاد به شبکه حمل و نقل ریلی - مصوب 1384 - (در خصوص حوادث مربوط به قطارهای شهری و بین شهری) و پزشکی قانونی موضوع ماده (34) قانون. 7 - عدم رعایت الزامات مقرر در ماده (39) قانون و تبصره آن. 8 - عدم پرداخت یا موکول کردن پرداخت خسارت مالی ناشی از حوادث رانندگی موضوع قانون به دریافت گزارش مقامات انتظامی در مواردی که وسایل نقلیه مسبب و زیان دیده در زمان حادثه دارای بیمه نامه معتبر بوده و بین طرفین اختلافی وجود نداشته باشد موضوع ماده (40) قانون. ت - سایر تخلفات 1 - دریافت مازاد پرداختی به زیان دیده خسارت بدنی ناشی از افزایش مبلغ دیه از صندوق، درمواردی که افزایش مبلغ دیه ناشی از تأخیر بیمه گر در پرداخت دیه باشد موضوع قسمت اخیر ماده (13) قانون. 2 - عدم اجرای رای هیئت موضوع ماده (29) قانون از سوی شرکت بیمه. 3 - عدم پرداخت حقوق قانونی صندوق و یا وزارت بهداشت، درمان و آموزش پزشکی از سوی بیمه گر. 4 - فراهم نکردن امکان شناسایی وسایل نقلیه فاقد بیمه نامه شخص ثالث برای پلیس راهنمایی و رانندگی و یا پلیس راه موضوع ماده (43) قانون. 5- فراهم نکردن امکان دسترسی بیمه مرکزی به کلیه اطلاعات مورد نیاز در رابطه با بیمه نامه های صادره و خسارت های مربوط به صورت برخط در مهلت مقرر قانونی. 6 - عدم رعایت دستورالعمل بیمه مرکزی در خصوص ثبت ذخایر تأیید شده از سوی بیمه مرکزی در دفاتر و صورت های مالی خود موضوع قسمت اخیر ماده (58) قانون. 7 - عدم پرداخت جریمه تأخیر روزانه موضوع ماده (33) قانون. 8 - خودداری یا تأخیر در اجرای تصمیم قطعی بیمه مرکزی و یا عدم اجرای رای قطعی مرجع رسیدگی به اعتراض بیمه گر موضوع ماده (57) قانون. 9 - عدم معرفی اعضای هیئت مدیره جایگزین در مهلت های مقرر. 10 - عدم اجرای سایر تکالیف مندرج در قانون که در این آیین نامه پیش بینی نشده است به تشخیص مرجع رسیدگی کننده.
aeename-bimeh	آیین‌نامه بیمه	بخش دهم- آیین‌­نامه اجرایی ماده (57) قانون بیمه اجباری خسارات وارد شده به شخص ثالث در اثر حوادث ناشی از وسایل نقلیه	فصل اول- آیین نامه نحوه رسیدگی به قصور یا تخلف شرکت های بیمه	3	ماده 3- مجازات اقدامات خلاف قانون موضوع ماده (2) این آیین نامه به ترتیب درجات زیر است: الف - توبیخ کتبی مدیران متخلف بیمه گر. ب - سلب صلاحیت حرفه ای مدیران بیمه گر به طور موقت به شرح زیر: 1 - سلب صلاحیت از یک ماه تا شش ماه. 2 - سلب صلاحیت بیش از شش ماه تا یک سال. 3 - سلب صلاحیت بیش از یک سال تا سه سال. 4 - سلب صلاحیت بیش از سه سال تا پنج سال. پ - سلب صلاحیت حرفه ای مدیران بیمه گر به طور دایم. ت - محکوم نمودن بیمه گر به پرداخت جریمه نقدی به شرح زیر: 1 - محکومیت بیمه گر از دو و نیم درصد (5 /2%) تعهدات بدنی تا مبلغ پنج برابر حداقل تعهدات بدنی موضوع ماده (8) قانون در زمان رسیدگی. 2 - محکومیت بیمه گر به بیش از پنج برابر تا مبلغ ده برابر حداقل تعهدات بدنی موضوع ماده (8) قانون در زمان رسیدگی. 3 - محکومیت بیمه گر به بیش از ده برابر تا مبلغ پانزده برابر حداقل تعهدات بدنی موضوع ماده (8) قانون در زمان رسیدگی. 4 - محکومیت بیمه گر به بیش از پانزده برابر تا مبلغ بیست برابر حداقل تعهدات بدنی موضوع ماده (8) قانون در زمان رسیدگی. ث - تعلیق فعالیت در یک یا چند رشته به شرح زیر: 1 - تعلیق فعالیت از پانزده روز تا سه ماه. 2 - تعلیق فعالیت بیش از سه ماه تا شش ماه. 3 - تعلیق فعالیت بیش از شش ماه تا یک سال. ج - لغو دایمی پروانه فعالیت به شرح زیر: 1 - لغو دایمی پروانه فعالیت در یک رشته بیمه. 2 - لغو دایمی پروانه فعالیت در چند رشته بیمه.
aeename-bimeh	آیین‌نامه بیمه	بخش دهم- آیین‌­نامه اجرایی ماده (57) قانون بیمه اجباری خسارات وارد شده به شخص ثالث در اثر حوادث ناشی از وسایل نقلیه	فصل اول- آیین نامه نحوه رسیدگی به قصور یا تخلف شرکت های بیمه	4	ماده 4- مجازات مدیران بیمه گر یا بیمه گرانی که مرتکب قصور یا تخلف مالی می شوند حسب میزان مالی قصور یا تخلف به شرح زیر است: الف - در صورتی که میزان مالی قصور یا تخلف تا ده برابر حداقل تعهدات بدنی موضوع ماده (8) قانون در زمان رسیدگی باشد، حسب تشخیص مرجع رسیدگی کننده یکی از مجازات های مندرج در بند (الف) یا اجزاء (1) و (2) بند (ب) ماده (3) این آیین نامه اعمال خواهد شد. ب - در صورتی که میزان مالی قصور یا تخلف از ده برابر تا بیست برابر حداقل تعهدات بدنی موضوع ماده (8) قانون در زمان رسیدگی باشد، حسب تشخیص مرجع رسیدگی کننده یکی از مجازات های موضوع اجزاء (3) و (4) بند (ب) یا اجزاء (3) و (4) بند (ت) ماده (3) این آیین نامه اعمال خواهد شد. پ - در صورتی که میزان مالی قصور یا تخلف بیش از بیست برابر حداقل تعهدات بدنی موضوع ماده (8) قانون در زمان رسیدگی باشد، حسب تشخیص مرجع رسیدگی کننده یکی از مجازات های موضوع بند (پ) یا اجزاء (3) و (4) بند (ت) یا بند (ث) یا بند (ج) ماده (3) این آیین نامه اعمال خواهد شد. تبصره - برآورد میزان اثر مالی تخلف بر اساس گزارش بیمه مرکزی انجام خواهد شد که بر مبنای گزارش یا شکایات واصله یا تخلفات از شرکت ها به دست می آید.
aeename-bimeh	آیین‌نامه بیمه	بخش دهم- آیین‌­نامه اجرایی ماده (57) قانون بیمه اجباری خسارات وارد شده به شخص ثالث در اثر حوادث ناشی از وسایل نقلیه	فصل اول- آیین نامه نحوه رسیدگی به قصور یا تخلف شرکت های بیمه	5	ماده 5- مدیران بیمه گر یا بیمه گرانی که مرتکب قصور یا تخلف غیرمالی می شوند، حسب نوع اقدام و نحوه ارتکاب آن (قصور یا تخلف) بنا به تشخیص مرجع رسیدگی کننده به یکی از مجازات های موضوع ماده (3) این آیین نامه محکوم می شوند.
aeename-bimeh	آیین‌نامه بیمه	بخش دهم- آیین‌­نامه اجرایی ماده (57) قانون بیمه اجباری خسارات وارد شده به شخص ثالث در اثر حوادث ناشی از وسایل نقلیه	فصل اول- آیین نامه نحوه رسیدگی به قصور یا تخلف شرکت های بیمه	6	ماده 6- در صورتی که فعل یا ترک فعل واحد مصداق دو یا چند عنوان تخلف مندرج در این آیین نامه قرار گیرد، مجازات عنوانی در نظر گرفته می شود که شدیدتر است.
aeename-bimeh	آیین‌نامه بیمه	بخش دهم- آیین‌­نامه اجرایی ماده (57) قانون بیمه اجباری خسارات وارد شده به شخص ثالث در اثر حوادث ناشی از وسایل نقلیه	فصل اول- آیین نامه نحوه رسیدگی به قصور یا تخلف شرکت های بیمه	7	ماده 7- در صورتی که قصور یا تخلف ارتکابی متعدد باشد (اعم از قصور یا تخلف مشابه یا غیرمشابه) مرجع رسیدگی کننده متناسب با تعداد، اهمیت قصور یا تخلفات و آثار اجتماعی و اقتصادی آنها، نسبت به اعمال مجازات شدیدتر اقدام می کند.
aeename-bimeh	آیین‌نامه بیمه	بخش دهم- آیین‌­نامه اجرایی ماده (57) قانون بیمه اجباری خسارات وارد شده به شخص ثالث در اثر حوادث ناشی از وسایل نقلیه	فصل اول- آیین نامه نحوه رسیدگی به قصور یا تخلف شرکت های بیمه	8	ماده 8- هرگاه ظرف پنج سال پس از محکومیت، قصور یا تخلفی از همان نوع قبلی ارتکاب یابد، مجازات درجه بالاتر نسبت به محکومیت قبلی اعمال می گردد.
aeename-bimeh	آیین‌نامه بیمه	بخش دهم- آیین‌­نامه اجرایی ماده (57) قانون بیمه اجباری خسارات وارد شده به شخص ثالث در اثر حوادث ناشی از وسایل نقلیه	فصل اول- آیین نامه نحوه رسیدگی به قصور یا تخلف شرکت های بیمه	9	ماده 9- در موارد اعمال مجازات های موضوع بندهای (ت)، (ث) و (ج) ماده (3) این آیین نامه، مرجع تصمیم گیرنده می تواند علاوه بر مجازات های قبلی، مجازات های موضوع بندهای (الف) یا (ب) و (پ) ماده مذکور را نیز به صورت جمع مجازات ها اعمال نماید.
aeename-bimeh	آیین‌نامه بیمه	بخش دهم- آیین‌­نامه اجرایی ماده (57) قانون بیمه اجباری خسارات وارد شده به شخص ثالث در اثر حوادث ناشی از وسایل نقلیه	فصل اول- آیین نامه نحوه رسیدگی به قصور یا تخلف شرکت های بیمه	10	ماده 10- اعمال مجازات های موضوع بندهای (ب)، ( پ)، (ث) و (ج) ماده (3) این آیین نامه با تأیید شورای عالی بیمه خواهد بود.
aeename-bimeh	آیین‌نامه بیمه	بخش دهم- آیین‌­نامه اجرایی ماده (57) قانون بیمه اجباری خسارات وارد شده به شخص ثالث در اثر حوادث ناشی از وسایل نقلیه	فصل اول- آیین نامه نحوه رسیدگی به قصور یا تخلف شرکت های بیمه	11	ماده 11- در مورد مجازات های موضوع بندهای (ت)، (ث) و (ج) ماده (3) این آیین نامه، بیمه مرکزی قبل از اتخاذ تصمیم، نظر مشورتی و تخصصی اتحادیه بیمه گران را اخذ می کند. چنانچه اتحادیه مذکور ظرف (15) روز از تاریخ دریافت نامه بیمه مرکزی نظر کتبی خود را اعلام نکند، بیمه مرکزی رأساً اقدام خواهد کرد.
aeename-bimeh	آیین‌نامه بیمه	بخش دهم- آیین‌­نامه اجرایی ماده (57) قانون بیمه اجباری خسارات وارد شده به شخص ثالث در اثر حوادث ناشی از وسایل نقلیه	فصل اول- آیین نامه نحوه رسیدگی به قصور یا تخلف شرکت های بیمه	12	ماده 12- مرجع رسیدگی کننده می تواند در صورت وجود یک یا چند جهت از جهات تخفیف به شرح زیر، مجازاتی را که به حال مرتکب مناسب تر است اعمال نماید: الف - انصراف کتبی ذی نفع از شکایت. ب - میزان تخلف مالی صورت گرفته کمتر از یک درصد (1 ٪) پرتفوی (سبد) شرکت بیمه در رشته ثالث و حوادث راننده باشد. پ - همکاری مؤثر مرتکب با مرجع تصمیم گیرنده. ت - حسن سابقه. ث - کوشش برای تقلیل و جبران آثار قصور یا تخلف و زیان ناشی از آن. تبصره - بیمه مرکزی باید جهات تخفیف را در تصمیم خود قید کند و اعمال تخفیف حداکثر تا دو مرتبه از همان نوع یا نوع دیگر مجاز است.
aeename-bimeh	آیین‌نامه بیمه	بخش دهم- آیین‌­نامه اجرایی ماده (57) قانون بیمه اجباری خسارات وارد شده به شخص ثالث در اثر حوادث ناشی از وسایل نقلیه	فصل اول- آیین نامه نحوه رسیدگی به قصور یا تخلف شرکت های بیمه	13	ماده 13- اعمال مجازات های موضوع قانون و این آیین نامه نافی ضرورت جبران خسارت ذی نفعان نیست.
aeename-bimeh	آیین‌نامه بیمه	بخش دهم- آیین‌­نامه اجرایی ماده (57) قانون بیمه اجباری خسارات وارد شده به شخص ثالث در اثر حوادث ناشی از وسایل نقلیه	فصل اول- آیین نامه نحوه رسیدگی به قصور یا تخلف شرکت های بیمه	14	ماده 14- بیمه مرکزی در صورت شکایت زیان دیده ثالث، بیمه گذار، ذی نفع و بیمه شده و یا وصول گزارش قصور یا تخلف مدیران بیمه گر یا بیمه گر از سوی مراجع قانونی شروع به رسیدگی می کند.
aeename-bimeh	آیین‌نامه بیمه	بخش دهم- آیین‌­نامه اجرایی ماده (57) قانون بیمه اجباری خسارات وارد شده به شخص ثالث در اثر حوادث ناشی از وسایل نقلیه	فصل اول- آیین نامه نحوه رسیدگی به قصور یا تخلف شرکت های بیمه	15	ماده 15- بیمه مرکزی می تواند به منظور تسریع در تهیه، جمع آوری و تکمیل مدارک و اطلاعات مورد نیاز از کارشناس یا هیئت کارشناسی استفاده نماید. کلیه مدیران و کارمندان بیمه گر، نمایندگی ها و کارگزاری های بیمه و کارکنان آنها موظفند با کارشناس یا هیئت کارشناسی همکاری لازم را به عمل آورده و اسناد و اطلاعات درخواستی را در مهلت تعیین شده از سوی مرجع رسیدگی کننده در اختیار آنها قرار دهند.
aeename-bimeh	آیین‌نامه بیمه	بخش دهم- آیین‌­نامه اجرایی ماده (57) قانون بیمه اجباری خسارات وارد شده به شخص ثالث در اثر حوادث ناشی از وسایل نقلیه	فصل اول- آیین نامه نحوه رسیدگی به قصور یا تخلف شرکت های بیمه	16	ماده 16- بیمه مرکزی پس از انجام بررسی های لازم، موارد قصور یا تخلف را به بیمه گر به صورت کتبی از طریق سامانه الکترونیکی مربوط ابلاغ و (10) روز مهلت برای پاسخ به موارد اعلامی تعیین خواهد نمود. این مهلت با تقاضای کتبی بیمه گر و موافقت بیمه مرکزی تا (10) روز دیگر قابل تمدید است. عدم وصول پاسخ کتبی در مواعد مقرر، مانع از رسیدگی و اتخاذ تصمیم نخواهد بود. تبصره - در صورتی که بیمه گر بنا به معاذیر موجه به تشخیص بیمه مرکزی، امکان دفاع در موعد مقرر را از دست داده باشد، بیمه مرکزی تا یک ماه از پایان موعد یاد شده مجاز به پذیرش لایحه دفاعی بیمه گر خارج از موعد تعیین شده خواهد بود.
aeename-bimeh	آیین‌نامه بیمه	بخش دهم- آیین‌­نامه اجرایی ماده (57) قانون بیمه اجباری خسارات وارد شده به شخص ثالث در اثر حوادث ناشی از وسایل نقلیه	فصل اول- آیین نامه نحوه رسیدگی به قصور یا تخلف شرکت های بیمه	17	ماده 17- در صورت تقاضای بیمه گر و شاکی مبنی بر حضور در جلسه رسیدگی، مرجع رسیدگی کننده در صورت تشخیص، حداقل سه روز قبل از جلسه از بیمه گر و شاکی برای حضور در جلسه رسیدگی دعوت می کند. عدم حضور هر یک از آنها مانع از رسیدگی و اتخاذ تصمیم نخواهد بود.
aeename-bimeh	آیین‌نامه بیمه	بخش دهم- آیین‌­نامه اجرایی ماده (57) قانون بیمه اجباری خسارات وارد شده به شخص ثالث در اثر حوادث ناشی از وسایل نقلیه	فصل اول- آیین نامه نحوه رسیدگی به قصور یا تخلف شرکت های بیمه	18	ماده 18- تصمیم مرجع رسیدگی کننده باید مستند به قانون و مقررات مربوط بوده و به بیمه گر ابلاغ و به نحو مقتضی به اطلاع شاکی یا شاکیان می رسد.
aeename-bimeh	آیین‌نامه بیمه	بخش دهم- آیین‌­نامه اجرایی ماده (57) قانون بیمه اجباری خسارات وارد شده به شخص ثالث در اثر حوادث ناشی از وسایل نقلیه	فصل اول- آیین نامه نحوه رسیدگی به قصور یا تخلف شرکت های بیمه	19	ماده 19- بیمه گر می تواند ظرف مهلت (30) روز از تاریخ ابلاغ تصمیم مرجع رسیدگی کننده از طریق سامانه الکترونیکی مربوط نسبت به تصمیم متخذه دایر بر اعمال مجازات های موضوع ماده (57) قانون (به جز بند (الف)) در کمیسیون اعتراض کند. در صورت عدم اعتراض بیمه گر در مهلت یاد شده رای مذکور قطعی و لازم الاجرا خواهد بود. تبصره - در صورتی که بنا به معاذیر موجه به تشخیص مرجع رسیدگی، بیمه گر نتواند در موعد مقرر نسبت به رای صادره اعتراض کند، مرجع رسیدگی کننده می تواند اعتراض بیمه گر در خارج از موعد را بپذیرد.
aeename-bimeh	آیین‌نامه بیمه	بخش دهم- آیین‌­نامه اجرایی ماده (57) قانون بیمه اجباری خسارات وارد شده به شخص ثالث در اثر حوادث ناشی از وسایل نقلیه	فصل اول- آیین نامه نحوه رسیدگی به قصور یا تخلف شرکت های بیمه	20	ماده 20- کمیسیون می تواند از بیمه گر و بیمه مرکزی برای حضور در جلسه رسیدگی دعوت نماید.
aeename-bimeh	آیین‌نامه بیمه	بخش دهم- آیین‌­نامه اجرایی ماده (57) قانون بیمه اجباری خسارات وارد شده به شخص ثالث در اثر حوادث ناشی از وسایل نقلیه	فصل اول- آیین نامه نحوه رسیدگی به قصور یا تخلف شرکت های بیمه	21	ماده 21- کمیسیون موظف است ظرف سه ماه نسبت به رسیدگی به ادله ابرازی و اسناد و مدارک موجود در پرونده و استماع اظهارات طرفین و اعلام ختم رسیدگی اقدام و رای مقتضی را ظرف (15) روز صادر کند. رای کمیسیون باید مستند به قانون و اصولی باشد که بر اساس آن صادر شده است. تبصره - کمیسیون می تواند مهلت یاد شده جهت رسیدگی را برای سه ماه دیگر تمدید کند. در هر حال کمیسیون مکلف به صدور رای است.
aeename-bimeh	آیین‌نامه بیمه	بخش دهم- آیین‌­نامه اجرایی ماده (57) قانون بیمه اجباری خسارات وارد شده به شخص ثالث در اثر حوادث ناشی از وسایل نقلیه	فصل اول- آیین نامه نحوه رسیدگی به قصور یا تخلف شرکت های بیمه	22	ماده 22- رای کمیسیون با اکثریت آرای اعضا، معتبر و لازم الاجرا است و ظرف (20) روز از تاریخ ابلاغ قابل اعتراض در مرجع قضایی ذی صلاح خواهد بود.
aeename-bimeh	آیین‌نامه بیمه	بخش دهم- آیین‌­نامه اجرایی ماده (57) قانون بیمه اجباری خسارات وارد شده به شخص ثالث در اثر حوادث ناشی از وسایل نقلیه	فصل اول- آیین نامه نحوه رسیدگی به قصور یا تخلف شرکت های بیمه	23	ماده 23- کلیه ابلاغ ها و اخطارها به بیمه گر از طریق سامانه الکترونیکی انجام می شود. عدم وصول پاسخ در مواعد مقرر مانع از رسیدگی و اتخاذ تصمیم نخواهد بود.
aeename-bimeh	آیین‌نامه بیمه	بخش دهم- آیین‌­نامه اجرایی ماده (57) قانون بیمه اجباری خسارات وارد شده به شخص ثالث در اثر حوادث ناشی از وسایل نقلیه	فصل اول- آیین نامه نحوه رسیدگی به قصور یا تخلف شرکت های بیمه	24	ماده 24- تصمیمات قطعی بیمه مرکزی و همچنین آرای لازم الاجرای کمیسیون به استثنای بندهای (الف) و (ت) ماده (57) قانون باید از سوی محکوم علیه ظرف هفت روز کاری اجرا شود. تأخیر در اجرا یا خودداری و ممانعت از اجرا، تخلف محسوب می شود و مرتکب به ترتیب به مجازات اشد از نوع مجازات مورد تصمیم یا رای یا انواع دیگر محکوم خواهد شد.
aeename-bimeh	آیین‌نامه بیمه	بخش دهم- آیین‌­نامه اجرایی ماده (57) قانون بیمه اجباری خسارات وارد شده به شخص ثالث در اثر حوادث ناشی از وسایل نقلیه	فصل اول- آیین نامه نحوه رسیدگی به قصور یا تخلف شرکت های بیمه	25	ماده 25- در صورت اعمال مجازات موضوع بندهای (ب) و (پ) ماده (57) قانون، افراد موضوع بندهای یاد شده حسب مورد از زمان قطعیت رای یا ابلاغ رای قطعی از تصدی سمت های مذکور در بند یاد شده در همان شرکت یا شرکت های بیمه حسب مورد به طور موقت یا دایم ممنوع خواهند بود.
