id,model,answer_final,confidence_mean,confidence_vote,votes_map,is_tie,latency_avg_ms,total_time_ms,answer_run1,confidence_run1,explanation_run1,error_run1,answer_run2,confidence_run2,explanation_run2,error_run2,answer_run3,confidence_run3,explanation_run3,error_run3,answer_run4,confidence_run4,explanation_run4,error_run4,answer_run5,confidence_run5,explanation_run5,error_run5
1,openai/gpt-oss-120b,2.0,83.3,0.6,"{""1"": 2, ""2"": 3}",False,13238.4,22677,1.0,80.0,طبق ماده ۲ قانون بیمه مسئولیت شخص ثالث، بیمه‌گر صرفاً نسبت به دیهٔ قانونی هر شخص آسیب‌دیده و خسارت مالی وارده به وسایل شخص ثالث تا سقف تعهدات مقرر مسئول است؛ لذا دیهٔ هر دو راننده تا میزان دیهٔ قانونی و خسارت به موتورسیکلت تا سقف تعهدات پرداخت می‌شود.,Empty response from model,2.0,90.0,بر اساس ماده ۴ و ۵ قانون بیمه اجباری خودروهای شخصی، بیمه‌گر مسئول پرداخت دیه شخص مقصر تا سقف تعهدات بیمه‌گر و دیه شخص آسیب‌دیده به میزان مقرر قانون (ماده ۱۷۳ قانون مدنی) و جبران خسارت مالی وسایل نقلیه ثالث تا سقف تعهدات است؛ لذا گزینه ۲ صحیح است.,Empty response from model,1.0,80.0,طبق ماده ۵ قانون بیمه اجباری وسایل نقلیه موتوری، بیمه‌گر ملزم به پرداخت دیه (جبران خسارات جانی) به هر شخص ثالث تا میزان دیه کامل مقرر توسط قانون و به پرداخت خسارات مالی (خراب شدن وسایل) تا سقف تعهدات بیمه‌نامه است. بنابراین دیه هر دو راننده تا میزان دیه کامل و خسارات مالی به موتورسیکلت تا سقف تعهدات جبران می‌شود.,Empty response from model,2.0,80.0,بر اساس قانون بیمه اجباری مسئولیت مدنی رانندگان وسایل نقلیه موتوری (ماده 7 و 8)، بیمه‌گر فقط دیه و خسارت مالی شخص ثالث (موتورسوار) را تا سقف تعهدات خود جبران می‌کند؛ دیه راننده مقصر تحت پوشش نیست. بنابراین گزینه 2 نزدیک‌ترین توصیف است.,Empty response from model,2.0,80.0,مطابق ماده ۲ قانون بیمه شخص ثالث، بیمه‌گر ملزم به جبران دیه افراد ثالث و خسارات مالی به وسیلهٔ ثالث تا سقف تعهدات بیمه‌نامه است؛ بنابراین دیه رانندهٔ الف تا سقف تعهدات خود و دیه رانندهٔ ب طبق قانون (تا سقف تعهدات) و خسارت مالی به موتورسیکلت تا سقف تعهدات پرداخت می‌شود.,Empty response from model
2,openai/gpt-oss-120b,1.0,86.7,0.6,"{""1"": 3, ""4"": 1, ""2"": 1}",False,10625.2,12811,1.0,90.0,هر دو هبه (ماده 733 قانون مدنی) و وصیت تملیکی (ماده 1020 قانون مدنی) از عقود عینی هستند و برای ایجاد اعتبار، قبول توسط موصیه لازم است؛ همچنین موصیه می‌تواند با قیض (انکار) خود اعتبار عقد را از بین ببرد.,Empty response from model,1.0,80.0,هر دو هبه و وصیت تملیکی عقود عینی محسوب می‌شوند؛ اعتبار آن‌ها مشروط به قبول موصیه (موصی له) است و قبل از قبول، واهب یا وصیت‌کننده می‌توانند آن را قیض کنند (ق.م. ماده 862 و مواد 1010‑1012 ق.م.).,Empty response from model,1.0,90.0,بر اساس ماده ۱۱۵۵ قانون مدنی، هبه یک عقد عینی است که قبول و قیض موصیه له شرط صحت آن است؛ و بر پایه ماده ۱۱۹۵ قانون مدنی، وصیت تملیکی نیز عقد عینی محسوب می‌شود که پذیرش موصیه له پیش‌نیاز صحت آن است. بنابراین هر دو در این خصوص مشابه‌اند.,Empty response from model,4.0,90.0,هر دو هبه و وصیت تملیکی عقود یک‌جانبه عینی هستند که برای اعتبار نیاز به قبول دارند؛ در صورت فوت واهب یا موصی له پیش از قبول، قرارداد منسوخ می‌شود (ماده ۱۰۷۲ و ۱۰۲۵ قانون مدنی).,Empty response from model,2.0,90.0,هر دو می‌توانند به شخص غیرمحصور اختصاص یابند؛ این امکان در ماده 734 قانون مدنی برای هبه و ماده 1105 قانون مدنی برای وصیت تملیکی قید شده است.,Empty response from model
3,openai/gpt-oss-120b,1.0,90.0,1.0,"{""1"": 5}",False,8405.2,12266,1.0,90.0,بر طبق ماده ۱۱۵۰ قانون مدنی، در عاربه طلا و نقره هر مستعیر به نسبت سهم خود مسئول زیان است؛ یعنی مسئولیت به صورت تسهیم است نه تضامنی.,,1.0,90.0,در قانون مدنی، ماده ۷۳۴ مقرر می‌دارد که اگر عاریه قابل تقسیم باشد، هر مستعیر نسبت به سهم خود مسئول است؛ طلا و نقره عاریه‌های قابل تقسیم‌اند، لذا مسئولیت به صورت تقسیم است.,,1.0,90.0,طبق ماده ۷۳۵ قانون مدنی، در صورت تقسیم‌پذیری عاریه (مانند طلا و نقره) مستعیران به نسبت سهم خود مسئول هستند؛ لذا مسئولیتشان تسهیم است نه تضامنی.,,1.0,90.0,بر طبق ماده ۱۰۲۹ قانون مدنی، در صورتی که مال مستعیر به چند نفر واگذار شود، هر مستعیر نسبت به بخشی از مال که به او واگذار شده است مسئول است؛ لذا مسئولیت به صورت تسهیم است، نه تضامنی.,Empty response from model,1.0,90.0,بر اساس ماده ۴۲۲ قانون مدنی، چند مستعیر که مال عاریه (طلا و نقره) به آنان تحویل شده و تلف شده باشد، نسبت به بدهی خود به صورت تسهیم (به نسبت سهم هر یک) مسئولند؛ لذا مسئولیتشان تضامنی نیست.,Empty response from model
4,openai/gpt-oss-120b,3.0,90.0,1.0,"{""3"": 5}",False,19845.0,30112,3.0,90.0,مضطر که در اثر اضطرار یا خطر ناگوار مال غیر را تلف می‌کند، بر اساس ماده ۷۴۴ قانون مدنی از مسئولیت مدنی معاف است، مگر آنکه تقصیر داشته باشد؛ در این حالت تقصیر او ثابت نشده است.,No valid JSON in response,3.0,90.0,بر اساس ماده ۱۱۵۵ قانون مدنی، مضطر که به ضرورت مال دیگری را صرفاً برای حفظ مال خود یا دیگران از خطر نابودی یا صدمه جدی تلف کند، از مسئولیت مدنی معاف است.,,3.0,90.0,بر وفق ماده ۷۳۵ قانون مدنی، شخص مضطر که در اثر اکراه خساری به مال دیگری وارد کند، در صورتی که از اجتناب از انجام عمل خودداری نکند، مسئولیت مدنی ندارد؛ لذا مضطر در این حالت مسئول نخواهد بود.,Empty response from model,3.0,90.0,طبق ماده ۱۱۵ قانون مدنی، مضطر که به دلیل اضطراری اجتناب‌ناپذیر مال غیر را تلف کند از مسئولیت مدنی معاف است.,,3.0,90.0,ماده 1044 قانون مدنی مبنی است که مضطر که به اضطراری مال دیگری را تلف کند، در صورت عدم وجود گزینه دیگر و ضرر به حد لازم، از مسئولیت مدنی معاف است.,
5,openai/gpt-oss-120b,2.0,90.0,1.0,"{""2"": 5}",False,11878.4,23751,2.0,90.0,ماده ۱۰۸۹ قانون مدنی بیان می‌کند که تعلیق اجرای قرارداد به دلیل مانع موقت (قوه قاهره) رخ می‌دهد و ناشی از اراده طرفین نیست؛ لذا ادعای اینکه در هر دو حالت تعلیق ناشی از اراده است، نادرست است.,No valid JSON in response,2.0,90.0,قانون مدنی تصریح می‌کند تعلیق می‌تواند ناشی از شرط معلق یا مانع قانونی باشد و لزوماً از اراده طرفین نیست (ماده 733‑734 ق.م.). بنابراین «در هر دو، تعلیق ناشی از اراده است» نادرست است.,,2.0,90.0,طبق مواد ۲۲۲ تا ۲۳۲ قانون مدنی، تعلیق می‌تواند ناشی از دلایل قانونی (مانند قوه قهریه) یا طلب طرفین باشد و نه صرفاً از اراده؛ بنابراین گزارهٔ «در هر دو، تعلیق ناشی از اراده است» نادرست است.,,2.0,90.0,بر اساس ماده 730 قانون مدنی، تعلیق اثر قرارداد ناشی از تحقق شرط معلق است و لزوماً از اراده طرفین نمی‌آید؛ در مرحله اجراء نیز تعلیق می‌تواند به دلیل عوامل قانونی (مانند قوه قاهره) باشد، لذا گزارهٔ «در هر دو، تعلیق ناشی از اراده است» نادرست است.,Empty response from model,2.0,90.0,در مرحله انعقاد تعلیق می‌تواند ناشی از شرط یا مانع باشد که لزوماً از اراده طرفین نیست؛ در مرحله اجرا نیز قوه قاهره یا حکم دادگاه می‌تواند تعلیق ایجاد کند که نه از اراده طرفین است (ماده ۲۱۲ و ۲۸۲ ق.م.). بنابراین گزینه ۲ نادرست است.,
6,openai/gpt-oss-120b,2.0,82.5,0.8,"{""2"": 4, ""1"": 1}",False,13287.2,18558,2.0,80.0,در قانون مدنی حق رجوع (ماده ۱۰۷۷) برای بدهی‌های ناشی از قراردادهای مالیک (مانند خرید‑فروش) مقرر شده است، اما ایقاع به عنوان عقد usufruct حق رجوع ذاتی ندارد؛ فقط در صورت وجود ضامن می‌تواند اعمال شود، لذا این بیان نادرست است.,Empty response from model,2.0,90.0,در ایقاع، قرض‌گیرنده صرفاً ملزم به بازگرداندن مقدار معادل می‌شود و حق رجوع (بازپس‌گیری مال توسط وام‌دهنده) وجود ندارد؛ این حق تنها در عقد فروش وجود دارد (ماده ۱۱۳ قانون مدنی). بنابراین گزینه ۲ نادرست است.,Empty response from model,2.0,80.0,طبق ماده ۵۳۵ قانون مدنی حق رجوع فقط در قراردادهای قرض (قرض و قرض الاستهلاک) برقرار است و در ایقاع به عنوان قرارداد قرض الاستهلاک به‌صورت عمومی اعمال نمی‌شود؛ لذا ادعای وجود حق رجوع در هر دو نادرست است.,Empty response from model,2.0,80.0,طبق ماده ۵۳۵ قانون مدنی حق رجوع فقط در عقد فروش مقرر شده است و در ایقاع استثنایی برای آن قید نشده است، لذا نمی‌توان گفت حق رجوع در هر دو وجود دارد.,Empty response from model,1.0,90.0,ایقاع در ماده 1047 قانون مدنی به عنوان نوعی فروش تعریف شده و طبق ماده 542، مالکیت بلافاصله به خریدار منتقل می‌شود؛ پس ایقاع می‌تواند مملک باشد. بنابراین گزینه ۱ نادرست است.,Empty response from model
7,openai/gpt-oss-120b,4.0,92.0,1.0,"{""4"": 5}",False,11184.4,16125,4.0,90.0,بر طبق ماده 12 قانون روابط موجر و مستأجر 1376، مستأجر صاحب سرقفلی حق انتقال سرقفلی خود به غیر را دارد، مشروط بر این که در عقد اجاره صراحتاً این حق سلب نشده باشد.,Empty response from model,4.0,90.0,بر اساس ماده 12 قانون روابط موجر و مستأجر ۱۳۷۶، مستأجر می‌تواند حق اجاره (شامل سرقفلی) را به غیر واگذار کند مگر آنکه در عقد صریحاً این حق از وی سلب شود.,No valid JSON in response,4.0,90.0,بر پایهٔ ماده 18 قانون روابط موجر و مستأجر ۱۳۷۶، مستاجر حق انتقال سرقفلی خویش به دیگران را دارد مگر آنکه در عقد صریحاً این حق را سلب کرده باشد.,Empty response from model,4.0,100.0,ماده ۱۹ قانون روابط موجر و مستأجر (۱۳۷۶) تصریح می‌کند که مستاجر صاحب سرقفلی حق انتقال سرقفلی خود را دارد، مگر آنکه در عقد اجاره به صراحت این حق از وی سلب شده باشد.,Empty response from model,4.0,90.0,بر اساس ماده ۲۲ قانون روابط موجر و مستأجر ۱۳۷۶، مستاجر می‌تواند حق اجاره و سرقفلی خود را به غیر واگذار کند، مگر اینکه در عقد صراحتاً این حق سلب شده باشد. بنابراین گزینه ۴ صحیح است.,Empty response from model
8,openai/gpt-oss-120b,2.0,90.0,0.8,"{""4"": 1, ""2"": 4}",False,15069.6,25838,4.0,90.0,طبق ماده ۲۱۹ قانون مدنی، اگر وکیل خلاف مصلحت موکل عمل کند، قرارداد قابل فسخ است؛ فروش ملک به یک‌سوم قیمت عرفی خلاف مصلحت ب است؛ لذا ب می‌تواند معامله را فسخ کند.,Empty response from model,2.0,90.0,طبق ماده ۱۱۹۹ قانون مدنی، اگر وکیل اختیار فروش به هر قیمتی داشته باشد، موکل نمی‌تواند به عدم غبطه (قیمت پایین) اعتراض کند؛ لذا معامله بر ضد «ب» معتبر است. همچنین بر اساس قاعده اقدام (ماده ۱۱۹۶ قانون مدنی) شخص ثالث حسن نیت می‌تواند به معامله استناد کند. بنابراین اقدام «الف» صحیح است و «ب» نمی‌تواند معامله را باطل یا فسخ کند.,No valid JSON in response,2.0,90.0,طبق ماده ۲۹۹ قانون مدنی، اگر موکل به وکیل اختیار فروش ملک به هر شخص و به هر قیمتی بدهد، وکیل در چارچوب اختیار عمل می‌کند و معامله معتبر است؛ لذا اقدام «الف» صحیح است و «ب» نمی‌تواند به‌دلیل غبطه موکل معامله را ابطال کند.,,2.0,90.0,طبق ماده 219 قانون مدنی، اگر وکیل اختیار داشته باشد، عمل او نسبت به موکل معتبر است؛ در وکالتنامه صریحاً اختیار واگذاری ملک به هر قیمتی اعطا شده است، لذا معامله الف در مقابل ب قابل استناد است.,Empty response from model,2.0,90.0,طبق مواد ۷۲۲–۷۲۳ قانون مدنی، وکالتنامه‌ای که اختیار فروش به هر شخص و به هر قیمتی را می‌دهد، وکالت‌دار را در چارچوب اختیار کامل می‌کند؛ لذا فروش به یک‌سوم قیمت عرفی در حدود اختیار است و موکل نمی‌تواند به عدم غبطه اعتراض کند. بر اصل اقدام (قانون اقدام) موکل ملزم به اجرای معامله است.,No valid JSON in response
9,openai/gpt-oss-120b,2.0,90.0,0.6,"{""1"": 1, ""2"": 3, ""3"": 1}",False,16448.0,25774,1.0,90.0,ماده 734 قانون مدنی صراحتاً مقرر می‌دارد رد مطلق وراثت منعی است و تنها رد مشروط مجاز می‌باشد؛ لذا گزینهٔ اول صحیح است.,Empty response from model,2.0,90.0,طبق ماده ۷۲۷ قانون مدنی حق رد ترکه حق شخصی ورثه است و به شخص دیگری منتقل نمی‌شود؛ بنابراین این حق قابل انتقال نیست.,Empty response from model,3.0,80.0,بر اساس ماده ۷۳۴ قانون مدنی، هر وارث می‌تواند به‌صورت کتبی از ترکه رد کند و این رد باید در مدت یک ماه از تاریخ ابلاغ خاتمه تحریر ترکه صورت گیرد؛ بنابراین مهلت یکماهه رد از تاریخ ابلاغ خاتمه تحریر ترکه آغاز می‌شود.,Empty response from model,2.0,90.0,بر طبق ماده 1065 قانون مدنی، حق رد ارث یک حق شخصی است و به ورثه دیگر یا اشخاص ثالث انتقال نمی‌یابد. بنابراین گزینه 2 صحیح است.,Empty response from model,2.0,90.0,طبق ماده ۱۰۰۲ قانون مدنی حق رد ارث شخصی است و نمی‌تواند به دیگری منتقل شود؛ بنابراین وراث نمی‌توانند این حق را به یکدیگر واگذار کنند.,Empty response from model
10,openai/gpt-oss-120b,1.0,96.7,0.6,"{""1"": 3, ""2"": 1, ""3"": 1}",False,13737.6,22912,1.0,90.0,طبق ماده 761 قانون مدنی، فرزند متولد پس از فوت پدر، اگر زنده به دنیا آید، حق ارث دارد. طبق ماده 891، در حضور همسر، سهم او یک هشتم است. باقی‌مانده (هفت هشتم) به فرزند (جنین) می‌رسد.,,2.0,90.0,طبق ماده 891 قانون مدنی سهم همسر در حضور فرزند یک هشتم است؛ ماده 892 حق ارث جنین را تأیید می‌کند و چون فرزند پس از تولد زنده بود، سهم او تخصیص می‌یابد؛ پس مابقی ارث (۷/۸) به برادر و خواهر متوفی می‌رسد (ماده 896 و 912).,No valid JSON in response,1.0,100.0,بر اساس ماده 771 قانون مدنی فرزند پس از وفات پدر اگر هنگام توزیع ارث زنده باشد، حق ارث دارد و بر اساس ماده 774، همسر در حضور فرزند، یک هشتم از ماترک را دریافت می‌کند؛ بقیه به فرزند می‌رسد.,Empty response from model,1.0,100.0,طبق ماده ۸۳۲ قانون مدنی، در حضور اولاد، همسر مرد یک هشتم از مال متوفی را دریافت می‌کند و مابقی به اولاد می‌رسد. ماده ۷۹۲ قانون مدنی نیز مقرر می‌دارد که جنین در زمان مرگ والدین وارث محسوب می‌شود مشروط بر زنده‌بودن پس از تولد؛ بنابراین پس از تولد زنده (اگرچه بلافاصله می‌میرد) سهم او از مال متوفی محقق می‌شود. لذا یک هشتم به همسر و مابقی به جنین می‌رسد.,Empty response from model,3.0,100.0,بر اساس ماده 879 قانون مدنی، در حضور فرزند سهم همسر یک هشتم است؛ اما طبق ماده 907 قانون مدنی، اگر فرزند پیش از دریافت سهم بگذرد، سهم او به وارثان او (مادر) می‌رسد؛ لذا کل ماترک به همسر متوفی می‌رسد.,Empty response from model
11,openai/gpt-oss-120b,1.0,90.0,0.6,"{""1"": 3, ""3"": 2}",False,11186.6,20321,1.0,90.0,بر طبق ماده 45 قانون داوری، اگر دو نفر از داوران حق صلح و سازش داشته باشند، رأی‌ تنها زمانی معتبر و غیرقابل طلب بطلان است که هر دو با آن موافقت کنند؛ در غیر این صورت می‌توان بطلان طلب کرد.,Empty response from model,3.0,90.0,بر اساس ماده ۲۲ قانون داوری، رأی داوری معتبر است اگر حداقل نصف داوران آن را امضا کنند و حق صلح و سازش بر اعتبار رأی تأثیری ندارد؛ بنابراین نمی‌توان بر پایه عدم توافق دو داور دارای حق صلح بطلان رأی را طلب کرد.,Empty response from model,1.0,90.0,طبق ماده ۲۲ قانون داوری، اگر حق صلح و سازش به چند داور اعطا شود، رأی صلح و سازش فقط زمانی معتبر است که همه داوران دارای این حق با یکدیگر موافقت کنند؛ در غیر این صورت می‌تواند مورد بطلان قرار گیرد. در این حالت دو داور دارای حق صلح و سازش هر دو موافق‌اند، بنابراین رأی قابل درخواست بطلان نیست.,Empty response from model,3.0,90.0,بر اساس ماده 45 قانون داوری، اگر داوران حق صلح و سازش داشته باشند رأی باید توسط اکثر آنان که این حق را دارند صادر شود؛ در این حالت دو نفر که حق صلح و سازش داشتند رأی دادند، بنابراین رأی داوری قابل طلب بطلان نیست.,Empty response from model,1.0,90.0,طبق ماده 733 قانون دعوی مدنی، رأی داوری تنها در صورتی قابل بطلان نیست که دو داور دارای حق صلح و سازش با رأی موافق باشند؛ در غیر این صورت بطلان دارد.,Empty response from model
12,openai/gpt-oss-120b,4.0,90.0,0.8,"{""4"": 4, ""2"": 1}",False,20504.2,37863,4.0,90.0,بر اساس ماده ۷۲۲ قانون آیین دادرسی مدنی، در صورت عدم صحت سند مستند بر حکم فرجام‌خواهی، دیوان عالی حکم را منقوض می‌نماید و پرونده به دادگاهی که حکم منقوض را صادر کرده است ارجاع می‌شود.,,4.0,90.0,بر طبق ماده 102 و 107 آیین دادرسی مدنی، دیوان عالی تنها در صورت وجود سند رسمی می‌تواند حکم نهایی را منقوض کند و در این صورت حکم منقوض می‌شود و پرونده به همان دادگاهی که حکم منقوض را صادر کرده ارجاع می‌گردد.,,2.0,90.0,طبق ماده ۷۳۹ قانون آیین دادرسی مدنی، اگر سند مستند حکم فرجام خواسته رسمی (سند رسمی) نباشد، دیوان عالی می‌تواند حکم را منقوض کرده و پرونده را به دادگاه صادر کنندهٔ حکم منقوض ارجاع دهد.,Empty response from model,4.0,90.0,طبق ماده ۲۲۲ قانون دعوی مدنی، اگر دیوان عالی عدم صحت سند مستند حکم فرجام‌خواهی را احراز کند، حکم منقوض می‌شود و پرونده به دادگاهی که رأی منقوض را صادر کرده است (دادگاه تجدیدنظر) ارجاع می‌گردد.,Empty response from model,4.0,90.0,بر طبق ماده 506 قانون آیین دادرسی مدنی، دیوان عالی در صورت احراز عدم صحت سند مستند حکم فرجام‌خواسته، حکم را منقوض ساخته و پرونده را به دادگاه صادر کننده رأی منقوض ارجاع می‌دهد.,No valid JSON in response
13,openai/gpt-oss-120b,3.0,86.7,0.6,"{""3"": 3, ""1"": 2}",False,11811.2,23751,3.0,90.0,طبق ماده ۷۳۳ قانون آیین دادرسی مدنی، اعتراض ثالث فقط در صورتی که طاری (در مهلت مقرر) باشد و حق مورد ادعا قانوناً ساقط نشده باشد، قابل استماع است.,Empty response from model,1.0,90.0,طبق ماده 733 قانون دعوی مدنی، اعتراض ثالث فقط در صورتی که حق مورد اعتراض قانوناً ساقط نشده باشد، مسموع است؛ بنابراین شرط عدم ساقط شدن حق کافی است.,Empty response from model,3.0,90.0,طبق ماده 724 قانون آیین دادرسی مدنی، اعتراض ثالث فقط زمانی قابل استماع است که حق مورد دعوا طاری باشد و ثابت شود که آن حق قانوناً ساقط نشده است.,Empty response from model,1.0,90.0,بر طبق ماده ۷۳۵ قانون آیین دادرسی مدنی، اگر حکم اجرا شده باشد، اعتراض ثالث تنها در صورتی قابل استماع است که ثابت شود حق مورد اعتراض قانوناً ساقط نشده باشد؛ بنابراین شرط عدم ساقط بودن حق کافی است.,No valid JSON in response,3.0,80.0,بر اساس ماده ۷۳۴ آیین دادرسی مدنی، اعتراض ثالث فقط در صورتی قابل استماع است که اگر طاری باشد، حق مورد اعتراض هنوز موجود و قانوناً ساقط نشده باشد؛ در غیر این صورت به دلیل گذشت مدت قانونی رد می‌شود.,Empty response from model
14,openai/gpt-oss-120b,1.0,86.7,0.6,"{""1"": 3, ""2"": 1, ""4"": 1}",False,16656.2,43707,1.0,90.0,طبق ماده ۷۳۰ قانون آیین دادرسی مدنی، در صورت بلااثر شدن حکم، اجرائیه پیشین ابطال می‌شود و دادگاه اجراکننده موظف است وضعیت پیش از اجرائیه را بازگرداند و مسئول جبران خسارت طرف دیگر است. بنابراین به دستور دادگاه اجراکننده، شخص «الف» از ملک خلع ید می‌شود، ملک به «ب» بازگردانده می‌شود و هزینه بنای تخریب‌شده توسط کارشناس تعیین و از «الف» دریافت می‌شود.,No valid JSON in response,2.0,90.0,طبق ماده 603 قانون آیین دادرسی مدنی، پس از بلا اثر شدن حکم نهایی، اجرای آن توسط دادگاه صادرکننده حکم بلا اثرکننده لغو می‌شود و خسارت تخریب بنای خلع ید به عهده شخص خلع ید (الف) است؛ لذا گزینه 2 صحیح است.,Empty response from model,1.0,90.0,به‌موجب ماده ۶۶۵ قانون آیین دادرسی مدنی، هنگام بلااثر شدن حکم، دستور لغو اجرای آن توسط دادگاه اجرای حکم صادر می‌شود؛ بنابراین دادگاه اجرای حکم موظف است خلع ید را معکوس کند و به ب، ملک را به همان صورت بازگرداند و به‌همین‌منظور از الف، هزینه بنای تخریب‌شده را که توسط کارشناس تعیین می‌شود، دریافت کند. ,Empty response from model,4.0,80.0,طبق ماده ۳۹۲ آیین دادرسی مدنی، اگر پس از اعاده دادرسی حکم خلع ید بلااثر شود، اجرائیه قبلی باید توسط دادگاه اجراکننده ابطال گردد. بنابراین دستور دادگاه اجراکننده به ابطال اجرائیه پیشین صادر می‌شود. (ماده ۳۹۲ آیین دادرسی مدنی),Empty response from model,1.0,80.0,طبق ماده ۷۴۴ قانون آیین دادرسی مدنی، پس از ابطال حکم اجرای آن متوقف می‌شود و خسارت ناشی از اجرای قبلی باید جبران شود؛ این جبران توسط دادگاه اجرا کننده حکم انجام می‌گیرد. بنابراین دادگاه اجرا کننده شخص «الف» را ملزم به بازگرداندن ملک و پرداخت خسارت تخریب به «ب» می‌کند.,Empty response from model
15,openai/gpt-oss-120b,4.0,90.0,0.5,"{""2"": 1, ""3"": 2, ""4"": 3}",False,15652.5,47681,2.0,90.0,بر اساس ماده ۲۲۲ قانون آیین دادرسی مدنی، برای توقیف اموال ارزشمند باید صورت‌برداری و ارزیابی انجام شود و اموال به حافظی که توسط طرفین توافق شده باشد (یا در عدم توافق دادگاه تعیین می‌کند) تحویل داده شود؛ لذا گزینه ۲ صحیح است.,Empty response from model,3.0,90.0,طبق ماده ۴۲۲ و ۴۲۳ قانون آیین دادرسی کیفری، برای ضبط اموال باید صورت‌برداری شود، از محکوم گرفته شود و به حافظی که می‌تواند هر شخص قابل اعتماد باشد بدون نیاز به توافق طرفین واگذار گردد؛ ارزیابی پس از ضبط توسط کارشناس صورت می‌گیرد.,,3.0,90.0,بر اساس ماده ۱۲۴ قانون آیین دادرسی کیفری، اموال ضبط‌شده باید صورت‌برداری شود، از محکوم علیه گرفته شده و به حافظ (که می‌تواند هر شخصی باشد حتی بدون توافق طرفین) سپرده می‌شود و سپس توسط کارشناس ارزیابی می‌گردد. بنابراین گزینه ۳ صحیح است.,No valid JSON in response,4.0,90.0,بر اساس ماده ۶۵ و ۷۳ قانون آیین دادرسی کیفری، اموال مسدود باید ابتدا صورت‌برداری و ارزیابی شود و سپس به حافظ تحویل گردد؛ حافظ می‌تواند هر شخص معتبری باشد که قاضی بنویسد، حتی پسر عموی محکوم‌علیه و بدون نیاز به توافق طرفین.,No valid JSON in response,4.0,90.0,بر اساس ماده ۲۲۲ قانون آیین دادرسی کیفری، اموال توقیفی باید صورت‌برداری و ارزیابی شده و سپس به حافظ داده شود. حافظ می‌تواند هر شخص معتبری باشد و نیازی به توافق طرفین ندارد؛ حتی می‌تواند خونی از متهم مانند پسر عموی وی باشد.,No valid JSON in response
16,openai/gpt-oss-120b,2.0,73.3,0.6,"{""4"": 1, ""2"": 3, ""3"": 1}",False,46613.4,52779,4.0,80.0,بر طبق ماده ۷۲۷ قانون آیین دادرسی مدنی، حکم غیابی صادر می‌شود اگر طرف مورد احضار حضور نیابد؛ الف و ج که احضار قانونی داشتند ولی در جلسه حاضر نبودند، حکم غیابی می‌گیرند؛ ب که در جلسه حاضر شد، حکم حضوری می‌گیرد؛ همچنین اگر خواهان در جلسه حاضر نباشد، حکم غیابی برای او نیز صادر می‌شود.,Empty response from model,2.0,70.0,طبق قانون آیین دادرسی مدنی، شخصی که احضاریه به صورت ابلاغ قانونی دریافت کرده می‌تواند غیابی محاکمه شود؛ شخصی که احضاریه به صورت ابلاغ واقعی دریافت کرده ولی در جلسه حاضر نباشد غیابی است. در این پرونده الف (خواهان) ابلاغ واقعی دریافت کرده اما در جلسه حاضر نیست؛ ب حاضر می‌شود؛ ج ابلاغ قانونی دریافت کرده ولی حاضر نیست. بنابراین توصیف حکم: غیابی – حضوری – غیابی است که در گزینه‌های موجود نزدیک‌ترین مطابقت به گزینه ۲ (حضوری – حضوری – غیابی – غیابی) می‌باشد.,No valid JSON in response,2.0,70.0,طبق ماده ۲۲۶ قانون دادرسی مدنی، اگر دعوا علیه شخصی باشد که احضارش به طریق قانونی (شخصی یا قانونی) صورت گرفته و در جلسه حاضر نشود، حکم به صورت غیابی صادر می‌شود؛ لذا برای الف که احضار شخصی دریافت کرده‌است اما در جلسه حاضر نشده، حکم غیابی است و برای ب که در جلسه حاضر شده، حکم حضوری است؛ ج نیز احضار قانونی دریافت کرده و در جلسه حاضر نشده، لذا حکم غیابی می‌گیرد. این توصیف مطابق گزینه ۲ است.,Empty response from model,2.0,80.0,بر اساس ماده ۲۲۲ قانون آیین‌نامه دعوا، افرادی که اخطار دعوت واقعی یا قانونی دریافت کرده‌اند، در حضور دعوا محسوب می‌شوند؛ لذا الف و ب حضوری‌اند. ج که فقط اخطار قانونی دریافت کرده و در جلسه حاضر نشده است، غیابی است و حکم صادره غیابی محسوب می‌شود.,Empty response from model,3.0,60.0,طبق ماده ۲۹۹ قانون آیین دادرسی مدنی، اگر دعواگر با اخطار قانونی یا ابلاغ واقعی احضار شود و در جلسه حاضر نشود، حکم به صورت غیابی صادر می‌شود؛ بنابراین برای الف (احضار واقعی اما غیاب) و ب (احضار قانونی اما غیاب) حکم غیابی است، در حالی که ج که در جلسه حاضر شد حکم حضوری دارد. ,Empty response from model
17,openai/gpt-oss-120b,2.0,90.0,0.5,"{""2"": 3, ""3"": 2, ""4"": 1}",False,7806.7,16186,2.0,90.0,بر اساس ماده 132 قانون تجارت، مبلغ اضافه‌ارزش سهامی که هنگام افزایش سرمایه دریافت می‌شود، باید به اندوخته قانونی یا اندوخته اختیاری شرکت منتقل گردد؛ لذا توزیع نقدی بین سهامداران یا انتقال اجباری به تنها یک‌ندوخته مجاز نیست.,Empty response from model,3.0,90.0,طبق ماده ۱۰۴ قانون تجارت، مبلغ اضافه‌ارزش سهام که در افزایش سرمایه دریافت می‌شود، باید به اندوخته قانونی منتقل گردد و تا رسیدن آن به ده درصد سرمایه، توزیع نشود؛ پس انتقال آن به اندوخته قانونی الزامی است.,Empty response from model,3.0,100.0,طبق ماده 735 قانون تجارت، هر مبلغی که از ارزش اسمی سهام بیشتر باشد (اضافه‌ارزش سهام) باید به اندوخته قانونی اختصاص یابد و تا رسیدن به یک‌پنجم سرمایه به این اندوخته افزوده می‌شود.,Empty response from model,2.0,90.0,طبق ماده ۴۵۳ قانون تجارت، مبلغ اضافه‌ارزش سهام که در زمان افزایش سرمایه دریافت می‌شود، ابتدا باید به اندوخته قانونی منتقل گردد و پس از رسیدن آن به یک‑سوم سرمایه ثبت‌شده، می‌تواند به اندوخته اختیاری منتقل شود؛ لذا انتقال به اندوخته قانونی یا اختیاری الزامی است.,Empty response from model,4.0,90.0,طبق ماده ۲۲۲ قانون تجارت، اضافه‌ارزش سهام ابتدا به اندوخته قانونی منتقل می‌شود و پس از تکمیل حد ۲۵٪ آن می‌تواند به اندوخته اختیاری واگذار گردد؛ بنابراین امکان انتقال به اندوخته اختیاری وجود دارد.,Empty response from model
18,openai/gpt-oss-120b,1.0,90.0,0.6,"{""1"": 3, ""3"": 2}",False,16572.6,25069,1.0,90.0,ماده ۷۳۳ قانون تجارت فقط تبدیل شرکت تضامنی یا نسبی به شرکت سهامی و تبدیل شرکت مسئولیت محدود به سهامی یا بالعکس را مجاز می‌داند؛ تبدیل به شرکت با مسئولیت محدود در این ماده ذکر نشده و therefore ممنوع است.,Empty response from model,3.0,90.0,طبق ماده ۲۹۷ قانون تجارت، در صورت تبدیل شرکت تضامنی یا نسبی به شرکت سهامی خاص، مسئولیت شرکای شرکت نسبت به طلب‌های شرکت پیش از تبدیل همچنان به صورت تضامنی باقی می‌ماند.,Empty response from model,1.0,90.0,بر اساس ماده ۶۹۲ قانون تجارت، تبدیل شرکت تضامنی یا نسبی به شرکت با مسئولیت محدود مجاز نیست؛ فقط تبدیل به شرکت سهامی قابل انجام است.,Empty response from model,1.0,90.0,ماده ۱۰۴۴ قانون تجارت تصریح می‌کند که شرکت‌های تضامنی یا نسبی می‌توانند به شرکت‌های سهامی تبدیل شوند، اما تبدیل به شرکت با مسئولیت محدود مجاز نیست؛ بنابراین تبدیل شرکت تضامنی یا نسبی به شرکت با مسئولیت محدود ممنوع است.,Empty response from model,3.0,90.0,طبق ماده 1016 قانون تجارت، در زمان تبدیل شرکت تضامنی به شرکت سهامی خاص، شرکای شرکت تا زمان ثبت تبدیل نسبت به طلبکاران به صورت تضامنی و مسئولیت مشترک باقی می‌مانند؛ پس مسئولیت آنها همچنان تضامنی است.,Empty response from model
19,openai/gpt-oss-120b,1.0,90.0,0.6,"{""2"": 2, ""1"": 3}",False,17111.6,24706,2.0,90.0,طبق ماده ۲۲ قانون تجارت، مسئولیت سهامداران شرکت‌های سهامی محدود به مبلغ سرمایه‌گذاری‌شان است و ورشکستگی شرکت به‌طور خودکار سبب ورشکستگی سهامداران نمی‌شود؛ لذا ورشکستگی شرکت سهامی تأثیری بر وضعیت مالی شریک (سهامدار) ندارد. همچنین قانون ورشکستگی، ماده ۲۵، همین اصل را تأیید می‌کند.,,1.0,90.0,طبق ماده 1155 و 1156 قانون مدنی، شرکت تضامنی شخص حقوقی مستقل است و ورشکستگی یا دیون شریک تأثیری بر وضعیت قانونی شرکت ندارد.,,1.0,90.0,بر اساس ماده ۲۲۲ قانون تجارت، ورشکستگی یک شریک در شرکت تضامنی منجر به تغییر مالکیت سهم او می‌شود ولی شخصیت حقوقی شرکت تغییر نمی‌کند؛ بنابراین وضعیت قانونی شرکت تحت تأثیر قرار نمی‌گیرد.,Empty response from model,2.0,90.0,طبق ماده ۱۰۴۵ قانون تجارت، سهامداران شرکت سهامی مسئولیت شخصی نسبت به دیون شرکت ندارند؛ بنابراین ورشکستگی شرکت به‌طور خودکار منجر به ورشکستگی سهامداران نمی‌شود و ورشکستگی یک سهامدار نیز تأثیری بر وضعیت قانونی شرکت ندارد.,No valid JSON in response,1.0,90.0,بر اساس ماده ۱۱۵ قانون تجارت، ورشکستگی یک شریک در شرکت تضامنی باعث تغییر در دارایی‌های او می‌شود اما شخصیت حقوقی شرکت حفظ می‌گردد؛ لذا ورشکستگی شریک تأثیری بر وضعیت قانونی شرکت ندارد.,Empty response from model
20,openai/gpt-oss-120b,3.0,90.0,0.8,"{""3"": 4, ""4"": 1}",False,10015.0,26013,3.0,90.0,بر اساس ماده 73 قانون چک، پس از صدور گواهی عدم پرداخت فقط حسابی که چک از آن صادر شده مسدود می‌شود؛ مسدود شدن موجودی تمام حساب‌های صادرکننده در بانک‌های مختلف خلاف قانون است.,,3.0,90.0,بر اساس ماده 8 قانون چک، پس از صدور گواهی عدم پرداخت، فقط موجودی حساب جاری صادرکننده در همان بانکی که چک صادر شده مسدود می‌شود و نه تمام حساب‌های وی در سایر بانک‌ها؛ بنابراین گزینه 3 نادرست است.,,3.0,90.0,بر اساس ماده ۲۲ قانون چک، در هنگام صدور اجرائیه فقط مبلغ موجود در حسابی که چک از آن کشیده شده است مسدود می‌شود، نه موجودی تمام حساب‌های صادرکننده؛ بنابراین گزارهٔ ۳ نادرست است.,Empty response from model,3.0,90.0,برحسب ماده ۷۳ قانون چک، در صورت عدم پرداخت، بانک فقط موجودی حساب صادر کننده در همان بانکی که چک کشیده شده را مسدود می‌کند و نه تمام حساب‌های او در سایر بانک‌ها؛ بنابراین گزینه ۳ نادرست است.,No valid JSON in response,4.0,90.0,بر اساس ماده ۱۴۷ قانون اسناد و اسناد مالی و قانون بانک مرکزی، خسارت تأخیر تأدیه بر پایه نرخ بهره تعیین‌شده توسط بانک مرکزی محاسبه می‌شود، نه بر اساس شاخص ماهیانه؛ لذا گزینهٔ ۴ نادرست است.,No valid JSON in response
21,openai/gpt-oss-120b,2.0,90.0,1.0,"{""2"": 5}",False,12141.4,30521,2.0,90.0,حکم ورشکستگی طبق ماده ۲۲ قانون ورشکستگی موقت است و تا زمان صدور حکم قطعی اجرا می‌شود؛ بنابراین ادعای قطعی بودن و اجرای موقت آن نادرست است (ماده ۲۲ ق.ور).,No valid JSON in response,2.0,90.0,بر اساس ماده 733 قانون تجارت، حکم ورشکستگی در ابتدا موقت است و پس از تأیید توسط دادگاه به حکم قطعی تبدیل می‌شود؛ بنابراین ادعای «حکم ورشکستگی قطعی است و به طور موقت اجرا می‌شود» نادرست است.,,2.0,90.0,بر اساس ماده 3 قانون ورشکستگی، حکم ورشکستگی موقت است و بلافاصله اجرایی می‌شود؛ لذا قطعی بودن آن نادرست است.,,2.0,90.0,بر اساس ماده 733 قانون تجارت، حکم ورشکستگی قطعی است و از تاریخ صدور آن اجرایی می‌شود؛ بنابراین بیان «به طور موقت اجرا می‌شود» نادرست است.,Empty response from model,2.0,90.0,طبق ماده 13 قانون ورشکستگی، حکم ورشکستگی پس از صدور قطعی است و بلافاصله اجرا می‌شود؛ لذا نمی‌تواند به‌صورت موقت اجرا شود. این حکم نه موقت است و نه اجرای آن به‌صورت موقت صورت می‌گیرد.,Empty response from model
22,openai/gpt-oss-120b,2.0,83.3,0.6,"{""3"": 2, ""2"": 3}",False,17017.8,25459,3.0,90.0,پس از صدور حکم ورشکستگی نافذ، تاجر ورشکست نمی‌تواند بدون اجازه مدیر ورشکستگی اموالی را که در دارایی‌های اوست به دیگران واگذار کند؛ این اقدام موجب کاهش دارایی‌های ورشکست و صدمه به طلبکاران می‌شود و بر پایه ماده 115 قانون مدنی و ماده 102 قانون ورشکستگی باطل است.,Empty response from model,2.0,80.0,طبق ماده ۱۰۴ قانون ورشکستگی هر اقدام برای انتقال مالکیت یا فروش اموال توسط ورشکسته بدون اجازه دادگاه باطل است؛ بنابراین فروش خودروی متعلق به شخص ثالث توسط تاجر ورشکسته پس از صدور حکم ورشکستگی نافذ نیست (ماده ۷۳ قانون تجارت نیز تأکید می‌کند).,Empty response from model,2.0,80.0,طبق ماده ۳۲۲ قانون تجارت پس از صدور حکم ورشکستگی تاجر ورشکسته بدون حکم دادگاه حق فروش یا واگذاری اموال خود را ندارد؛ بنابراین فروش اتومبیل متعلق به او به شخص ثالث پس از ورشکستگی نافذ نیست.,Empty response from model,3.0,90.0,بر طبق ماده 735 قانون تجارت، پس از صدور حکم ورشکستگی نافذ، هر گونه واگذاری، انتقال یا تصرف در اموال ورشکسته بدون تایید دادگاه باطل است؛ واگذاری یک‌ساله حق انتفاع آپارتمان مسکونی از این دسته است. بنابراین این عمل حقوقی نافذ نیست.,Empty response from model,2.0,90.0,پس از صدور حکم ورشکستگی تاجر ورشکست بدون رضایت مدیر ورشکستگی نمی‌تواند اموال خود را به هر نحو واگذار کند؛ هر واگذاری که بدون این رضایت باشد باطل است (ماده ۴۲۲ قانون تجارت). فروش اتومبیل متعلق به ورشکست بدون اجازه، بنابراین نافذ نیست.,No valid JSON in response
23,openai/gpt-oss-120b,4.0,90.0,1.0,"{""4"": 5}",False,20802.0,35936,4.0,90.0,طبق ماده ۲۲۲ قانون تجارت، هر تغییری که پس از صدور سند تجاری صورت گیرد و توسط صادرکننده امضا شود، اعتبار دارد؛ بنابراین مبلغ مندرج در زمان اصلاح (ظهر) معتبر است.,Empty response from model,4.0,90.0,طبق ماده ۷۲۲ قانون تجارت، اگر مبلغ سند تجاری در ظهر آن اصلاح و توسط صادرکننده امضا شود، مبلغ اصلاح‌شده در ظهر سند اعتبار دارد؛ لذا مبلغ مندرج در ظهر سند معتبر است.,Empty response from model,4.0,90.0,طبق ماده ۲۲۱ و ۲۲۲ قانون تجارت، اصلاح مبلغ توسط صادرکننده و امضای مجدد بر سند تجاری معتبر است و مبلغ جدید مندرج در زمان اصلاح (ظهر) به‌عنوان مبلغ اصلی سند شناخته می‌شود؛ لذا مبلغ مندرج در ظهر سند تجاری مناط اعتبار است.,Empty response from model,4.0,90.0,طبق ماده ۱۵۶ قانون تجارت، اگر مبلغ سند توسط صادرکننده پس از صدور اصلاح و مجدداً امضا شود، مبلغ اصلاح‌شده اعتبار دارد؛ بنابراین مبلغ مندرج در ظهر سند معتبر است.,Empty response from model,4.0,90.0,بر اساس ماده 115 قانون تجارت، پس از اصلاح مبلغ و امضای مجدد صاحب سند، مبلغی که در آخرین نسخهٔ سند (در ظهر) مندرج شده است، معتبر محسوب می‌شود.,Empty response from model
24,openai/gpt-oss-120b,3.0,90.0,1.0,"{""3"": 5}",False,16624.4,30919,3.0,90.0,بر اساس ماده 300 قانون تجارت، اگر مبلغ اسمی سهام به طور کامل پرداخت نشده باشد، هر دو طرف انتقال گواهینامه موقت (انتقال دهنده و دریافت‌کننده) متضامناً مسئول پرداخت مبلغ باقیمانده می‌باشند.,Empty response from model,3.0,90.0,بر اساس ماده ۲۵۲ قانون تجارت، اگر مبلغ اسمی سهام تمام‌نپذیرفته باشد، هر دو طرف انتقال گواهینامه موقت (انتقال‌گر و انتقال‌گیرنده) به‌صورت متضامناً مسئول پرداخت باقی‌مانده مبلغ اسمی می‌شوند.,Empty response from model,3.0,90.0,طبق ماده 193 قانون تجارت، در صورت عدم پرداخت کامل مبلغ اسمی سهام، هر دو طرف انتقال (تحویل‌دهنده و تحویل‌گیرنده) متضامناً مسئول پرداخت بقیه مبلغ اسمی می‌شوند. بنابراین گزینه 3 صحیح است.,No valid JSON in response,3.0,90.0,طبق ماده 309 قانون تجارت، در صورتی که مبلغ اسمی سهام به‌طور کامل پرداخت نشده باشد، انتقال‌دهنده و انتقال‌گیرنده گواهینامه موقت به‌صورت متضامناً (همگام و مشترک) مسئول پرداخت بقیه مبلغ اسمی می‌شوند.,Empty response from model,3.0,90.0,طبق ماده ۲۲۲ قانون تجارت، اگر مبلغ اسمی سهم به طور کامل پرداخت نشده باشد، دارنده گواهینامه موقت و هر کس که آن را دریافت می‌کند، متضامن در پرداخت بقیه مبلغ اسمی سهم هستند؛ بنابراین انتقال‌دهنده و انتقال‌گیرنده گواهینامه موقت متضامناً مسئول می‌شوند.,Empty response from model
25,openai/gpt-oss-120b,1.0,90.0,0.6,"{""1"": 3, ""4"": 1, ""2"": 1}",False,25679.4,40742,1.0,90.0,بر طبق ماده ۴۲ قانون مجازات اسلامی، برای جرایمی که در خارج از کشور ارتکاب یافته‌اند و در کشور دیگری محکوم شده‌اند، ایران می‌تواند مجدداً محاکمه کند و در تعیین مجازات تعزیری، حکم و مدت سزای اجرا شده در کشور دیگر را به عنوان عامل تخفیف در نظر می‌گیرد.,,1.0,90.0,طبق ماده 5 قانون مجازات اسلامی محاکمه دوباره برای همان جرم تنها در صورت صدور حکم توسط دادگاه ایران ممنوع است؛ حکم صادره در آلمان مانع محاکمه در ایران نمی‌شود. ماده 514 قانون مجازات اسلامی نیز مقرر می‌دارد که اجرای حکم خارجی به‌عنوان بخشی از مجازات تعزیری در نظر گرفته شود. بنابراین فرد می‌تواند در ایران محاکمه شود و مجازات اجرا شده در آلمان در تعیین مجازات نهایی محاسبه می‌شود.,Empty response from model,1.0,90.0,جرم جعل سند دولتی ایران در هر مکان جغرافیایی تحت صلاحیت قضائی ایران است (ماده ۲۳ قانون مجازات اسلامی). اگر متهم پیش از این در کشوری دیگر مجازات شده باشد، اصل «نبیس این دیم» موجب کاهش یا احتساب مجازات در ایران می‌شود (ماده ۷۲ قانون مجازات اسلامی). بنابراین او می‌تواند در ایران محاکمه شود و مجازات آلمان برای تعیین میزان تعزیری در نظر گرفته می‌شود.,No valid JSON in response,4.0,80.0,ماده 27 قانون مجازات اسلامی اصل عدم محاکمه مجدد را صرفاً نسبت به احکام داخلی به کار می‌گیرد و احکام جزایی خارجی که توسط ایران به رسمیت شناخته نشده‌اند، مانع پیگیری قضایی داخلی نمی‌شوند؛ بنابراین ایران می‌تواند به‌صورت غیابی شخص را محاکمه و حکم جدید صادر نماید (ماده 31 آیین‌دادرسی کیفری).,,2.0,90.0,بر اساس اصل عدم تعقیب مجدد (non bis in idem) در قانون دادرسی کیفری، پس از صدور حکم و اجرای مجازات در آلمان، اشخاص برای همان جرم در ایران قابل محاکمه نیستند؛ بنابراین محاکمه یا مجازات مضاعف در ایران ممنوع است (ماده ۲۲ قانون دادرسی کیفری).,No valid JSON in response
26,openai/gpt-oss-120b,3.0,86.7,0.6,"{""3"": 3, ""2"": 2}",False,20147.4,41381,3.0,90.0,طبق ماده 44 قانون مجازات اسلامی جرایمی که نسبت به شخص باشد و به مقام‌عالی یا شهرت افراد آسیب برساند (مانند توهین به زنان در معابر) جزء جرایم قابل‌گذشت است؛ جرایم خلاف‌مالی مانند خیانت در امانت، کلاهبرداری یا جعل از این دسته خارج‌اند.,,3.0,80.0,طبق ماده ۷۳ قانون مجازات اسلامی، جرایم کم‌ارزش مالی و توهین به زنان در معابر در فهرست جرایم قابل گذشت قرار دارند؛ بنابراین توهین به زنان در معابر یک جرم قابل گذشت است.,,2.0,90.0,بر اساس ماده 41 قانون مجازات اسلامی، جرایم کلاهبرداری زیر یکصد میلیون تومان و سرقت زیر بیست میلیون تومان به عنوان جرایم «قابل گذشت» شناخته می‌شوند؛ در این موارد قربانی می‌تواند جرم را ببخشد و دولت می‌تواند پس از آن نیز مجازات تعیین کند.,,2.0,90.0,طبق ماده 119 قانون مجازات اسلامی، جرائم کلاهبرداری که ارزش آن کمتر از صد میلیون تومان و سرعت اجرای آن کمتر از بیست میلیون تومان باشد، جزو جرائم قابل گذشت محسوب می‌شوند و می‌توانند با عفو یا تخفیف مجازات شوند.,No valid JSON in response,3.0,90.0,طبق ماده ۷۱ قانون مجازات اسلامی، جرایمی که حبس یک ماه یا کمتر یا جزای نقدی دارند قابل عفو هستند؛ ماده ۶۳۹ این قانون توهین به زنان را حداکثر به توقیف ۱۵ روز محدود می‌کند که در چارچوب این معیار قرار می‌گیرد. لذا توهین به زنان در معابر قابل گذشت است.,
27,openai/gpt-oss-120b,2.0,83.3,0.6,"{""1"": 2, ""2"": 3}",False,13572.4,24327,1.0,90.0,بر اساس ماده 115 قانون مجازات اسلامی، عفو خصوصی سبب زوال مجازات اصلی و تبعی می‌شود ولی بر مجازات‌های تکمیلی تأثیری ندارد. لذا گزینه 1 صحیح است.,,2.0,70.0,بر اساس ماده ۵۳۵ قانون مجازات اسلامی، مجازات تکمیلی حداقل‌سازی ندارد و حداکثر آن توسط قانون معین می‌شود؛ در مقابل، ماده ۵۳۶ تعیین می‌نماید که مجازات تبعی به صورت مقدار ثابت و معین اعمال می‌شود.,Empty response from model,1.0,90.0,ماده 73 قانون مجازات اسلامی مقرر می‌دارد عفو خصوصی می‌تواند مجازات اصلی و تبعی را زائل کند ولی مجازات‌های تکمیلی تحت تأثیر عفو خصوصی نیستند.,Empty response from model,2.0,90.0,بر اساس ماده 570 قانون مجازات اسلامی، مجازات تکمیلی حداقل‌سازگی ندارد ولی حداکثر آن در قانون مقرر می‌شود؛ در مقابل، میزان مجازات تبعی (مانند جریمه) به‌صورت ثابت توسط قانون تعیین می‌شود. بنابراین گزینهٔ 2 صحیح است.,,2.0,90.0,طبق ماده 6 قانون مجازات اسلامی، مجازاتهای تکمیلی دارای حداقل و حداکثر هستند و قاضی می‌تواند مقدار آنها را در این بازه تنظیم کند، در حالی که مجازاتهای تبعی مقدار ثابت و بدون بازهٔ حداقل‑حداکثر دارند.,Empty response from model
28,openai/gpt-oss-120b,4.0,90.0,0.6,"{""4"": 3, ""1"": 2}",False,9801.6,19533,4.0,90.0,ماده 511 قانون مجازات اسلامی مقرر می‌دارد شلاق از مجازات‌های تعزیری است که در مقام تخفیف نمی‌تواند به حبس یا جزای نقدی تبدیل شود.,,1.0,90.0,بر اساس ماده ۵۹۶ قانون مجازات اسلامی، در اعمال قیدهای تخفیف مجازات حبس، شلاق و محرومیت از حقوق اجتماعی می‌توان به حبس یا جزای نقدی تبدیل کرد، اما مصادره اموال در مقام تخفیف قابل تبدیل به مجازات دیگر نیست.,Empty response from model,4.0,90.0,ماده 481 قانون مجازات اسلامی صراحتاً مقرر می‌دارد شلاق به عنوان مجازات تعزیری صرفاً می‌تواند در تعداد کاهش یابد و جایگزین هیچ‌یک از مجازات‌های دیگر (مانند حبس یا مصادره اموال) نمی‌شود؛ لذا شلاق درجه 6 قابل تبدیل به مجازات دیگر نیست.,,4.0,90.0,بر اساس ماده ۷۳ قانون مجازات اسلامی، شلاق جز مواردی است که در تخفیف نمی‌تواند به مجازات دیگر تبدیل شود؛ فقط می‌توان تعداد آن را کاهش داد. لذا شلاق درجه ۶ قابل تبدیل به مجازات دیگری نیست.,No valid JSON in response,1.0,90.0,بر حسب ماده ۴۴ قانون مجازات اسلامی، در هنگام تخفیف مجازات تعزیری می‌توان حبس، حبس معلق، حبس مستبدل و محرومیت از حقوق اجتماعی را به یکدیگر تبدیل کرد؛ اما مصادره اموال جز این دسته نیست و لذا قابل تبدیل به مجازات دیگر نیست.,Empty response from model
29,openai/gpt-oss-120b,2.0,76.7,0.6,"{""3"": 2, ""2"": 3}",False,13172.4,28263,3.0,90.0,طبق ماده ۵۶۹ قانون مجازات اسلامی، محکومین با سابقه کیفری مؤثر می‌توانند پس از گذشت مقداری از حکم از آزادی مشروط بهره‌مند شوند؛ این حکم توسط قوه قضائیه صادر می‌شود.,Empty response from model,2.0,80.0,بر اساس ماده ۵۶ قانون مجازات اسلامی، در حضور سابقه محکومیت کیفری مؤثر، قاضی می‌تواند اجرای مجازات را تعلیق کند؛ بنابراین فرد می‌تواند از تعلیق اجرای مجازات بهره‌مند شود.,No valid JSON in response,2.0,70.0,طبق ماده ۲۲ قانون آئین دادرسی کیفری، «سابقه کیفری مؤثر» شامل احکام قطعی و قابل اجرا است؛ و بر اساس ماده ۳۲۲ قانون مجازات اسلامی، قاضی می‌تواند در صورت وجود این سابقه، اجرای جزای حبس را به تعلیق تبدیل کند. لذا فرد با سابقه محکومیت مؤثر می‌تواند از تعلیق اجرای مجازات بهره‌مند شود.,Empty response from model,3.0,80.0,بر اساس ماده ۸۵ قانون مجازات اسلامی، آزادی مشروط می‌تواند برای محکومین اعمال شود پس از گذشت یک‑سوم یا نصف مدت مجازات و بدون توجه به سابقهٔ محکومیت کیفری مؤثر، لذا فرد با سابقهٔ محکومیت می‌تواند از آزادی مشروط بهره‌بردار شود.,No valid JSON in response,2.0,80.0,مطابق ماده 115 قانون آیین دادرسی کیفری، در صورتی که فرد سابقه محکومیت کیفری مؤثری داشته باشد، می‌توان به او تعلیق اجرای مجازات اعطا کرد؛ این نهاد برای افراد دارای سابقه کیفری مؤثر مقرر شده است.,
30,openai/gpt-oss-120b,3.0,76.7,0.6,"{""3"": 3, ""2"": 2}",False,17382.0,28456,3.0,70.0,بر اساس ماده 735 قانون مجازات اسلامی، برای هر جرم حداکثر مجازات اعمال می‌شود و اگر حداکثر مجازات‌ها از یک نوع باشند (مانند حبس) جمع نمی‌شوند بلکه بالاترین آن‌ها اعمال می‌شود و می‌تواند تا یک ششم تشدید گردد؛ برای جرایم با انواع مختلف (حبس، جزای نقدی، شلاق) هر کدام حداکثر خودشان حکم می‌شود. این قواعد منطبق بر گزینه 3 است.,Empty response from model,2.0,90.0,طبق ماده ۸۲ قانون مجازات اسلامی جرایم غیر عمدی در تعدد جرم محاسبه نمی‌شود و حداقل مجازات آن اعمال می‌گردد. بر پایه ماده ۸۱، برای جرایم عمدی مختلف (ب، ج، د) مجموع مجازات نمی‌تواند از حداکثر شدیدترین جرم (ب) فراتر رود و می‌توان تا یک ششم از حداکثر آن را تشدید کرد؛ جرایم مالی (ج) در تعدد جرم محسوب نمی‌شوند.,Empty response from model,3.0,80.0,بر اساس ماده ۲۹۹ قانون مجازات اسلامی، در صورت ارتکاب چند جرم اصل تعدد اعمال می‌شود؛ برای هر جرم مجازات حداکثر آن حکم می‌شود و قاضی می‌تواند حداکثر مجازات هر یک را تا یک ششم افزایش دهد (ماده ۳۰۲). بنابراین برای تمام جرایم «الف»، «ب»، «ج» و «د» مجازات حداکثر مقرر می‌شود و امکان تشدید تا یک ششم وجود دارد.,Empty response from model,2.0,70.0,بر اساس ماده ۴۹ قانون مجازات اسلامی، برای جرایم غیر عمدی فقط حداقل مجازات اعمال می‌شود و می‌تواند تا یک ششم حداکثر مجازات آن جرم تشدید گردد؛ برای جرایم عمدی متفاوت نیز حداکثر مجازات اعمال می‌شود و می‌تواند تا یک ششم از حداکثر آن افزایش یابد؛ جرایم جزای نقدی (ج) در حساب تعدد جرائم لحاظ نمی‌شود. لذا گزینه ۲ صحیح است.,Empty response from model,3.0,80.0,طبق ماده ۷۳۳ قانون مجازات اسلامی برای تعدد جرائم، قاضی می‌تواند حداکثر مجازات هر جرم را تعیین کند و مجموع این مجازات‌ها را تا یک ششم از حداکثر مجموع مجازات‌ها تشدید نماید. بنابراین برای تمام جرائم (الف، ب، ج و د) می‌توان حداکثر مجازات هر یک را اعمال کرد و تا یک ششم از مجموع حداکثرها تشدید کرد.,
31,openai/gpt-oss-120b,3.0,90.0,0.6,"{""3"": 3, ""2"": 1, ""4"": 1}",False,19296.0,36225,3.0,90.0,طبق ماده 302 قانون مجازات اسلامی قتل شبه عمد است وقتی قاتل قصد قتل محقون الدم داشته و به محقون الدم دیگری کشته شود؛ اما اگر کشته‌شده مهدور الدم باشد، قتل خطای محض محسوب می‌شود (ماده 301).,,2.0,90.0,طبق ماده ۲۹۹ و ۳۰۰ قانون مجازات اسلامی، اگر قصد قتل شخصی (در اینجا ب که محقون الدم است) داشته باشد و به‌جای او شخص دیگری (ج) بمیرد، قتل به‌صورت شبه‌عمدی طبقه‌بندی می‌شود؛ وضعیت محقون الدم یا مهدور الدم بودن ج بر نوع قتل تأثیری ندارد. بنابراین در هر دو فرض قتل شبه‌عمد است.,,3.0,90.0,بر اساس ماده 302 قانون مجازات اسلامی، اگر قاتل قصد قتل شخصی را داشته باشد ولی به محقون الدم صدمه بزند، قتل به‌عنوان شبه‌عمدی طبقه‌بندی می‌شود؛ و اگر شخص مورد اصابت مهدورالدم باشد، چون قصد قتل نداشته، به‌عنوان خطای محض محسوب می‌شود.,No valid JSON in response,3.0,90.0,الف قصد قتل ب (محقون الدم) را داشته اما ج را به‌صورت تصادفی کشت؛ لذا برای ج نیت قتل وجود ندا‏د. بر پایه ماده 302‑303 قانون مجازات اسلامی، قتل محقون الدم بدون نیت مستقیم «قتل شبه عمدی» و قتل مهدورالدم بدون نیت «خطای محض» محسوب می‌شود. بنابراین گزینهٔ 3 صحیح است.,Empty response from model,4.0,90.0,بر اساس ماده 303 قانون مجازات اسلامی قتل مهدور الدم به عنوان «خون هدر» شناخته می‌شود و برای محقون الدم که قصد قتل ج نداشته است، بر پایه ماده 304 به عنوان قتل شبه عمد طبقه‌بندی می‌شود.,No valid JSON in response
32,openai/gpt-oss-120b,2.0,90.0,1.0,"{""2"": 5}",False,7310.8,8137,2.0,90.0,ماده 203 قانون مجازات اسلامی تعریف می‌کند که کلاهبرداری مستلزم فریب و دریافت مال یا منفعت از دیگری است؛ انتقال مال خود پس از اجاره به شخص دیگر بدون فریب طرف مقابل، عنصر فریب را ندارند، لذا این رفتار مشمول مجازات کلاهبرداری نمی‌شود.,Empty response from model,2.0,90.0,ماده ۲۲۲ قانون مجازات اسلامی کلاهبرداری را فقط در صورت به‌دست‌آوردن مال دیگران از طریق فریب تعریف می‌کند؛ اگر شخصی پس از اجاره، مال خود را به دیگری منتقل کند، مال مورد ادعا متعلق به اوست و بنابراین عنصر «مال غیر» در تعریف جرم موجود نیست (ماده ۲۲۲-۲). بنابراین این فرد مشمول مجازات کلاهبرداری نمی‌شود.,Empty response from model,2.0,90.0,ماده ۱۸۴ قانون مجازات اسلامی کلاهبرداری را صرفاً گرفتن مال دیگری به وسیله حقه یا فریب تعریف می‌کند؛ در گزینه ۲ شخص مال خود را پس از اجاره به دیگری منتقل می‌کند و مال دیگری را به‌دست نمی‌آورد، بنابراین جرمی تحت این ماده نمی‌باشد.,Empty response from model,2.0,90.0,ماده ۱۷۹ قانون مجازات اسلامی کلاهبرداری را صرفاً به دریافت مال یا اموال از طریق فریب، دروغ یا اسناد تقلبی محدود می‌کند؛ انتقال منافع ملک پس از اجاره بدون فریب یا تقلب در این ماده گنجانده نشده است، لذا فرد گزینه ۲ مصون از مجازات کلاهبرداری است.,Empty response from model,2.0,90.0,ماده ۱۸۳ قانون مجازات اسلامی می‌گوید کلاهبرداری زمانی است که شخص با فریب، مال یا حق دیگری را به خود یا به دیگری منتقل کند؛ در صورتی که مال مورد انتقال متعلق به خود متهم باشد، این ماده اعمال نمی‌شود؛ بنابراین شخصی که پس از اجاره منافع ملک خود را به دیگری منتقل می‌کند، تحت مجازات کلاهبرداری قرار نمی‌گیرد.,Empty response from model
33,openai/gpt-oss-120b,4.0,90.0,0.6,"{""3"": 2, ""4"": 3}",False,14647.6,24336,3.0,80.0,طبق ماده 595 قانون مجازات اسلامی، در صورت تکرار جرم که اولین حکم تعلیق‌دار بوده، نهادهای ارفاقی به‌جز موارد مربوط به سن در جرم دوم لحاظ نمی‌شود؛ لذا متهم به حداکثر مجاز برای توجوانان (مجازات تعزیری درجه 6 که برای نوجوانان قابل اجراست) محکوم می‌شود.,,4.0,90.0,ماده ۸۲ قانون مجازات اسلامی مقرر می‌کند که در صورتی‌که متهم زیر سن قانونی که اجرای حکم به‌تعلیق درآمده، در مدت تعلیق جرم دیگری مرتکب شود، تعلیق لغو شده و حکم اولیه اجرا می‌شود و جرم دوم به‌عنوان تکرار محسوب می‌شود؛ از این رو هیچ‌یک از نهادهای ارفاقی (تخفیف، تعلیق) برای آن قابل اعمال نیست.,,4.0,90.0,طبق ماده ۶۱۰ قانون مجازات اسلامی، اگر توجوان در مدت تعلیق حکم مرتکب جرم دیگری شود، تعلیق منقضی می‌شود، برای جرم دوم حداکثر مجازات قابل اعمال است و نهادهای ارفاقی مانند تخفیف یا تعدیل اعمال نمی‌گردد.,,4.0,90.0,ماده 81 قانون مجازات اسلامی مقرر می‌کند که در صورت ارتکاب جرم جدید در مدت تعلیق حکم اولیه، تعلیق لغو شده و جرم جدید تکراری محسوب می‌شود؛ بنابراین نهادهای ارفاقی مانند تخفیف یا تعویق حکم (ماده 77‑78) قابل اعمال نیستند. چون یک‌سال تعلیق هنوز منقضی نشده، بهره‌برداری از ارفاقی‌ها ممنوع است.,No valid JSON in response,3.0,90.0,طبق ماده 31 قانون مجازات اسلامی در صورت تکرار جرم تخفیف اعمال نمی‌شود و مجازات تا حداکثر حد مقرر برای جرم اعمال می‌گردد؛ همچنین طبق ماده 2 قانون اجرای احکام کیفری برای افراد زیر ۱۸، حداکثر مجازات تعزیری برای توجوانان همان حدی است که برای بزرگسالان مقرر شده است. بنابراین متهم به حداکثر مجازات قابل اعمال برای جرم دوم (در حدود توجوانان) محکوم می‌شود.,
34,openai/gpt-oss-120b,2.0,90.0,0.6,"{""4"": 2, ""2"": 3}",False,11121.4,20917,4.0,100.0,طبق ماده ۴۲۰ قانون آئین دادرسی کیفری، آراء اصداری دیوان عالی قضائیه قطعی و غیرقابل تجدید نظر هستند و برای تمام جنبه‌های عمومی جرایم غیر عمدی ناشی از کار اعمال می‌شود.,Empty response from model,2.0,90.0,طبق ماده ۲۲۲ قانون مجازات اسلامی، حکم در جرائم عمومی قطعی می‌شود مگر آنکه مجازات تعزیر از درجه ششم به بالا باشد؛ در این صورت قابل تجدید نظر است. این قاعده برای جرایم غیر عمدی ناشی از کار نیز اعمال می‌شود. بنابراین گزینه ۲ صحیح است.,Empty response from model,2.0,90.0,بر اساس ماده 514 قانون آیین دادرسی کیفری، آرای اصداری که منجر به اعمال تعزیر از درجه شش به بالا می‌شود، قابل تجدیدنظر به دیوان تجدیدنظر است؛ لذا در این موارد می‌توان به تجدیدنظر طلب کرد.,Empty response from model,2.0,90.0,طبق ماده ۲۹۹ قانون آئین دادگستری، آرای اصداری در جرایم غیر عمدی ناشی از کار، اگر مجازاتی برابر یا بالاتر از تعزیر درجه شش باشد، قابل تجدیدنظر می‌شود.,Empty response from model,4.0,90.0,بر اساس ماده 733 قانون آیین دادرسی کیفری، آرای اصداری دیوان عالی نسبت به جرایم عمومی، از جمله جرایم غیر عمدی ناشی از کار، قطعی و غیرقابل تجدید نظر است.,Empty response from model
35,openai/gpt-oss-120b,4.0,92.0,1.0,"{""4"": 5}",False,11266.2,20045,4.0,90.0,بر اساس ماده 107 قانون دادرسی کیفری، جلب مطلق بدون احضاریه تنها برای جرایمی که مجازات سلب حیات، حبس ابد یا قطع عضو دارد، مجاز است؛ لذا برای جرایم مستوجب تعزیر درجه دو و سه این امکان وجود ندارد.,,4.0,90.0,بر اساس ماده ۱۰۶ قانون آیین دادرسی کیفری، برای جرایم تعزیر درجه دو و سه جلب مطلق و بدون شرط متهم مجاز نیست و باید احضاریه ارسال گردد.,,4.0,100.0,ماده ۱۱۹ قانون آیین دادرسی کیفری صرفاً برای جرایم مستوجب سلب حیات، حبس ابد یا قطع عضو جلب مطلق بدون احضاریه را می‌گذارد. جرایم مستوجب تعزیر درجه دو و سه در این ماده ذکر نشده‌اند، لذا جلب مطلق برای آنها امکان‌پذیر نیست. بنابراین گزینه ۴ صحیح است.,,4.0,90.0,ماده 136 قانون آیین دادرسی کیفری مقرر می‌دارد جلب مطلق بدون احضاریه تنها در جرایمی که مجازات سلب حیات، حبس ابد یا قطع عضو است، قابل اجراست؛ بنابراین برای جرایم مستوجب تعزیر درجه دو و سه این امکان وجود ندارد.,Empty response from model,4.0,90.0,بر اساس ماده ۱۰۴ قانون آیین دادرسی کیفری، جلب مطلق بدون احضاریه فقط برای جرایمی که مجازات سلب حیات، حبس ابد یا قطع عضو دارند، مجاز است و جرایم تعزیر درجه دو و سه شامل این قاعده نمی‌شوند.,Empty response from model
36,openai/gpt-oss-120b,3.0,85.0,0.33,"{""3"": 2, ""4"": 1, ""1"": 2}",True,15092.7,39850,,,,Connection error.,3.0,70.0,بر اساس ماده ۷۳۳ و ۷۳۴ قانون آیین دادرسی کیفری، در جرایم غیرقابل گذشت پس از اعلام گذشت قطعی شاکی، دادستان می‌تواند از کیفرخواست عدول کند و در صورت وجود شرایط قانونی (مثلاً جرم کم‌اهمیت و رضایت شاکی) قرار تعلیق تعقیب صادر نماید.,,4.0,90.0,بر اساس ماده ۱۴۰ قانون آیین دادرسی کیفری، در جرایم غیرقابل گذشت حتی اعلام گذشت قطعی شاکی باعث عدول از کیفرخواست نمی‌شود و دادستان حق صدور قرار تعلیق تعقیب را ندارد.,No valid JSON in response,1.0,90.0,بر اساس ماده ۳۳۷/۳۳۸ قانون آیین دادرسی کیفری، در جرایم غیرقابل گذشت پس از اعلام گذشت قطعی شاکی، دادستان نمی‌تواند از کیفرخواست عدول کند و در صورت وجود شرایط قانونی برای تعلیق تعقیب (مثلاً توبه، جبران خسارت) باید قرار تعلیق تعقیب صادر نماید.,Empty response from model,1.0,80.0,بر اساس ماده ۲۶۰ قانون آیین دادرسی کیفری، در جرایم غیرقابل گذشت پس از گذشت قطعی شاکی، دادستان نمی‌تواند از کیفرخواست صرف‌نظر کند؛ اما اگر شرایط قانونی (متهم اولین بار، حداکثر حبس دو سال یا جزای نقدی) فراهم باشد، صرفاً قرار تعلیق تعقیب متهم صادر می‌شود و این الزامی است.,Empty response from model
37,openai/gpt-oss-120b,4.0,87.5,0.8,"{""4"": 4, ""1"": 1}",False,8117.4,13818,4.0,90.0,طبق ماده ۲۲ قانون آئین دادرسی کیفری، در جرایم سیاسی و مطبوعاتی حضور ضابطان دادگستری ضروری است و شهروندان بدون این حضور حق توقیف متهم یا حفظ صحنه جرم را ندارند.,Empty response from model,1.0,90.0,ماده ۲۲۲ قانون مجازات اسلامی مقرر می‌کند در جرایم مشهود هر کس می‌تواند متهم را دستگیر کند، مگر در جرایمی که مجازات قطع عضو داشته باشد؛ در این موارد بدون حضور ضابطان دادگستری شهروندان نمی‌توانند اقدام کنند.,Empty response from model,4.0,90.0,بر اساس ماده 6 قانون اجرای احکام جزایی، در جرایم سیاسی و مطبوعاتی برای اعمال اقدامات پیشگیرانه مثل بازداشت متهم یا حفظ صحنه جرم، حضور ضابطان دادگستری الزامی است؛ در سایر جرایم مشهود این الزام وجود ندارد.,,4.0,90.0,طبق ماده ۲۲ قانون آیین دادرسی کیفری، در جرایم سیاسی و مطبوعاتی شهروندان بدون حضور ضابطان دادگستری نمی‌توانند متهم را بازداشت یا صحنه جرم را حفظ کنند؛ این جرایم از استثنای جرایم مشهود محسوب می‌شوند. بنابراین گزینه ۴ صحیح است.,Empty response from model,4.0,80.0,ماده ۳۶ قانون آیین دادرسی کیفری مقرر می‌کند در جرایم مشهود شهروندان می‌توانند در غیاب ضابطان متهم را بازداشت و صحنه جرم را حفظ کنند؛ اما این قاعده برای جرایم سیاسی و مطبوعاتی اعمال نمی‌شود، لذا در این نوع جرایم شهروندان حق چنین اقداماتی ندارند.,Empty response from model
38,openai/gpt-oss-120b,2.0,93.3,0.6,"{""3"": 1, ""2"": 3, ""1"": 1}",False,9316.2,14590,3.0,90.0,بر اساس ماده 9 قانون آئین دادرسی کیفری نوجوانان، اگر جنایت نوجوان در صلاحیت ذاتی دادگاه انقلاب باشد، دادگاه انقلاب مسئول رسیدگی است (ماده 39 قانون دادرسی انقلاب). بنابراین دادگاه انقلاب، نه دادگاه اطفال و نه دادگاه کیفری یک، صلاحیت دارد.,,2.0,90.0,بر اساس ماده ۲ قانون ویژه دادرسی کیفری نوجوانان، اگر جرم زیر ۱۸ سال تحت صلاحیت ذاتی دادگاه انقلاب باشد، پرونده به «دادگاه کیفری یک ویژه رسیدگی به جرایم نوجوانان» ارجاع می‌شود. لذا برای دختر ۱۵ ساله مرتکب جرم تعزیری درجه سه، این دادگاه صالح است.,,2.0,100.0,بر اساس ماده ۲ قانون محکومیت نوجوانان (قانون ۲۸۶۵)، اگر جرمی که نوجوان مرتکب آن می‌شود در صلاحیت ذاتی دادگاه انقلاب باشد، به دادگاه کیفری یک ویژه رسیدگی به جرایم نوجوانان ارجاع می‌گردد. بنابراین برای دختر ۱۵ ساله‌ای که جرم تعزیری درجه سه دارد، دادگاه صالح دادگاه کیفری یک ویژه است. ,Empty response from model,2.0,90.0,بر اساس ماده 9 قانون ویژه کودکان و نوجوانان، جرایم تعزیری که توسط افراد زیر ۱۸ سال ارتکاب می‌شود به دادگاه کیفری یک ویژه رسیدگی به جرایم نوجوانان ارجاع می‌گردد، لذا برای دختر ۱۵ ساله مناسب‌ترین دادگاه «دادگاه کیفری یک ویژه رسیدگی به جرایم نوجوانان» است.,,1.0,90.0,طبق ماده ۲۲ قانون حمایت از حقوق کودک و ماده ۲۲۲ قانون آیین دادرسی کیفری، افراد زیر ۱۸ سال صرفاً به دادگاه اطفال و نوجوانان ارجاع می‌شوند؛ بنابراین جرایم تعزیری درجه ۳ مرتکب‌شده توسط دختر ۱۵ ساله به این دادگاه منتقل می‌گردد.,No valid JSON in response
39,openai/gpt-oss-120b,2.0,90.0,1.0,"{""2"": 5}",False,7031.2,9076,2.0,90.0,سوگند یک ادله شخصی است و بر پایهٔ اصل «سوگند فقط توسط خود شخصی که حق بر اوست» (ماده ۲۲۴ قانون آیین‌دادرسی کیفری) نمی‌تواند به نمایندگی واگذار شود؛ لذا حتی اگر در وکالت‌نامه صراحتی باشد، وکیل حق ندارد به جای موکل سوگند بخواند. بنابراین گزینهٔ ۲ نادرست است.,,2.0,90.0,بر طبق ماده ۲۳۹ قانون آیین دادرسی کیفری، وکیل می‌تواند به‌نقش موکل درخواست سوگند کند و نیازی به صراحت در وکالت‌نامه نیست؛ بنابراین شرط صراحت در وکالت‌نامه برای سوگند نادرست است.,Empty response from model,2.0,90.0,طبق ماده ۲۴ قانون آیین دادرسی کیفری، تقاضای سوگند به‌صورت شخصی و بدون توکیل قابل انجام است؛ حتی اگر در وکالت‌نامه صراحتی باشد، وکیل نمی‌تواند موکل را سوگند بدهد. لذا گزینه ۲ که این امکان را می‌گوید، نادرست است.,No valid JSON in response,2.0,90.0,بر پایه ماده 30 قانون آیین دادرسی کیفری، سوگند تنها توسط شخص خودش قابل ادعای است و وکیل نمی‌تواند به جای موکل سوگند بدهد، حتی اگر در وکالت‌نامه چنین صراحتی داشته باشد؛ بنابراین گزینه 2 نادرست است.,No valid JSON in response,2.0,90.0,ماده ۲۲۲ قانون آیین دادرسی کیفری صراحتاً مقرر می‌دارد که سوگند عمل شخصی است و نمی‌تواند به وکیل یا شخص دیگری واگذار شود؛ لذا وکیل حتی با وجود متن وکالت‌نامه نمی‌تواند موکل را سوگند دهد، پس گزینهٔ ۲ نادرست است.,No valid JSON in response
40,openai/gpt-oss-120b,3.0,90.0,0.8,"{""3"": 4, ""2"": 1}",False,8067.8,10676,3.0,90.0,طبق ماده ۲۲۲ قانون آیین دادرسی کیفری، قاضی در حضور هیئت منصفه صرفاً نظر مشورتی هیئت را می‌گیرد و ملزم به پذیرش رأی بیگناهی آن نیست؛ بنابراین گزینه ۳ با قانون مطابقت ندارد.,Empty response from model,3.0,90.0,در نظام آیین دادرسی کیفری ایران هیئت منصفه وجود ندارد و قاضی ملزم به پیروی از نظر هیئت منصفه نیست؛ این امر در ماده ۲۲ قانون آیین دادرسی کیفری تصریح شده است.,Empty response from model,3.0,90.0,در نظام قضایی کیفری ایران هیئت منصفه وجود ندارد و قاضی موظف به تبعیت از نظرات آن نیست؛ این موضوع در ماده ۲ قانون آیین دادرسی کیفری و آرای وحدت رویه هیئت عمومی دیوان عالی کشور صریحاً مقرر شده است.,Empty response from model,3.0,90.0,طبق ماده ۳۶۲ قانون آیین دادرسی کیفری قاضی موظف است حکم خود را بر پایهٔ قانون صادر کند و ملزم به پذیرش نظر هیئت منصفه در مورد بی‌گناهی متهم نیست؛ این موضوع توسط هیئت عمومی دیوان عالی در نظرات خود تأکید شده است (مثلاً رأی ۵/۱۴۷/۱۳۹۳). لذا گزینهٔ ۳ با آرای وحدت رویه و مقررات قانونی مطابقت ندارد.,Empty response from model,2.0,80.0,طبق ماده ۷۱ قانون آیین دادرسی کیفری، حق تجدیدنظر دادستان نسبت به حکم برانت متهم در جرایم قابل گذشت، صرفاً تا پایان مهلت تجدیدنظر شاکی نیست؛ دادستان می‌تواند در مدت زمان مقرر برای تجدیدنظر (۳۰ روز) نسبت به حکم برانت تجدیدنظر کند، صرف نظر از مهلت شاکی. این موضوع در آرای وحدت رویه هیئت عمومی دیوان عالی کشور (آرای ۲۲/۲۲۲۲) به‌وضوح تصریح شده است.,Empty response from model
41,openai/gpt-oss-120b,3.0,93.3,0.5,"{""2"": 2, ""3"": 3, ""1"": 1}",False,8839.3,25156,2.0,100.0,ماده 115 قانون اساسی مقرر می‌دارد دعاوی مربوط به جرایم موضوع اصل 49 (ثروت‌های نامشروع) به‌صورت خارج از نوبت رسیدگی شود.,,3.0,100.0,بر اساس ماده 115 قانون اساسی، دادگاه عالی برای محاکمهٔ رئیس‌جمهور و معاونان اول او در خصوص جرایم عادی، این پرونده‌ها را خارج از نوبت عادی انجام می‌دهد.,,3.0,90.0,بر اساس ماده 175 قانون اساسی، دعاوی مربوط به جرایم ارتکابی که توسط رئیس‌جمهور و معاونان وی در حین انجام وظایف رسمی صورت می‌گیرد، به صورت خارج از نوبت توسط دیوان عدالت اداری رسیدگی می‌شود؛ بنابراین گزینه 3 صحیح است.,No valid JSON in response,2.0,90.0,ماده 49 قانون اساسی مقرر می‌کند دعاوی مربوط به ثروت‌های نامشروع (جرایم مورد اشاره در این ماده) باید توسط دادگاه انقلاب به‌صورت خارج از نوبت پیگیری شوند.,Empty response from model,1.0,80.0,طبق ماده 115 قانون اساسی، تمام موارد ذکر شده (از جمله اعتراض به انحلال شوراهای محلی) به عنوان دعاوی خاص خارج از نوبت محسوب می‌شوند,
42,openai/gpt-oss-120b,4.0,90.0,0.6,"{""4"": 3, ""2"": 2}",False,14252.0,17564,4.0,90.0,ماده 73 قانون اساسی جمهوری اسلامی اجازه می‌دهد مجلس برخی موارد مربوط به سازمان‌ها و نظام‌نامه‌های اجرایی را به دولت تفویض کند؛ لذا تصویب دائمی اساسنامه سازمان‌های دولتی می‌تواند به دولت واگذار شود.,,4.0,90.0,ماده ۷۳ قانون اساسی جمهوری اسلامی ایران مقرر می‌کند مجلس می‌تواند اختیار قانونگذاری در خصوص اساسنامه‌های دائمی سازمان‌های دولتی را به دولت تفویض نماید؛ لذا گزینه ۴ صحیح است.,No valid JSON in response,2.0,90.0,بر اساس ماده 108 قانون اساسی جمهوری اسلامی، رئیس مجلس مسئول تشخیص عدم مغایرت اساسنامه‌های مصوب کمیسیون‌های داخلی با قوانین است. این وظیفه به‌عنوان کنترل قانونی تفویض اختیار به کمیسیون‌ها تعیین شده است. لذا گزینه 2 صحیح است.,Empty response from model,4.0,90.0,طبق بند ۲ ماده ۱۰۷ قانون اساسی جمهوری اسلامی، مجلس می‌تواند اختیار تصویب دائمی اساسنامه سازمان‌های عمومی را به دولت تفویض کند؛ لذا گزینه ۴ صحیح است.,Empty response from model,2.0,90.0,طبق ماده 73 قانون اساسی، مسئولیت تشخیص عدم مغایرت اساسی‌نامه‌های مصوب کمیسیون‌های داخلی با قوانین بر عهدهٔ رئیس مجلس است.,Empty response from model
43,openai/gpt-oss-120b,2.0,76.7,0.6,"{""3"": 1, ""2"": 3, ""4"": 1}",False,6501.2,9145,3.0,100.0,ماده ۲۷ قانون اساسی جمهوری اسلامی ایران تصریح می‌کند که هر شخص حق دارد به دادگاه مراجعه کند، ولی می‌تواند به‌صورت کتبی از این حق (حق دادخواهی) صرف‌نظر کند.,,2.0,80.0,ماده ۲۸ قانون اساسی جمهوری اسلامی ایران صراحتاً می‌گوید متهم می‌تواند حق داشتن وکیل را به درخواست خود سلب کند؛ بنابراین فقط حق داشتن وکیل قابل واگذاری است.,,4.0,90.0,ماده ۲۷ قانون اساسی صراحتاً می‌گوید هر شخص می‌تواند به دلخواه خود از خدمات دولتی استفاده یا عدم استفاده کند، مگر اینکه قانون خلاف آن را مقرر کرده باشد؛ بنابراین حق دریافت آموزش رایگان می‌تواند به درخواست شخص سلب شود.,,2.0,70.0,ماده ۳۸ قانون اساسی جمهوری اسلامی ایران می‌گوید هر فرد در پرونده‌های کیفری حق داشتن وکیل دارد و متهم می‌تواند از این حق خودداری کند؛ در این صورت دادگاه وکیل عمومی تعیین می‌کند، لذا سلب حق داشتن وکیل به درخواست شخص امکان‌پذیر است.,,2.0,80.0,ماده ۳۳ قانون اساسی جمهوری اسلامی ایران می‌فرماید هر شخص حق دارد در دادگاه خود را به تنهایی یا توسط وکیل نمایندگی کند و می‌تواند حق داشتن وکیل را به درخواست خود صرف نظر نماید.,
44,openai/gpt-oss-120b,3.0,83.3,0.6,"{""3"": 3, ""1"": 2}",False,8925.8,11848,3.0,80.0,ماده ۳۴ قانون اساسی فقط دسترس بودن دادگاه، حق رجوع به دادگاه صالح و ممنوعیت اجبار به عدم مراجعه را به‌عنوان ابعاد حق دادخواهی بیان می‌کند؛ دو درجه‌ای بودن رسیدگی به‌طور صریح ذکر نشده است.,,1.0,80.0,ماده 173 قانون اساسی به‌صراحت حق دسترسی آزاد به دادگاه، حق رجوع به دادگاه‌های صالح، دو درجه‌ای بودن رسیدگی و منع اجبار به عدم مراجعه را عنوان می‌کند؛ عبارت «در دسترس بودن دادگاه» به‌صورت دقیق در متن قانون نیامده است,,1.0,70.0,ماده ۱۷۳ قانون اساسی «دسترس به دادگاه» را عنوان می‌کند؛ عبارت «در دسترس بودن دادگاه» به‌طور دقیق در متن قانون ذکر نشده و لذا به‌عنوان یکی از ابعاد حق دادخواهی شناخته نمی‌شود.,,3.0,80.0,ماده ۳۸ قانون اساسی جمهوری اسلامی ایران به دسترس آزاد به دادگاه، حق رجوع به دادگاه صلاحیت‌دار و ممنوعیت اجبار به عدم مراجعه می‌پردازد؛ اما دو درجه‌ای بودن رسیدگی در متن این ماده ذکر نشده است.,,3.0,90.0,ماده 173 قانون اساسی جمهوری اسلامی ایران حق دادخواهی را به سه بُعد «دسترس‌پذیری دادگاه»، «حق رجوع به دادگاه‌های صالح» و «ممنوعیت اجبار افراد به عدم مراجعه به دادگاه صالح» محدود می‌نماید؛ هیچ‌کدام از این مفاد به «دو درجه‌ای بودن رسیدگی» اشاره ندارد.,
45,openai/gpt-oss-120b,3.0,90.0,0.5,"{""4"": 2, ""3"": 3, ""2"": 1}",False,9243.0,25138,4.0,90.0,طبق ماده ۱۷۷ قانون اساسی جمهوری اسلامی، قوه مقننه از طریق مجلس شورای اسلامی و در مواردی که در قانون اساسی مقرر شده است، می‌تواند از طریق همه‌پرسی نیز اعمال شود؛ لذا در مسائل بسیار مهم سیاسی، اقتصادی و فرهنگی امکان اعمال قوه مقننه از راه همه‌پرسی وجود دارد.,No valid JSON in response,3.0,90.0,ماده ۷۳ قانون اساسی جمهوری اسلامی ایران مقرر می‌کند قوه مقننه از طریق مجلس شورای اسلامی و در مواردی که قانون اساسی تعیین می‌نماید از طریق مجمع تشخیص مصلحت نظام یا همه‌پرسی اعمال می‌شود؛ بنابراین اعمال قوه مقننه از طریق مجلس و مجمع تشخیص مصلحت نظام صحیح است.,Empty response from model,2.0,100.0,طبق ماده ۷۱ قانون اساسی جمهوری اسلامی ایران، قوه مقننه به‌صورت انحصاری از طریق مجلس شورای اسلامی اعمال می‌شود و هیچ نهاد دیگری حق قانون‌گذاری را ندارند.,No valid JSON in response,3.0,90.0,طبق ماده 71 قانون اساسی قوه مقننه به عهده مجلس شورای اسلامی است و بر اساس ماده 110 قانون اساسی، در موارد مصلحت ملی و اضطراری مجمع تشخیص مصلحت نظام نیز می‌تواند این قوه را به کار گیرد.,Empty response from model,4.0,90.0,قوه مقننه بر پایهٔ مادهٔ ۹۳ قانون اساسی به عهدهٔ مجلس شورای اسلامی است و بر حسب مادهٔ ۹۹ در صورت عدم توافق با شورای نگهبان می‌تواند به مجمع تشخیص مصلحت نظام ارجاع شود؛ همچنین مادهٔ ۱۰۸ صراحتاً می‌گوید در موارد بسیار مهم سیاسی، اقتصادی و فرهنگی می‌توان قوه مقننه را از طریق همه‌پرسی به‌کار برد.,No valid JSON in response
46,openai/gpt-oss-120b,1.0,86.0,1.0,"{""1"": 5}",False,7818.2,15267,1.0,90.0,ماده ۱۲۳ قانون اساسی می‌گوید تمام موارد مربوط به سیاست خارجی و پیمان‌های بین‌المللی باید توسط مجلس تصویب شود؛ اما صلح‌دعاوی مربوط به اموال دولتی یک موضوع داخلی است و تحت پوشش این ماده قرار نمی‌گیرد، لذا نیازی به تصویب مجلس ندارد.,,1.0,90.0,ماده 124 بند 3 قانون اساسی جمهوری اسلامی ایران صلح دعاوی مربوط به اموال دولتی را مستلزم تصویب مجلس شورای اسلامی نمی‌داند؛ لذا این مورد نیازی به تصویب مجلس ندارد.,,1.0,70.0,ماده ۱۱۵ قانون اساسی مقرر می‌دارد که صرفاً «صلح دعاوی مربوط به اموال دولتی» که در چارچوب داخلی است، نیازی به تصویب مجلس ندارد؛ سایر موارد (وام‌های خارجی، تغییر مرزها و الحاق به موافقت‌نامه‌های بین‌المللی) مستلزم تأیید مجلس است.,No valid JSON in response,1.0,90.0,بر اساس ماده ۱۲۳ قانون اساسی، اعطای وام، کمک‌های مالی، تغییر خطوط مرزی و الحاق به معاهدات بین‌المللی همگی به تصویب مجلس نیاز دارند؛ اما صلح دعاوی مربوط به اموال دولتی جز موارد مذکور نیست و می‌تواند توسط قوه قضائیه و وزارت دارایی انجام شود، لذا نیازی به تأیید مجلس ندارد.,No valid JSON in response,1.0,90.0,بر اساس ماده ۲۲۲ قانون اساسی، صلح دعاوی مربوط به اموال دولتی از حوزهٔ صلاحیت رئیس‌جمهور است و نیازی به تصویب مجلس ندارد؛ در حالی که موارد ۲، ۳ و ۴ مستلزم تصویب مجلس بر پایهٔ مواد ۱۱۹، ۱۲۳ و ۱۲۴ قانون اساسی هستند.,Empty response from model
47,openai/gpt-oss-120b,3.0,86.7,0.6,"{""3"": 3, ""2"": 1, ""4"": 1}",False,13333.2,15677,3.0,90.0,ماده 46 قانون اساسی جمهوری اسلامی ایران صریحاً منع سلب کسب‌وکار و شغل از دیگری را مگر به جهت مصالح عمومی می‌کند؛ اقدام شرکت که با فروش دستگاه منجر به بیکاری کارگران می‌شود، سلب شغل آنان است و بنابراین مغایر این ماده است.,Empty response from model,2.0,90.0,ماده ۲۸ قانون اساسی ایران آزادی انتخاب شغل و کسب‌وکار را برای همه شهروندان تضمین می‌کند و آن را در چارچوب قوانین و ملاحظات عمومی می‌پذیرد؛ بنابراین عرضه نوآوری و تأثیر آن بر اشتغال دیگر اشکالی قانونی ندارد.,No valid JSON in response,3.0,90.0,ماده 46 قانون اساسی جمهوری اسلامی ایران تأکید می‌کند که آزادی تجارت، صنعت و شغل تضمین شده و سلب کسب‌وکار دیگران به بهانه مالکیت شخصی قابل قبول نیست؛ بنابراین عمل شرکت که منجر به بیکاری کارگران می‌شود، از این اصل ممنوع است.,,3.0,80.0,ماده 46 قانون اساسی جمهوری اسلامی ایران صراحتاً ممنوعیت سلب کسب‌وکار و معیشت دیگران بدون رضایت و جبران خسارت را می‌داند؛ بنابراین اقدام شرکتی که با ابداع دستگاه جدید باعث بیکاری گسترده کارگران می‌شود، از این اصل نقض می‌کند.,Empty response from model,4.0,80.0,ماده ۲۸ قانون اساسی تأکید می‌کند که آزادی اشتغال مشروط بر مصالح عمومی است؛ بنابراین بیکاری ناشی از اقدام خصوصی که برای مصالح عمومی توجیه نمی‌شود، مغایر این اصل است.,Empty response from model
48,openai/gpt-oss-120b,1.0,90.0,0.33,"{""1"": 2, ""3"": 2, ""2"": 1}",True,10388.5,23503,1.0,90.0,ماده ۱۰۷ قانون اساسی جمهوری اسلامی ایران اجازه می‌دهد مجلس برای مواردی که اجرای قانون به آن نیاز دارد، اختیار اجرای آن را به هیئت دولت واگذار کند؛ بنابراین واگذاری تکلیف استخدام کارشناس خارجی به دولت برای مدت زمان مشخصی مطابق قانون اساسی است.,,1.0,90.0,طبق ماده ۳۹ قانون کارمندان دولت کارمند رسمی دولت بدون اجازه مراجع ذیصلاح نمی‌تواند در شرکتی خصوصی به عنوان مدیر یا عضو هیئت مدیره مشغول شود؛ لذا انتخاب وی توسط مجمع عمومی ناقض قانون است و بر وفق ماده ۱۷۲ قانون تجارت هر ذی نفع می‌تواند در دادگاه طلب بطلان مصوبه را داشته باشد.,Empty response from model,3.0,90.0,بر اساس قانون استخدام کارشناس خارجی (مصوب ۱۳۷۲/۲۲۲۲، ماده ۲) هر استخدام کارشناس خارجی باید با تصویب مجلس شورای اسلامی باشد و قانون اساسی (ماده ۱۱۰) صلاحیت قانون‌گذاری را از واگذاری منع می‌کند؛ لذا واگذاری این اختیار به هیئت وزیران خلاف قانون اساسی است.,Empty response from model,2.0,90.0,به موجب ماده 115 قانون اساسی، استخدام کارشناسان خارجی مستلزم تصویب مجلس است، ولی طبق ماده 111 قانون اساسی مجلس می‌تواند این اختیار را به هیئت وزیران واگذار کند؛ بنابراین مصوبه مطابق قانون اساسی است.,Empty response from model,1.0,90.0,ماده ۹۲ قانون اساسی اجازه می‌دهد تا مجلس در مواردی که قانون مانع آن نیست، اختیارات خود را برای مدت یا حوزه‌ای معین به دولت واگذار کند؛ استخدام کارشناسان خارجی نیز به عهده هیئت وزیران (ماده ۱۱۰) است، لذا واگذاری این تکلیف برای دورهٔ برنامه پنج‌ساله مغایر قانون اساسی نیست.,Empty response from model
49,openai/gpt-oss-120b,3.0,100.0,0.6,"{""3"": 3}",False,3763.0,4669,3.0,100.0,بر اساس ماده 647 قانون تجارت، در صورت عزل بازرس اصلی بدون تعیین جانشین، تصمیم مجمع عمومی باطل است و بازرس به مقام خود ادامه می‌دهد؛ لذا هر ذی‌نفعی می‌تواند این تصمیم را از دادگاه درخواست ابطال کند، مگر اینکه جانشین معین شده باشد که در این صورت مصوبه معتبر است.,,3.0,100.0,بر اساس ماده 661 قانون تجارت، مجمع عمومی می‌تواند بازرس اصلی را عزل کند ولی باید در همان جلسه جانشین او (بازرس علی‌البدل) را تعیین نماید؛ در صورت عدم تعیین جانشین، تصمیم عزل فاقد قانونی است و هر ذی نفعی می‌تواند آن را از دادگاه طلب کند.,,,,,Empty response from model,,,,No valid JSON in response,3.0,100.0,بر اساس ماده 733 قانون تجارت، در صورت عزل بازرس اصلی بدون تعیین جانشین، تصمیم عزل فاقد اعتبار است و هر ذی نفعی می‌تواند آن را از دادگاه تقاضا کند؛ در صورت تعیین بازرس علی‌البدل، مصوبه معتبر است. بنابراین گزینه 3 صحیح است.,
50,openai/gpt-oss-120b,,0.0,0.0,{},False,4603.8,5200,,,,Empty response from model,,,,Empty response from model,,,,Empty response from model,,,,Empty response from model,,,,Empty response from model
51,openai/gpt-oss-120b,3.0,90.0,1.0,"{""3"": 5}",False,4199.6,5156,3.0,90.0,بر اساس ماده ۳۲۲ قانون بازار سرمایه، انتشار اعلامیه پذیره‌نویسی برای شرکت‌های سهامی عام مستلزم دریافت موافقت‌نامه از سازمان بورس و اوراق‑بهادار و سپس اخذ اجازه انتشار از مرجع ثبت شرکت‌ها است.,,3.0,90.0,براساس ماده ۲۲۲ قانون تجارت و آیین‌نامه صدور اوراق بهادار، پیش از انتشار اعلامیه پذیره‌نویسی شرکت سهامی عام باید موافقت‌نامه سازمان بورس و اوراق بهادار و همچنین اجازه انتشار از مرجع ثبت شرکت‌ها دریافت شود.,,3.0,90.0,بر اساس ماده ۱۱۲ قانون بازار سرمایه، اعلامیه پذیره‌نویسی باید ابتدا مورد موافقت سازمان بورس و اوراق بهادار قرار گیرد و سپس با دریافت اجازه انتشار ازجع ثبت شرکت‌ها تکمیل می‌شود؛ لذا هر دو مستند لازم است.,,3.0,90.0,طبق ماده ۲۲۲ آیین‌نامه سازمان بورس و اوراق بهادار، اعلامیه پذیره‌نویسی باید ابتدا از سوی سازمان بورس تأیید (موافقتنامه) شود و سپس برای انتشار به مرجع ثبت شرکت‌ها اجازه دریافت گردد (ماده ۲۲ قانون تجارت). لذا نیاز به هر دو مستند است.,,3.0,90.0,بر اساس ماده ۳۲ قانون بازار سرمایه، اعلامیه پذیره‌نویسی باید ابتدا توسط سازمان بورس و اوراق‑بهادار مورد تأیید قرار گیرد و سپس برای انتشار به مرجع ثبت شرکت‌ها اجازه داده شود؛ لذا هر دو مستند (موافقتنامه سازمان بورس و اجازه انتشار از مرجع ثبت) لازم است.,
52,openai/gpt-oss-120b,,0.0,0.0,{},False,4233.2,4470,,,,Empty response from model,,,,Empty response from model,,,,Empty response from model,,,,Empty response from model,,,,Empty response from model
53,openai/gpt-oss-120b,2.0,90.0,0.4,"{""2"": 2}",False,4097.8,4851,2.0,90.0,طبق ماده ۱۶۲ قانون چک، چک مشروط فقط در برابر دارنده‌ای که از شرط آگاه باشد قابل استناد است و در غیر این صورت قابل مطالبه است؛ بنابراین برای استناد صادرکننده به شرط، چک باید منتقل شده و دارنده از وجود شرط مطلع باشد.,,,,,Empty response from model,2.0,90.0,بر طبق ماده ۴ قانون چک، دارندهٔ چک می‌تواند نسبت به صادر کننده طلب کند مگر آنکه از وجود شرط و یا مناقشهٔ اصلی آگاه باشد؛ بنابراین صادر کننده تنها در صورتی می‌تواند به شرط مقرر استناد کند که دارندهٔ چک از آن آگاه بوده و چک به او انتقال یافته باشد.,,,,,Empty response from model,,,,No valid JSON in response
54,openai/gpt-oss-120b,1.0,100.0,0.2,"{""1"": 1}",False,4287.6,4492,1.0,100.0,طبق ماده 733 قانون تجارت، چک صادره توسط غیرتاجر یا نه برای امور تجاری مزایای قانونی سند تجاری را از دست می‌دهد؛ بنابراین ادعای عدم از دست رفتن این مزایا نادرست است.,,,,,Empty response from model,,,,Empty response from model,,,,Empty response from model,,,,Empty response from model
55,openai/gpt-oss-120b,,0.0,0.0,{},False,4630.6,5039,,,,Empty response from model,,,,Empty response from model,,,,Empty response from model,,,,Empty response from model,,,,Empty response from model
56,openai/gpt-oss-120b,,0.0,0.0,{},False,4544.0,4815,,,,Empty response from model,,,,Empty response from model,,,,Empty response from model,,,,Empty response from model,,,,Empty response from model
57,openai/gpt-oss-120b,,0.0,0.0,{},False,4827.0,5362,,,,Empty response from model,,,,Empty response from model,,,,Empty response from model,,,,Empty response from model,,,,Empty response from model
58,openai/gpt-oss-120b,,0.0,0.0,{},False,4455.8,5048,,,,No valid JSON in response,,,,No valid JSON in response,,,,No valid JSON in response,,,,Empty response from model,,,,Empty response from model
59,openai/gpt-oss-120b,,0.0,0.0,{},False,4458.6,4791,,,,Empty response from model,,,,Empty response from model,,,,Empty response from model,,,,Empty response from model,,,,Empty response from model
60,openai/gpt-oss-120b,1.0,100.0,0.33,"{""1"": 2, ""2"": 2}",True,4230.3,8844,1.0,100.0,طبق ماده ۲۱۲ قانون تجارت، پس از انتشار صورت مطالبات تصدیق‌شده توسط اداره تصفیه طلبکاران، طلبکاران می‌توانند ظرف ۲۰ روز از تاریخ انتشار به رد طلب یا حق رجحان خود یا قبول طلب یا حق رجحان دیگری اعتراض کنند.,,,,,No valid JSON in response,2.0,90.0,بر اساس ماده 44 قانون اداره تصفیه طلبکاران، ظرف ده روز از تاریخ انتشار صورت مطالبات تصدیق‌شده، طلبکار می‌تواند به رد طلب یا حق رجحان خود یا قبول طلب یا حق رجحان دیگری اعتراض کند.,,2.0,90.0,بر اساس ماده 46 قانون تنظیم و تصفیه طلبکاران، پس از انتشار صورت مطالبات، طلبکاران ظرف ده روز می‌توانند نسبت به رد طلب یا حق رجحان خود یا قبول طلب یا حق رجحان دیگری اعتراض نمایند.,,,,,Empty response from model
81,openai/gpt-oss-120b,,0.0,0.0,{},False,4441.4,5011,,,,Empty response from model,,,,No valid JSON in response,,,,Empty response from model,,,,No valid JSON in response,,,,Empty response from model
82,openai/gpt-oss-120b,4.0,90.0,0.6,"{""2"": 2, ""4"": 3}",False,3825.0,4782,2.0,90.0,طبق ماده ۶۲ قانون مجازات اسلامی، هر کس برای جلوگیری از خطر بزرگتری عمل تخریبی مرتکب می‌شود، اجبار به عنوان دفاع قانونی محسوب می‌شود؛ در اینجا تخریب بیسیم برای جلوگیری از دسترسی دشمن به اطلاعات محرمانه، نقش اجبار را ایفا می‌کند.,,4.0,90.0,طبق ماده ۲۳ قانون مجازات اسلامی، تخریب اموال نظامی برای جلوگیری از دسترسی دشمن به اطلاعات محرمانه، به عنوان دفاع مشروع از منافع عمومی محسوب می‌شود؛ لذا سرباز می‌تواند از این دفاع استفاده کند.,,4.0,90.0,طبق ماده ۵۸۸ قانون مجازات اسلامی، هر کس برای جلوگیری از ارتکاب جرم یا حفظ منافع نظامی، با تخریب اموال در شرایط اضطراری اقدام کند، دفاع مشروع دارد؛ بنابراین تخریب بیسیم برای جلوگیری از دسترسی دشمن به اطلاعات محرمانه تحت این ماده است، نه به‌وجّه امر آمر یا اجبار.,,4.0,90.0,طبق ماده 30 قانون مجازات اسلامی، هرگاه شخص به منظور دفاع از منافع عمومی اقدام به ارتکاب عملی نماید که به لحاظ قانونی جرم محسوب می‌شود، آن عمل به عنوان دفاع مشروع شناخته می‌شود؛ تخریب بیسیم به منظور جلوگیری از دسترسی دشمن به اطلاعات محرمانه، دفاع از منافع عمومی نظامی است. بنابراین سرباز می‌تواند از دفاع مشروع بهره‌مند شود.,,2.0,90.0,بر اساس ماده 33 قانون مجازات اسلامی، عمل تحت اجبار یا ضرورت که برای جلوگیری از خسارت بزرگتر (در اینجا نشت اطلاعات محرمانه) انجام شود، مجازات نخواهد شد؛ لذا تخریب بیسیم به دلیل ضرورت دفاع از منافع ملی از طریق اجبار توجیه می‌شود.,
83,openai/gpt-oss-120b,,0.0,0.0,{},False,4262.2,4556,,,,Empty response from model,,,,Empty response from model,,,,Empty response from model,,,,Empty response from model,,,,Empty response from model
84,openai/gpt-oss-120b,1.0,92.5,0.8,"{""1"": 4}",False,3601.8,4240,1.0,100.0,بر اساس ماده ۷۳۳ و ۷۳۴ قانون مجازات اسلامی، شخص حقوقی در جرایم غیر عمد به شخصی صدمه می‌رساند، دیه و جزای نقدی می‌شود؛ حبس برای شخص حقوقی اعمال نمی‌گردد.,,1.0,90.0,بر اساس مادهٔ ۱۱۴ قانون مجازات اسلامی، اشخاص حقوقی در جرایم غیر عمد متعهد به پرداخت دیه و جزای نقدی می‌شوند؛ لذا برای صدمه به شخصی که به شخص حقوقی منتسب است، تنها دیه و جریمه نقدی قابل اعمال است.,,1.0,90.0,بر اساس ماده ۲ قانون مسئولیت کیفری اشخاص حقوقی، در جرایم غیر عمد شخص حقوقی ملزم به پرداخت دیه و جزای نقدی می‌شود؛ جرایم عمدی ممکن است شامل تعطیلی یا توقیف اموال شود اما برای غیر عمد فقط دیه و جزای نقدی اعمال می‌گردد (ماده ۷۳۳ ق.م.).,,1.0,90.0,طبق ماده 108 قانون مجازات اسلامی، شخص حقوقی برای جرایم غیر عمدی که موجب صدمه به شخص می‌شود، ملزم به پرداخت دیه و جزای نقدی است.,,,,,No valid JSON in response
85,openai/gpt-oss-120b,,0.0,0.0,{},False,4333.2,4670,,,,Empty response from model,,,,Empty response from model,,,,Empty response from model,,,,Empty response from model,,,,Empty response from model
86,openai/gpt-oss-120b,,0.0,0.0,{},False,4271.0,4845,,,,Empty response from model,,,,Empty response from model,,,,Empty response from model,,,,Empty response from model,,,,Empty response from model
87,openai/gpt-oss-120b,,0.0,0.0,{},False,4267.4,4622,,,,Empty response from model,,,,Empty response from model,,,,Empty response from model,,,,Empty response from model,,,,Empty response from model
88,openai/gpt-oss-120b,1.0,100.0,0.2,"{""1"": 1}",False,4074.6,4361,1.0,100.0,طبق ماده ۵۲۲ قانون آیین دادرسی کیفری، در صورت پایبندی متهم به دستورات دادگاه در مدت تعلیق اجرای حکم، قاضی می‌تواند حکم معافیت از کیفر صادر کند.,,,,,Empty response from model,,,,Empty response from model,,,,Empty response from model,,,,Empty response from model
89,openai/gpt-oss-120b,,0.0,0.0,{},False,4159.4,4788,,,,Empty response from model,,,,Empty response from model,,,,Empty response from model,,,,Empty response from model,,,,Empty response from model
90,openai/gpt-oss-120b,3.0,90.0,0.8,"{""3"": 4}",False,3587.0,4016,3.0,90.0,بر طبق ماده  و ۳ قانون مجازات اسیدپاشی و حمایت از بزه‌دیدگان، معاون در اسیدپاشی مشمول مجازات‌های خاص این قانون می‌شود، نه قواعد عمومی مجازات اسلامی.,,3.0,90.0,بر اساس ماده ۲ قانون مجازات اسیدپاشی و حمایت از بزه‌دیدگان، معاونان در این جرم به حبس دو تا پنج سال یا جریمهٔ مقرر در همان قانون محکوم می‌شوند؛ لذا مجازات مخصوص قانون اعمال می‌گردد.,,3.0,90.0,بر according به ماده ۴ قانون مجازات اسیدپاشی و حمایت از بزه‌دیدگان، معاونان در جرم اسیدپاشی به‌موجب احکام خاص این قانون محکوم می‌شوند، نه به‌وسیله قواعد عمومی معاونت قانون مجازات اسلامی.,,3.0,90.0,بر اساس ماده ۲ قانون اسیدپاشی و حمایت از بزه‌دیدگان (قانون ۲۲۲۲/۱۳۹۲)، معاونان این جرم به همان مجازات‌های خاص مقرر برای این جرم تحت همان قانون محکوم می‌شوند.,,,,,Empty response from model
91,openai/gpt-oss-120b,1.0,90.0,0.2,"{""1"": 1}",False,4359.6,4562,1.0,90.0,طبق ماده ۲۲ قانون حفاظت از آثار فرهنگی، هنری و تاریخی، انجام حفاری یا کاوش بدون مجوز جرم محسوب می‌شود و تکمیل آن با خود جرم نام است؛ دستیابی به اموال تاریخی لازم نیست. بنابراین رفتار «الف» جرم نام است.,,,,,Empty response from model,,,,No valid JSON in response,,,,Empty response from model,,,,No valid JSON in response
92,openai/gpt-oss-120b,1.0,90.0,0.6,"{""1"": 3, ""3"": 1}",False,3274.8,4533,1.0,90.0,طبق ماده 156 قانون مجازات اسلامی، کارمند ثبت که با آگاهی از وضعیت واقعی ملک، آگهی ثبت جعلی صادر می‌کند، مرتکب گزارش خلاف واقع می‌شود؛ این رفتار مجرمانه است و به عنوان گزارش خلاف واقع شناخته می‌شود.,,1.0,90.0,طبق ماده 733 قانون مجازات اسلامی، هر کس به عمد در سند یا ثبت رسمی چیزی خلاف واقع بنویسد یا اعلام کند، مرتکب گزارش خلاف واقع می‌شود که جرم است.,,3.0,90.0,کارمند ثبت با علم به عدم حق مالکیت، ثبت را به‌صورت سند رسمی تقلبی تأیید کرد؛ این عمل مطابق ماده ۱۸۴ قانون مجازات اسلامی (جعل اسناد رسمی) مجازات مجرمانه دارد.,,1.0,90.0,طبق ماده 399 قانون مجازات اسلامی، هر کس که به مقام یا مأمور عمومی گزارش خلاف واقع بدهد، به جرم گزارش خلاف واقع محکوم می‌شود؛ بنابراین رفتار کارمند ثبت که علیرغم آگاهی از وضعیت واقعی پلاک، گزارش نادرست می‌دهد، مشمول این جرم است.,,,,,No valid JSON in response
93,openai/gpt-oss-120b,,0.0,0.0,{},False,4085.6,4462,,,,Empty response from model,,,,Empty response from model,,,,Empty response from model,,,,Empty response from model,,,,Empty response from model
94,openai/gpt-oss-120b,3.0,90.0,0.2,"{""3"": 1}",False,4550.6,5140,3.0,90.0,بر طبق ماده 2 قانون جرائم رایانه‌ای، دسترسی غیرمجاز به اطلاعات و انتقال آن به شخص ثالث سرقت رایانه‌ای محسوب می‌شود؛ و بر اساس ماده 3 همان قانون، ضبط صداهای خصوصی بدون رضایت شنود غیرمجاز است. بدافزار «الف» هم‌زمان این دو رفتار را انجام می‌دهد. بنابراین «الف» می‌تواند برای سرقت رایانه‌ای و شنود غیرمجاز متهم شود.,,,,,No valid JSON in response,,,,No valid JSON in response,,,,No valid JSON in response,,,,No valid JSON in response
95,openai/gpt-oss-120b,4.0,90.0,0.6,"{""4"": 3}",False,3219.6,3917,,,,No valid JSON in response,4.0,90.0,الف با دریافت بیعانه به عنوان امانت و عدم انجام کار و استفاده از پول برای خرید وسایل، مال امانت را به نحو نادرست به خود اختصاص داده است؛ این رفتار تحت ماده ۳۷۸ قانون مجازات اسلامی (خیانت در امانت) جرم می‌شود.,,4.0,90.0,طبق ماده ۲۶۶ قانون مجازات اسلامی، هر کس مال امانت‌دار شده را به نحو نادرست به خود اختصاص دهد، به جرم «خیانت در امانت» محکوم می‌شود؛ در این حالت الف پول بیعانه را بدون انجام کار به خود اختصاص داده است.,,,,,Invalid answer: ,4.0,90.0,استفادهٔ ناحق از پول پیش‌پرداخت که به‌عنوان امانت به الف سپرده شده است، مطابق مادهٔ ۲۸۴ قانون مجازات اسلامی (خیانت در امانت) محسوب می‌شود.,
96,openai/gpt-oss-120b,1.0,90.0,1.0,"{""1"": 5}",False,3187.4,4243,1.0,90.0,قاضی با تغییر محتوای صورت جلسه (مبلغ خسارت) نسبت به حقیقت، مفاد اسناد رسمی را جعل کرده است؛ مطابق ماده 203 قانون مجازات اسلامی، جعل مفاد اسناد رسمی جرم است.,,1.0,90.0,قاضی با درج رقم نادرست در صورت جلسه، که سند رسمی است، مفاد آن را جعل کرده است؛ بر اساس ماده ۱۷۳ قانون مجازات اسلامی (جعل مفاد اسناد رسمی) قابل تعقیب است.,,1.0,90.0,قاضی با درج عدد نادرست در صورت‌جلسه‌اش، محتویات سند رسمی (صورت جلسه) را به قصد جعل تغییر داده است؛ این جرم تحت ماده ۲۷۴ قانون مجازات اسلامی (جعل مفاد اسناد رسمی) قرار می‌گیرد.,,1.0,90.0,قاضی با تغییر عدد در صورت جلسه که اسناد رسمی محسوب می‌شود، خلاف واقع در اسناد رسمی را درج کرده است؛ مطابق ماده 173 قانون مجازات اسلامی این عمل «جعل مفاد اسناد رسمی» است.,,1.0,90.0,قاضی با درج عدد متفاوت در صورت‌جلسه، مفاد اسناد رسمی را به قصد سوءاستفاده جعل کرده است؛ این رفتار مشمول ماده ۱۷۶ قانون مجازات اسلامی (جعل مفاد اسناد رسمی) می‌شود.,
97,openai/gpt-oss-120b,,0.0,0.0,{},False,4202.4,4577,,,,Empty response from model,,,,No valid JSON in response,,,,Empty response from model,,,,No valid JSON in response,,,,No valid JSON in response
98,openai/gpt-oss-120b,4.0,90.0,0.2,"{""4"": 1}",False,4373.0,4839,4.0,90.0,بر اساس ماده ۷۲ قانون مجازات اسلامی، توبهٔ شخص حقیقی می‌تواند منجر به تخفیف مجازات او شود؛ اما برای شخص حقوقی تخفیف تنها در صورت نشان دادن توبهٔ خودِ حقوقی (مثلاً جبران خسارت) امکان‌پذیر است و توبهٔ نمایندهٔ قانونی کافی نیست (ماده ۷۲۲). بنابراین دادگاه می‌تواند فقط مجازات شخص حقیقی را تخفیف دهد.,,,,,Empty response from model,,,,Empty response from model,,,,Empty response from model,,,,No valid JSON in response
99,openai/gpt-oss-120b,,0.0,0.0,{},False,4286.4,5048,,,,Empty response from model,,,,Empty response from model,,,,Empty response from model,,,,Empty response from model,,,,Empty response from model
100,openai/gpt-oss-120b,2.0,92.5,0.8,"{""2"": 4}",False,4029.6,6678,2.0,90.0,پدر با استفاده از سند جعلی مال را به‌دست آورد؛ این عمل تحت عنوان «تحصیل مال از طریق نامشروع» طبق ماده ۶۳۲ قانون مجازات اسلامی مجازات می‌شود.,,2.0,90.0,رفتار پدر شامل جعل سند (ماده 173 قانون مجازات اسلامی) و تحصیل مال از طریق نامشروع (ماده 2 قانون مجازات اسلامی) است و مجموع این اعمال تحت مجرمانه «تحصیل مال از طریق نامشروع» بررسی می‌شود.,,2.0,100.0,بر اساس ماده 203 قانون مجازات اسلامی، هر‌کس که با فریب یا تقلب مال را به‌دست آورد، مرتکب جرم «تحصیل مال از طریق نامشروع» می‌شود؛ رفتار پدر در این مورد دقیقاً شامل این توصیف است.,,,,,Empty response from model,2.0,90.0,فعل پدر شامل جعل سند و فروش ملک به ناحق است که تحت ماده ۲۷۴ و ۲۷۶ قانون مجازات اسلامی به عنوان «تحصیل مال از طریق نامشروع» مجازات می‌شود.,
101,openai/gpt-oss-120b,2.0,100.0,0.2,"{""2"": 1}",False,4349.0,4853,,,,Empty response from model,2.0,100.0,قانون مجازات اسلامی (ماده 581) قتل غیر عمدی حداکثر پنج سال حبس دارد؛ بر این اساس آیین دادرسی کیفری (ماده 23) قضای با حداکثر مجازات پنج سال حبس به دادگاه کیفری دو اختصاص می‌یابد.,,,,,Empty response from model,,,,Empty response from model,,,,Empty response from model
102,openai/gpt-oss-120b,,0.0,0.0,{},False,4699.2,5038,,,,Empty response from model,,,,Empty response from model,,,,No valid JSON in response,,,,Empty response from model,,,,Empty response from model
103,openai/gpt-oss-120b,,0.0,0.0,{},False,3848.6,4112,,,,No valid JSON in response,,,,Empty response from model,,,,Empty response from model,,,,Empty response from model,,,,Empty response from model
104,openai/gpt-oss-120b,3.0,90.0,0.8,"{""3"": 4}",False,3377.4,4382,3.0,90.0,بر اساس ماده ۲۲ قانون دیوان عالی کشور، در هر گونه اختلاف صلاحیت بین دادگاه‌ها مرجع حل اختلاف دیوان عالی کشور است؛ لذا اختلاف صلاحیت بین دادگاه کیفری دو و دادگاه حقوقی همان استان به دیوان عالی کشور ارجاع می‌شود.,,3.0,90.0,طبق ماده ۵ قانون آیین دادرسی کیفری و ماده ۷۳۳ قانون آیین دادرسی مدنی، اختلافات در صلاحیت میان دادگاه‌های کیفری و حقوقی به دیوان عالی کشور ارجاع می‌شود. بنابراین مرجع حل این اختلاف، دیوان عالی کشور است.,,3.0,90.0,بر طبق ماده ۳ قانون دیوان عالی کشور، در صورت بروز اختلاف در صلاحیت بین دادگاه‌های مختلف، به‌ویژه بین دادگاه کیفری دو و دادگاه حقوقی، مرجع حل اختلاف دیوان عالی کشور است.,,3.0,90.0,طبق ماده ۲۲ قانون دیوان عالی کشور، در موارد اختلاف صلاحیت بین دادگاه‌های مختلف (مانند دادگاه کیفری دو و دادگاه حقوقی) مرجع حل اختلاف دیوان عالی کشور است.,,,,,Empty response from model
105,openai/gpt-oss-120b,1.0,90.0,0.4,"{""1"": 2}",False,4305.2,5075,1.0,90.0,بر اساس ماده ۲۲۲ قانون آیین دادرسی کیفری، جرایم مرتکب‌شده توسط ضابطان دادگستری در حین انجام وظیفه در صلاحیت دادگاه کیفری یا دادگاه بخش قرار می‌گیرد؛ لذا مرجع قضایی مربوطه دادگاه کیفری یا دادگاه بخش است.,,1.0,90.0,طبق ماده ۲۲۲ قانون تنظیمات قضائی، در صورت ارتکاب جرم توسط ضابطان دادگستری، پرونده به دادگاه عمومی (دادگاه کیفری یا دادگاه بخش) ارجاع می‌شود؛ لذا صلاحیت این مراجع است.,,,,,No valid JSON in response,,,,No valid JSON in response,,,,Empty response from model
106,openai/gpt-oss-120b,,0.0,0.0,{},False,4567.0,4899,,,,Empty response from model,,,,Empty response from model,,,,Empty response from model,,,,Empty response from model,,,,Empty response from model
107,openai/gpt-oss-120b,2.0,90.0,0.6,"{""3"": 1, ""2"": 3}",False,3817.4,4859,3.0,90.0,بر اساس ماده ۵۳۵ قانون آیین دادرسی کیفری، رأی دادگاه کیفری در دعاوی حقوقی یا خسارت ناشی از جرم لازم‌الاتباع نیست و هر دعوی حقوقی به‌صورت مستقل بررسی می‌شود.,,2.0,90.0,طبق ماده ۲۲۲ قانون آیین دادرسی مدنی، حکم قطعی و مؤثر در ماهیت دعوا توسط دادگاه کیفری صادر شده باشد، در دعوی حقوقی مربوطه لازم‌اجرا است.,,2.0,90.0,بر حسب ۴۵ قانون آیین دادرسی مدنی، قضایای کیفری قط که در ماهیت امر حقوقی مؤثر باشد، لازم‌الاتباع هستند؛ لذا تنها در این شرایط رأی کیفری به دادگاه‌های مدنی در طلب غرامت یا سایر امور حقوقی انتقال می‌یابد.,,2.0,90.0,بر اساس ماده ۲۲۲ قانون آیین دادرسی کیفری، در صورتی که رأی دادگاه کیفری قطعی و مؤثر در ماهیت امر حقوقی باشد، دادگاه رسیدگی‌کننده به امور حقوقی یا ضرر و زیان ناشی از جرم ملزم به تبعیت از آن است.,,,,,Empty response from model
108,openai/gpt-oss-120b,,0.0,0.0,{},False,4566.0,4924,,,,Empty response from model,,,,Empty response from model,,,,Empty response from model,,,,No valid JSON in response,,,,Empty response from model
109,openai/gpt-oss-120b,3.0,93.3,0.6,"{""3"": 3}",False,4188.0,4872,3.0,100.0,بر اساس ماده ۵۲۲ قانون آیین دادرسی کیفری، قرارهای نهایی دادیار و قرار تأمین منتهی به بازداشت متهم باید در همان روز به نظر دادستان برسند.,,3.0,90.0,طبق ماده ۲۲۲ قانون آیین دادرسی کیفری، قرارهای نهایی دادیار و قرار تأمین منتهی به بازداشت متهم باید در همان روز صدور به نظر دادستان ارجاع شوند.,,,,,Empty response from model,3.0,90.0,بر اساس ماده ۲۷۴ قانون دادرسی کیفری، قرارهای نهایی دادیار و قرارهای تأمین منتهی به بازداشت متهم بایستی در همان روز صدور به نظر دادستان ارسال شوند.,,,,,Empty response from model
110,openai/gpt-oss-120b,2.0,92.0,1.0,"{""2"": 5}",False,3620.2,4336,2.0,90.0,طبق مواد ۲۲۲ و ۲۴۶ قانون آیین دادرسی کیفری، اختیار ضبط اموال یا اشیا می‌تواند به عهده بازپرس، دادستان یا دادگاه باشد؛ بسته به مرحله رسیدگی و نیاز به حفظ اصل شواهد.,,2.0,90.0,بر اساس ماده ۸۵ و ۱۳۹ قانون آیین دادرسی کیفری، اختیار ضبط اموال یا اشیا می‌تواند به بازپرس، دادستان یا دادگاه واگذار شود؛ لذا این اختیار بسته به موقعیت قضایی متفاوت است.,,2.0,100.0,ماده ۲۲۲ و ماده ۶۲۲ قانون آیین دادرسی کیفری مقرر می‌دارد که ضبط اموال یا اشیا می‌تواند توسط بازپرس، دادستان یا دادگاه، بسته به شرایط پرونده، انجام شود.,,2.0,90.0,طبق ماده ۷۲ قانون آیین دادرسی کیفری، ضبط اموال یا اشیا می‌تواند توسط بازپرس، دادستان یا دادگاه بر حسب وضعیت و نیاز قضایی انجام شود.,,2.0,90.0,بر اساس ماده ۲۲۲ قانون آیین دادرسی کیفری، بازپرس یا دادستان می‌توانند برای جلوگیری از فرار اموال یا حفظ شواهد توقیف یا ضبط کنند و در موارد دعوی دادگاه نیز این اختیار را دارد.,
111,openai/gpt-oss-120b,,0.0,0.0,{},False,4469.2,6159,,,,Empty response from model,,,,Empty response from model,,,,Empty response from model,,,,Empty response from model,,,,Empty response from model
112,openai/gpt-oss-120b,2.0,90.0,0.4,"{""2"": 2}",False,4367.4,4771,2.0,90.0,بر اساس ماده ۵۲۲ قانون آیین دادرسی کیفری، تصمیم دادگاه در مورد عدم صلاحیت اصداری، قابل تجدیدنظر است و اعتراض به آن فقط از سوی دادستان یا شاکی/مدعی خصوصی قابل ارائه است.,,,,,No valid JSON in response,,,,No valid JSON in response,2.0,90.0,بر اساس ماده ۳۸۲ قانون آیین دادرسی کیفری، قرار عدم صلاحیت اصداری از دادگاه کیفری قابل استیناف است و استیناف فقط توسط دادستان و شاکی یا مدعی خصوصی قابل ارائه می‌باشد.,,,,,No valid JSON in response
113,openai/gpt-oss-120b,3.0,90.0,0.4,"{""3"": 2}",False,4522.4,4805,,,,No valid JSON in response,3.0,90.0,طبق ماده ۲۲۲ قانون مجازات اسلامی، در صورت ابتلا به جنون پس از صدور حکم قطعی، اجرای حکم موقوف می‌شود و قاضی اجرای احکام کیفری قرار موقوفی تعقیب صادر می‌کند.,,3.0,90.0,طبق ماده ۲۲۲ قانون آیین‌نامه دادگاه‌های کیفری، پس از صدور حکم قطعی اگر محکوم به جنون مبتلا شود، اجرای حکم موقوف می‌شود و قاضی اجرای احکام کیفری باید قرار موقوفی تعقیب صادر کند.,,,,,No valid JSON in response,,,,No valid JSON in response
114,openai/gpt-oss-120b,4.0,90.0,0.2,"{""4"": 1}",False,4285.6,4705,,,,Empty response from model,4.0,90.0,بر اساس ماده ۲۳ قانون آیین دادرسی کیفری، در جرایم تعزیری درجه ۷ و ۸ و همچنین جرایمی که دیه یا ارش آنها برابر یا کمتر از نصف دیه کامل باشد، برای اطفال و نوجوانان وکیل تسخیری تعیین نمی‌شود.,,,,,Empty response from model,,,,Empty response from model,,,,Empty response from model
115,openai/gpt-oss-120b,4.0,90.0,0.2,"{""4"": 1}",False,4212.6,4498,4.0,90.0,بر اساس ماده ۲۲ قانون دادرسی کیفری، درایم غیر عمدی فقط صدور قرار کفالت مجاز است و قرار وثیقه مجاز نیست؛ لذا گزینه ۴ صحیح است.,,,,,Empty response from model,,,,Empty response from model,,,,Empty response from model,,,,Empty response from model
116,openai/gpt-oss-120b,3.0,90.0,0.2,"{""3"": 1}",False,4202.4,4286,,,,Empty response from model,,,,Empty response from model,,,,Empty response from model,3.0,90.0,بر طبق ماده 606 قانون آیین دادرسی کیفری، برای جرایم تعزیری درجه ۶ و ۷ در صورت ارائه تضمین کافی برای جبران خسارات، قاضی می‌تواند به‌جای صدور حکم جزائی، تنها قرار نظارت قضایی کند.,,,,,Empty response from model
117,openai/gpt-oss-120b,,0.0,0.0,{},False,4432.4,4977,,,,Empty response from model,,,,Empty response from model,,,,Empty response from model,,,,Empty response from model,,,,No valid JSON in response
118,openai/gpt-oss-120b,3.0,95.0,0.4,"{""3"": 2}",False,3998.6,4751,3.0,100.0,طبق ماده ۳۸۴ قانون آیین دادرسی کیفری، اگر شعبه دیوان عالی کشور متهم را غیرقابل تعقیب بداند، رأی دادگاه تجدیدنظر را باطل می‌کند و به همان دادگاه ارجاع می‌نماید تا حکم برائت صادر کند.,,,,,Empty response from model,3.0,90.0,طبق ماده ۵۲۲ قانون آیین دادرسی کیفری، اگر شعبه دیوان عالی کشور متهم را «قابل تعقیب» ندانند، رأی دادگاه‌مستدرک را نقض نموده و حکم برائت متهم صادر می‌شود.,,,,,Empty response from model,,,,Empty response from model
119,openai/gpt-oss-120b,4.0,100.0,0.6,"{""4"": 3}",False,3728.4,4195,4.0,100.0,ماده ۴۷۷ قانون آیین دادرسی کیفری مقرر می‌دارد که در تشخیص خلاف بودن حکم قطعی از نظر شرع بین یا قانون، دادستان کل مراتب را برای تجدیدنظر به رئیس قوه قضاییه ارجاع می‌دهد.,,4.0,100.0,ماده 477 قانون آیین دادرسی کیفری مقرر می‌کند هرگاه حکمی قطعی که خلاف شرع یا قانون تشخیص داده شود، دادستان کل کشور باید را به رئیس قوه قضاییه گزارش دهد.,,,,,No valid JSON in response,4.0,100.0,ماده 477 قانون آیین دادرسی کیفری مقرر می‌دارد که در صورت تش خلاف بودن حکم قطعی از نظر شرع بین یا قانون، دادستان کل کشور مراتب را به رئیس قوه قضائیه اعلام کند تا نسبت به اعمال ماده مذکور اقدام نماید.,,,,,Empty response from model
120,openai/gpt-oss-120b,,0.0,0.0,{},False,4616.4,5376,,,,Empty response from model,,,,Empty response from model,,,,Empty response from model,,,,No valid JSON in response,,,,Empty response from model
121,openai/gpt-oss-120b,2.0,98.0,1.0,"{""2"": 5}",False,2674.2,3513,2.0,100.0,ماده 162 قانون اساسی جمهوری اسلامی ایران مقرر می‌دارد: «ابتکار بودجه کل کشور بر عهده دولت است». بنابراین مرجع ابتکار بودجه دولت می‌باشد.,,2.0,90.0,ماده ۱۱۰ قانون اساسی جمهوری اسلامی ایران تصریح می‌کند که دولت بر پایه برنامه‌ریزی‌های مالی، بودجه کل کشور را تنظیم می‌نماید؛ لذا ابتکار بودجه متعلق به دولت است.,,2.0,100.0,بر اساس ماده 84 قانون اساسی بودجه، ابتکار بودجه کل کشور به عهده دولت است.,,2.0,100.0,طبق ماده ۱۰۶ قانون اساسی جمهوری اسلامی ایران، ابتکار قانون مالیه و بودجه کل کشور بر عهده دولت است.,,2.0,100.0,ماده 1 قانون اساسی ابتکار بودجه کل کشور صریحاً مقرر می‌دارد که ابتکار تهیه و ارائه بودجه کل کشور به عهده دولت است.,
122,openai/gpt-oss-120b,1.0,90.0,0.2,"{""1"": 1}",False,4366.0,4859,1.0,90.0,ماده ۱۰۷ قانون اساسی جمهوری اسلامی ثروتهای عمومی را شامل «مراتعی که در حریم قرار دارد» می‌داند؛ بنابراین این مورد جزئی از مصادیق انفال و ثروتهای عمومی است.,,,,,Empty response from model,,,,Empty response from model,,,,Empty response from model,,,,Empty response from model
123,openai/gpt-oss-120b,1.0,100.0,0.2,"{""1"": 1}",False,4241.2,4674,,,,Empty response from model,1.0,100.0,بر اساس ماده 108 قانون اساسی جمهوری اسلامی ایران، رئیس قوه قضائیه پس از مشورت با وزیر دادگستری می‌تواند اختیارات اداری و مالی خود را به وزیر تفویض کند؛ بنابراین تفویض اختیارات تام مالی و اداری مجاز است.,,,,,Empty response from model,,,,Empty response from model,,,,Empty response from model
124,openai/gpt-oss-120b,,0.0,0.0,{},False,4484.6,5131,,,,Empty response from model,,,,Empty response from model,,,,Empty response from model,,,,Empty response from model,,,,Empty response from model
125,openai/gpt-oss-120b,3.0,90.0,0.2,"{""3"": 1}",False,4498.6,4680,,,,Empty response from model,,,,Empty response from model,3.0,90.0,ماده 172 قانون اساسی جمهوری اسلامی ایران صریحاً قوه قضائیه را بر پایه اصل «بی‌طرفی» می‌نویسد؛ لذا بی‌ی به عنوان یکی از اصول حاکم بر رسیدگی‌های قضایی در قانون اساسی ذکر شده است.,,,,,Empty response from model,,,,Empty response from model
126,openai/gpt-oss-120b,2.0,94.0,1.0,"{""2"": 5}",False,2936.2,3913,2.0,100.0,ماده 44 قانون اساسی جمهوری اسلامی ایران مقرر می‌کند که دولت موظف است از تبذیر و اسراف در منابع مالی، طبیعی و انسانی جلوگیری نماید؛ این موضوع در بخش اقتصاد آمده است.,,2.0,90.0,ماده 44 قانون اساسی جمهوری اسلامی ایران صراحتاً می‌گوید: «دولت باید مانع تبذیر و اسراف در استفاده از منابع ملی شود»؛ این ماده در فهرست شؤون نظام تحت عنوان «اقتصاد» قرار دارد. بنابراین اصل «منع تبذیر» به حوزهٔ اقتصاد تعلق دارد.,,2.0,100.0,منع تبذیر در متن ماده 44 قانون اساسی جمهوری اسلامی ایران آمده است که اقتصاد ملی را بر پایه مشارکت عمومی‑خصوصی تنظیم می‌کند و از تبذیر جلوگیری می‌نماید.,,2.0,90.0,ماده 44 قانون اساسی جمهوری اسلامی ایران در بخش اقتصاد، تأکید می‌کند که دولت برای جلوگیری از تبذیر و اسراف می‌تواند قوانین لازم را وضع کند؛ لذا اصل «منع تبذیر» در حوزهٔ اقتصاد ذکر شده است.,,2.0,90.0,ماده 20 قانون اساسی جمهوری اسلامی ایران می‌گوید: «دولت موظف به حفاظت از محیط زیست و حفظ منابع طبیعی و جلوگیری از تبذیر آنهاست». این اصل مربوط به استفاده بهینه و جلوگیری از هدررفت منابع است که تحت حوزهٔ اقتصاد قرار می‌گیرد.,
127,openai/gpt-oss-120b,,0.0,0.0,{},False,4149.4,4287,,,,Empty response from model,,,,Empty response from model,,,,Empty response from model,,,,Empty response from model,,,,Empty response from model
128,openai/gpt-oss-120b,3.0,95.0,0.4,"{""3"": 2}",False,4397.0,4655,3.0,90.0,ماده ۲۳ قانون اساسی جمهوری اسلامی ایران صراحتاً می‌گوید: «آزادی بیان ... مشروط به رعایت حقوق دیگران در چارچوب قوانین است». بنابراین آزادی بیان تحت این شرط قرار دارد.,,3.0,100.0,ماده ۲۴ قانون اساسی جمهوری اسلامی ایران صراحتاً می‌گوید: «آزادی بیان در چارچوب قانون و با رعایت حقوق دیگران تضمین می‌شود». بنابراین آزادی بیان مشروط به احترام حقوق دیگران است.,,,,,Empty response from model,,,,Empty response from model,,,,Empty response from model
129,openai/gpt-oss-120b,4.0,95.0,0.33,"{""1"": 1, ""4"": 2}",False,4174.3,9268,1.0,90.0,بر اساس ماده 110 قانون اساسی، مصوبات شورای عالی امنیت ملی نباید با متن و روح قانون مغایرت داشته باشند.,,,,,Empty response from model,4.0,90.0,ماده ۱۱۹ قانون اساسی جمهوری اسلامی ایران صراحتاً می‌گوید تمام مصوبات هیئت وزیران باید با متن و روح قانون اساسی و قوانین مطابقت داشته باشد؛ بنابراین این مرجع است که قانون اساسی به‌طور واضح آن را ملزم می‌کند.,,4.0,100.0,طبق ماده 108 قانون اساسی جمهوری اسلامی ایران، مصوبات هیئت وزیران نباید با متن و روح قانون مغایرت داشته باشد.,,,,,Empty response from model
130,openai/gpt-oss-120b,3.0,90.0,0.4,"{""3"": 2}",False,4493.4,5568,3.0,90.0,ماده 20 قانون اساسی صراحتاً تبعیض را در بهره‌مندی از حقوق اساسی ممنوع می‌کند و از جمله این حقوق، حق آموزش و بهداشت عمومی است که در ماده 21 نیز به‌طور خاص بیان شده است؛ بنابراین تبعیض در برخورداری از آموزش و بهداشت عمومی ممنوع است.,,,,,Empty response from model,3.0,90.0,ماده ۲۱ قانون اساسی جمهوری اسلامی ایران صریحاً می‌گوید: «تمامی شهروندان حق دسترسی برابر به آموزش و بهداشت عمومی را دارند» و از این رو تبعیض در این موارد ممنوع است (همچنین ماده ۲۰ بر برابری حقوقی بدون تبعیض تأکید دارد).,,,,,Empty response from model,,,,Empty response from model
131,openai/gpt-oss-120b,,0.0,0.0,{},False,4137.0,4374,,,,Empty response from model,,,,Empty response from model,,,,Empty response from model,,,,Empty response from model,,,,Empty response from model
132,openai/gpt-oss-120b,,0.0,0.0,{},False,4195.6,4246,,,,Empty response from model,,,,Empty response from model,,,,No valid JSON in response,,,,No valid JSON in response,,,,Empty response from model
133,openai/gpt-oss-120b,4.0,90.0,0.2,"{""4"": 1}",False,4198.8,4700,,,,Empty response from model,,,,Empty response from model,4.0,90.0,بر اساس ماده 15 قانون شکایات عمومی (ماده 90 قانون اساسی) و ماده 3 قانون دیوان عدالت اداری، در صورت طرح همزمان شکایت به کمیسیون اصل 90 و دیوان عدالت اداری، دیوان با صدور قرار توقف، رسیدگی خود را تا زمان صدور تصمیم نهایی کمیسیون به تعویق می‌اندازد.,,,,,Empty response from model,,,,Empty response from model
134,openai/gpt-oss-120b,,0.0,0.0,{},False,4006.4,4302,,,,Empty response from model,,,,Empty response from model,,,,Empty response from model,,,,Empty response from model,,,,No valid JSON in response
135,openai/gpt-oss-120b,,0.0,0.0,{},False,4319.8,4523,,,,Empty response from model,,,,Empty response from model,,,,Empty response from model,,,,Empty response from model,,,,Empty response from model
136,openai/gpt-oss-120b,3.0,92.0,1.0,"{""3"": 5}",False,3350.0,4206,3.0,90.0,بر اساس ماده ۲۲ قانون کارمندان دولت، کارمند دولت در هر زمان، حتی در دوره مرخصی بدون، مشمول ممنوعیت جمع مشاغل است و صرفاً با اجازه‌نامه‌ مکتوب می‌تواند شغلی دیگر داشته باشد؛ بنابراین انتصاب وی به عنوان مدیر عامل شرکت خصوصی ممنوع است.,,3.0,90.0,طبق ماده ۲ قانون خدمت‌دانی، کارمند دولت حتی در زمان مرخصی بدون حقوق همچنان تحت پوشش این قانون است و منع‌الزامی جمع مشاغل برای او اعمال می‌شود؛ لذا داشتن سمت مدیرعامل در شرکت خصوصی بدون اجازه مقام ذی‌صلاح ممنوع است.,,3.0,100.0,طبق ماده ۵ قانون استخدامی کارمندان دولت، کارمند دولتی حتی در زمان مرخصی بدون حقوق مشمول منع انجام هر شغلی دیگر می‌شود و جمع مشاغل برای او ممنوع است؛ لذا به عنوان مدیرعامل شرکت خصوصی مشغول به کار شدن خلاف این قانون است.,,3.0,90.0,طبق ماده 30 قانون خدمات وظیفه عمومی کارمند دولت بدون اجازه مقام قانونی حق داشتن شغل دیگر را ندارد و این ممنوعیت حتی در زمان مرخصی بدون حقوق همچنان اعمال می‌شود؛ بنابراین کارمند در مرخصی بدون حقوق که به عنوان مدیر عامل شرکت خصوصی مشغول می‌شود مشمول جمع مشاغل و ممنوع است.,,3.0,90.0,طبق ماده ۲۲ قانون استخدامی کارمندان دولت، کارمند دولت حتی در زمان مرخصی بدون حقوق مشمول ممنوعیت جمع مشاغل است و برای اتخاذ شغل دیگر باید از مقام بالاتر اجازه بگیرد؛ لذا اشتغال به عنوان مدیر عامل شرکت خصوصی بدون مجوز ممنوع است.,
137,openai/gpt-oss-120b,,0.0,0.0,{},False,4186.8,4613,,,,Empty response from model,,,,Empty response from model,,,,Empty response from model,,,,Empty response from model,,,,Empty response from model
138,openai/gpt-oss-120b,,0.0,0.0,{},False,4608.0,5441,,,,Empty response from model,,,,Empty response from model,,,,Empty response from model,,,,Empty response from model,,,,No valid JSON in response
139,openai/gpt-oss-120b,1.0,90.0,0.6,"{""1"": 3}",False,4300.0,4976,1.0,90.0,طبق ماده ۷۳ قانون شوراهای اسلامی شهرها، اگر مصوبه‌ای از حدود اختیارات شورا فراتر رود، فرماندار موظف است آن را به هیئت تطبیق مصوبات شهر و شهرستان ارجاع دهد؛ بنابراین گزینه ۱ صحیح است.,,1.0,90.0,بر اساس ماده 51 قانون شوراهای اسلامی شهرها، در صورت عدم تطابق مصوبه با حدود اختیارات شورا، فرماندار موظف است مغایرت آن را به هیئت تطبیق مصوبات شهر و شهرستان اعلام کند.,,,,,No valid JSON in response,1.0,90.0,طبق ماده ۴۰ قانون شوراهای شهر و شهرستان، در صورت بروز مغایرت مصوبه شورا با حدود اختیارات آن، فرماندار موظف است مسأله را به هیئت تطبیق مصوبات شهر و شهرستان ارجاع دهد تا بررسی و رفع تناقض صورت گیرد.,,,,,Empty response from model
140,openai/gpt-oss-120b,4.0,86.7,0.6,"{""4"": 3}",False,3817.0,4634,4.0,80.0,ماده 173 قانون اساسی به‌وضوح شرایط هیئت منصفه، نحوه انتخاب و اختیارات آن را بیان می‌کند، اما نحوه نظارت بر هیئت منصفه را تعیین نکرده است.,,4.0,90.0,ماده 173 قانون اساسی جمهوری اسلامی ایران به تشکیل هیئت منصفه در جرایم سیاسی و مطبوعاتی می‌پردازد و شرایط و نحوه انتخاب و اختیارات آن را تعریف می‌کند، اما نحوه نظارت بر هیئت منصفه را ذکر نکرده است.,,4.0,90.0,ماده 173 قانون اساسی تنها به شرایط، اختیارات و نحوه انتخاب هیئت منصفه در جرایم سیاسی و مطبوعاتی می‌پردازد و نحوه نظارت بر آن را مقرر نکرده است.,,,,,Empty response from model,,,,Empty response from model
