id,model,answer,confidence,explanation,latency_ms,prompt_tokens,completion_tokens,total_tokens,explain_len_chars,explain_len_words,raw,error
1,deepseek/deepseek-v3.2-exp,3,4,بر اساس ماده ۱۸۶ قانون مدنی ایران، انفساخ عقد قهری است و نیازی به اراده طرفین ندارد، اما سبب انفساخ می‌تواند ارادی باشد مانند فسخ یک‌طرفه. بنابراین گزینه ۳ صحیح است.,16660,521,75,596,165,31,"{""explanation"":""بر اساس ماده ۱۸۶ قانون مدنی ایران، انفساخ عقد قهری است و نیازی به اراده طرفین ندارد، اما سبب انفساخ می‌تواند ارادی باشد مانند فسخ یک‌طرفه. بنابراین گزینه ۳ صحیح است."",""answer"":""3"",""confidence"":4}",
2,deepseek/deepseek-v3.2-exp,2,4,بر اساس ماده ۱ قانون بیمه اجباری مسئولیت مدنی دارندگان وسایل نقلیه موتوری، بیمهگر مسئول جبران خسارت بدنی و مالی اشخاص ثالث است. از آنجا که شخص «ب» موتورسوار ثالث محسوب می‌شود، بیمهگر شخص «الف» مکلف به پرداخت دیه کامل شخص «ب» و خسارت وسیله نقلیه او تا سقف تعهدات است.,9999,675,123,798,266,51,"{""explanation"":""بر اساس ماده ۱ قانون بیمه اجباری مسئولیت مدنی دارندگان وسایل نقلیه موتوری، بیمهگر مسئول جبران خسارت بدنی و مالی اشخاص ثالث است. از آنجا که شخص «ب» موتورسوار ثالث محسوب می‌شود، بیمهگر شخص «الف» مکلف به پرداخت دیه کامل شخص «ب» و خسارت وسیله نقلیه او تا سقف تعهدات است."",""answer"":""2"",""confidence"":4}",
3,deepseek/deepseek-v3.2-exp,4,4,بر اساس ماده ۳۵ قانون مدنی ایران، تصرفی که همراه با قصد تملک باشد، در مواردی مانند حیازت مباحات به تنهایی سبب تملک می‌شود. بنابراین تصرف ممکن است در شرایط خاصی بدون نیاز به سبب دیگر، مالکیت ایجاد کند.,4735,519,81,600,200,39,"{""explanation"":""بر اساس ماده ۳۵ قانون مدنی ایران، تصرفی که همراه با قصد تملک باشد، در مواردی مانند حیازت مباحات به تنهایی سبب تملک می‌شود. بنابراین تصرف ممکن است در شرایط خاصی بدون نیاز به سبب دیگر، مالکیت ایجاد کند."",""answer"":""4"",""confidence"":4}",
4,deepseek/deepseek-v3.2-exp,1,4,بر اساس ماده ۱۰ قانون بیمه اجباری مسئولیت مدنی دارندگان وسایل نقلیه موتوری زمینی در مقابل شخص ثالث و تبصره ۲ ماده ۱ آیین‌نامه آن، مسئولیت پرداخت خسارت ابتدا با بیمه‌گر مسئولیت مدنی است و در صورت عدم کفایت، صندوق تأمین خسارتهای بدنی تکمیل می‌کند.,6447,616,112,728,245,45,"{""explanation"":""بر اساس ماده ۱۰ قانون بیمه اجباری مسئولیت مدنی دارندگان وسایل نقلیه موتوری زمینی در مقابل شخص ثالث و تبصره ۲ ماده ۱ آیین‌نامه آن، مسئولیت پرداخت خسارت ابتدا با بیمه‌گر مسئولیت مدنی است و در صورت عدم کفایت، صندوق تأمین خسارتهای بدنی تکمیل می‌کند."",""answer"":""1"",""confidence"":4}",
5,deepseek/deepseek-v3.2-exp,3,4,بر اساس ماده ۱۱۱۹ قانون مدنی، زن می‌تواند ضمن عقد نکاح یا عقد دیگری، وکالت در طلاق را به صورت شرط نتیجه یا شرط فعل برای خود قرار دهد. این شرط در هر دو قالب نتیجه و فعل و در ضمن عقد نکاح یا عقد دیگر قابل اعمال است.,5423,513,90,603,213,49,"{""explanation"":""بر اساس ماده ۱۱۱۹ قانون مدنی، زن می‌تواند ضمن عقد نکاح یا عقد دیگری، وکالت در طلاق را به صورت شرط نتیجه یا شرط فعل برای خود قرار دهد. این شرط در هر دو قالب نتیجه و فعل و در ضمن عقد نکاح یا عقد دیگر قابل اعمال است."",""answer"":""3"",""confidence"":4}",
6,deepseek/deepseek-v3.2-exp,4,4,مطابق ماده ۸۲۶ قانون مدنی، وصیت تملیکی با فوت موصی قطعی می‌شود و قبض بعد از فوت نیز صحیح است، در حالی که هبه با فوت واهب قبل از قبض باطل می‌شود. بنابراین تنها گزینه ۴ که به بطلان هبه در صورت فوت واهب قبل از قبض اشاره دارد، صحیح است.,6238,570,111,681,232,51,"{""explanation"":""مطابق ماده ۸۲۶ قانون مدنی، وصیت تملیکی با فوت موصی قطعی می‌شود و قبض بعد از فوت نیز صحیح است، در حالی که هبه با فوت واهب قبل از قبض باطل می‌شود. بنابراین تنها گزینه ۴ که به بطلان هبه در صورت فوت واهب قبل از قبض اشاره دارد، صحیح است."",""answer"":""4"",""confidence"":4}",
7,deepseek/deepseek-v3.2-exp,4,4,بر اساس ماده ۶۵۶ قانون مدنی ایران، مسئولیت چند ضامن در صورت ضم ذمه به ذمه به صورت تسهیمی است نه تضامنی، زیرا هر ضامن فقط به نسبت سهم خود مسئول پرداخت دین است.,4579,556,71,627,158,34,"{""explanation"":""بر اساس ماده ۶۵۶ قانون مدنی ایران، مسئولیت چند ضامن در صورت ضم ذمه به ذمه به صورت تسهیمی است نه تضامنی، زیرا هر ضامن فقط به نسبت سهم خود مسئول پرداخت دین است."",""answer"":""4"",""confidence"":4}",
8,deepseek/deepseek-v3.2-exp,2,4,بر اساس ماده ۷۲۴ قانون مدنی، حواله تعهد محال علیه را به نفع محتال ایجاد می‌کند و محتال می‌تواند مستقیماً برای دریافت مبلغ حواله علیه محال علیه اقامه دعوا کند. همچنین با توجه به شرط فسخ در قرارداد، محتال اختیار دارد بین فسخ معامله یا پیگیری وجه حواله اقدام نماید.,6422,660,116,776,262,50,"{""explanation"":""بر اساس ماده ۷۲۴ قانون مدنی، حواله تعهد محال علیه را به نفع محتال ایجاد می‌کند و محتال می‌تواند مستقیماً برای دریافت مبلغ حواله علیه محال علیه اقامه دعوا کند. همچنین با توجه به شرط فسخ در قرارداد، محتال اختیار دارد بین فسخ معامله یا پیگیری وجه حواله اقدام نماید."",""answer"":""2"",""confidence"":4}",
9,deepseek/deepseek-v3.2-exp,3,4,بر اساس ماده ۳۲۸ قانون مجازات اسلامی، شخص مضطر در صورت تلف کردن مال غیر مسئول جبران خسارت نیست، زیرا اضطرار سبب رفع مسئولیت مدنی می‌شود.,4091,603,63,666,136,26,"{""explanation"":""بر اساس ماده ۳۲۸ قانون مجازات اسلامی، شخص مضطر در صورت تلف کردن مال غیر مسئول جبران خسارت نیست، زیرا اضطرار سبب رفع مسئولیت مدنی می‌شود."",""answer"":""3"",""confidence"":4}",
10,deepseek/deepseek-v3.2-exp,3,4,بر اساس ماده ۱۲۲۴ قانون مدنی، وصی نمی‌تواند برای بعد از فوت خود وصی دیگری تعیین کند مگر اینکه این اختیار صریحاً به او داده شده باشد. همچنین وصی می‌تواند برای انجام امور وصایت به دیگری وکالت دهد مگر اینکه منع شده باشد.,5332,624,88,712,217,43,"{""explanation"":""بر اساس ماده ۱۲۲۴ قانون مدنی، وصی نمی‌تواند برای بعد از فوت خود وصی دیگری تعیین کند مگر اینکه این اختیار صریحاً به او داده شده باشد. همچنین وصی می‌تواند برای انجام امور وصایت به دیگری وکالت دهد مگر اینکه منع شده باشد."",""answer"":""3"",""confidence"":4}",
11,deepseek/deepseek-v3.2-exp,1,4,بر اساس ماده ۱۹۴ قانون مدنی، تعلیق در مرحله انعقاد قرارداد به معنای معلق بودن خود عقد است و اثر آن تا رفع تعلیق جریان ندارد، اما در تعلیق در مرحله اجرا، عقد منعقد شده و فقط اجرای تعهدات معلق است. بنابراین گزینه ۱ صحیح نیست زیرا در تعلیق مرحله اجرا، اثر عقد از ابتدا جریان دارد.,6041,548,114,662,277,57,"{""explanation"":""بر اساس ماده ۱۹۴ قانون مدنی، تعلیق در مرحله انعقاد قرارداد به معنای معلق بودن خود عقد است و اثر آن تا رفع تعلیق جریان ندارد، اما در تعلیق در مرحله اجرا، عقد منعقد شده و فقط اجرای تعهدات معلق است. بنابراین گزینه ۱ صحیح نیست زیرا در تعلیق مرحله اجرا، اثر عقد از ابتدا جریان دارد."",""answer"":""1"",""confidence"":4}",
12,deepseek/deepseek-v3.2-exp,4,4,مطابق ماده ۲۱۹ قانون مدنی ایران، قراردادهای خصوصی برای کسانی که آن را منعقد نمودهاند در صورتی که مخالف صریح قانون نباشد نافذ است و همچنین بر اساس اصول کلی حقوقی، اجل میتواند ناشی از اراده طرفین، حکم دادگاه یا قانون خاص باشد. بنابراین اجل برای انجام تعهدات قراردادی میتواند از هر سه منبع ناشی شود.,6920,525,109,634,296,56,"{""explanation"":""مطابق ماده ۲۱۹ قانون مدنی ایران، قراردادهای خصوصی برای کسانی که آن را منعقد نمودهاند در صورتی که مخالف صریح قانون نباشد نافذ است و همچنین بر اساس اصول کلی حقوقی، اجل میتواند ناشی از اراده طرفین، حکم دادگاه یا قانون خاص باشد. بنابراین اجل برای انجام تعهدات قراردادی میتواند از هر سه منبع ناشی شود."",""answer"":""4"",""confidence"":4}",
13,deepseek/deepseek-v3.2-exp,1,5,بر اساس ماده ۱۸۳ قانون مدنی، عقد نیاز به دو اراده دارد در حالی که ایقاع با یک اراده محقق می‌شود. بنابراین ایقاع هرگز نمی‌تواند مملک (دارای دو طرف) باشد و گزینه ۱ نادرست است.,4953,508,81,589,173,35,"{""explanation"":""بر اساس ماده ۱۸۳ قانون مدنی، عقد نیاز به دو اراده دارد در حالی که ایقاع با یک اراده محقق می‌شود. بنابراین ایقاع هرگز نمی‌تواند مملک (دارای دو طرف) باشد و گزینه ۱ نادرست است."",""answer"":""1"",""confidence"":5}",
14,deepseek/deepseek-v3.2-exp,4,5,مطابق ماده ۷ قانون روابط موجر و مستأجر ۱۳۷۶، مستأجر صاحب سرقفلی حق انتقال سرقفلی خود به غیر را دارد مگر اینکه در ضمن عقد اجاره این حق از وی سلب شده باشد. این ماده به صراحت حق انتقال سرقفلی را برای مستأجر به رسمیت شناخته و تنها استثنا را سلب صریح حق در قرارداد ذکر کرده است.,5812,593,113,706,273,58,"{""explanation"":""مطابق ماده ۷ قانون روابط موجر و مستأجر ۱۳۷۶، مستأجر صاحب سرقفلی حق انتقال سرقفلی خود به غیر را دارد مگر اینکه در ضمن عقد اجاره این حق از وی سلب شده باشد. این ماده به صراحت حق انتقال سرقفلی را برای مستأجر به رسمیت شناخته و تنها استثنا را سلب صریح حق در قرارداد ذکر کرده است."",""answer"":""4"",""confidence"":5}",
15,deepseek/deepseek-v3.2-exp,2,4,بر اساس ماده ۲۲ قانون حمایت از حقوق مؤلفان، مصنفان و هنرمندان، نقل از آثار انتشار یافته برای مقاصد علمی و آموزشی تنها در صورتی مجاز است که به میزان متعارف و با ذکر مأخذ باشد، بنابراین نقل بدون هیچ قید و شرطی مجاز نیست.,5627,545,84,629,218,45,"{""explanation"":""بر اساس ماده ۲۲ قانون حمایت از حقوق مؤلفان، مصنفان و هنرمندان، نقل از آثار انتشار یافته برای مقاصد علمی و آموزشی تنها در صورتی مجاز است که به میزان متعارف و با ذکر مأخذ باشد، بنابراین نقل بدون هیچ قید و شرطی مجاز نیست."",""answer"":""2"",""confidence"":4}",
16,deepseek/deepseek-v3.2-exp,1,4,مطابق ماده ۶۷۲ قانون مدنی ایران، وکیل نمی‌تواند معامله‌ای کند که مخالف مصلحت موکل باشد، حتی اگر در وکالتنامه اختیار کامل داده شده باشد. فروش ملک به یک سوم قیمت عرفی، مغایر با غبطه موکل بوده و معامله غیرنافذ است و در صورت رد موکل، باطل می‌شود.,6389,630,112,742,242,47,"{""explanation"":""مطابق ماده ۶۷۲ قانون مدنی ایران، وکیل نمی‌تواند معامله‌ای کند که مخالف مصلحت موکل باشد، حتی اگر در وکالتنامه اختیار کامل داده شده باشد. فروش ملک به یک سوم قیمت عرفی، مغایر با غبطه موکل بوده و معامله غیرنافذ است و در صورت رد موکل، باطل می‌شود."",""answer"":""1"",""confidence"":4}",
17,deepseek/deepseek-v3.2-exp,2,4,ماده ۳۵۷ قانون مدنی ایران مقرر می‌دارد که رد ترکه باید صریح و بدون قید و شرط باشد، بنابراین رد مشروط ترکه پذیرفته نیست. همچنین ماده ۳۵۹ قانون مدنی تأکید می‌کند که حق رد ترکه قابل انتقال به وراث نمی‌باشد.,5872,539,90,629,203,40,"{""explanation"":""ماده ۳۵۷ قانون مدنی ایران مقرر می‌دارد که رد ترکه باید صریح و بدون قید و شرط باشد، بنابراین رد مشروط ترکه پذیرفته نیست. همچنین ماده ۳۵۹ قانون مدنی تأکید می‌کند که حق رد ترکه قابل انتقال به وراث نمی‌باشد."",""answer"":""2"",""confidence"":4}",
18,deepseek/deepseek-v3.2-exp,2,4,بر اساس ماده ۸۶۱ قانون مدنی، جنین در صورت زنده متولد شدن از متوفی ارث می‌برد. با توجه به فوت جنین بلافاصله پس از تولد، سهم ارث جنین به وراث دیگر بازمی‌گردد. مطابق ماده ۹۰۶، در صورت نبود والدین، همسر یک‌هشتم و بقیه به برادر و خواهر می‌رسد.,6706,594,115,709,238,48,"{""explanation"":""بر اساس ماده ۸۶۱ قانون مدنی، جنین در صورت زنده متولد شدن از متوفی ارث می‌برد. با توجه به فوت جنین بلافاصله پس از تولد، سهم ارث جنین به وراث دیگر بازمی‌گردد. مطابق ماده ۹۰۶، در صورت نبود والدین، همسر یک‌هشتم و بقیه به برادر و خواهر می‌رسد."",""answer"":""2"",""confidence"":4}",
19,deepseek/deepseek-v3.2-exp,3,4,مطابق ماده ۲۶۴ قانون مدنی، وفای به عهد عبارت است از اجرای تعهد به نحوی که متعهدله آن را بپذیرد. در اینجا تحویل مال دیگر به جای مال معین با قبول متعهدله، مصداق وفای به عهد است.,5266,526,83,609,175,37,"{""explanation"":""مطابق ماده ۲۶۴ قانون مدنی، وفای به عهد عبارت است از اجرای تعهد به نحوی که متعهدله آن را بپذیرد. در اینجا تحویل مال دیگر به جای مال معین با قبول متعهدله، مصداق وفای به عهد است."",""answer"":""3"",""confidence"":4}",
20,deepseek/deepseek-v3.2-exp,4,4,مطابق ماده ۶۴۲ قانون مدنی، مستعیر نمی‌تواند مورد عاریه را به دیگری واگذار کند مگر با اجازه مالک یا در صورت ضرورت برای جلوگیری از خطر. بنابراین در صورت عدم دسترسی به مالک و وجود خطر، سپردن مال به دیگری مجاز است.,5273,608,84,692,210,42,"{""explanation"":""مطابق ماده ۶۴۲ قانون مدنی، مستعیر نمی‌تواند مورد عاریه را به دیگری واگذار کند مگر با اجازه مالک یا در صورت ضرورت برای جلوگیری از خطر. بنابراین در صورت عدم دسترسی به مالک و وجود خطر، سپردن مال به دیگری مجاز است."",""answer"":""4"",""confidence"":4}",
21,deepseek/deepseek-v3.2-exp,3,4,مطابق ماده ۲۲ قانون دیوان عدالت اداری، اثر ابطال مصوبات از زمان تصویب آنهاست مگر آنکه در رأی خلاف آن تصریح شده باشد. بنابراین ابطال آیین‌نامه از زمان تصویب آن مؤثر است مگر اینکه دیوان در رأی خود زمان دیگری را مشخص کند.,6234,626,91,717,218,43,"{""explanation"":""مطابق ماده ۲۲ قانون دیوان عدالت اداری، اثر ابطال مصوبات از زمان تصویب آنهاست مگر آنکه در رأی خلاف آن تصریح شده باشد. بنابراین ابطال آیین‌نامه از زمان تصویب آن مؤثر است مگر اینکه دیوان در رأی خود زمان دیگری را مشخص کند."",""answer"":""3"",""confidence"":4}",
22,deepseek/deepseek-v3.2-exp,4,4,مطابق ماده ۴۸۹ قانون آیین دادرسی مدنی، رأی داوری هنگامی معتبر است که با اکثریت آراء صادر شود. در این مورد با سه داور، رأی صادره با موافقت دو نفر فاقد اکثریت لازم است زیرا دو داور دارای اختیار صلح و سازش هستند و این اختیار، رأی آنها را از حالت داوری خارج می‌کند.,6312,619,114,733,261,54,"{""explanation"":""مطابق ماده ۴۸۹ قانون آیین دادرسی مدنی، رأی داوری هنگامی معتبر است که با اکثریت آراء صادر شود. در این مورد با سه داور، رأی صادره با موافقت دو نفر فاقد اکثریت لازم است زیرا دو داور دارای اختیار صلح و سازش هستند و این اختیار، رأی آنها را از حالت داوری خارج می‌کند."",""answer"":""4"",""confidence"":4}",
23,deepseek/deepseek-v3.2-exp,3,4,بر اساس ماده ۴۲۶ قانون آیین دادرسی مدنی، هرگاه دیوان عالی کشور عدم صحت سند مستند حکم را احراز کند، حکم را نقض و پرونده را به دادگاه هم‌عرض (دادگاهی هم‌مرتبه با دادگاه صادرکننده رأی) ارجاع می‌دهد، بدون تفاوت بین سند عادی و رسمی.,6456,626,109,735,227,44,"{""explanation"":""بر اساس ماده ۴۲۶ قانون آیین دادرسی مدنی، هرگاه دیوان عالی کشور عدم صحت سند مستند حکم را احراز کند، حکم را نقض و پرونده را به دادگاه هم‌عرض (دادگاهی هم‌مرتبه با دادگاه صادرکننده رأی) ارجاع می‌دهد، بدون تفاوت بین سند عادی و رسمی."",""answer"":""3"",""confidence"":4}",
24,deepseek/deepseek-v3.2-exp,1,4,مطابق ماده ۴۲۸ قانون آیین دادرسی مدنی، اعتراض ثالث پس از قطعیت رأی و اجرای آن فقط در صورتی مسموع است که حقوقی که اساس اعتراض است قانوناً ساقط نشده باشد. از آنجا که حکم در سال ۱۳۹۰ قطعی و اجرا شده و اعتراض در سال ۱۴۰۳ صورت گرفته، تنها در صورت اثبات عدم سقوط حقوق، اعتراض قابل استماع خواهد بود.,6823,655,119,774,292,61,"{""explanation"":""مطابق ماده ۴۲۸ قانون آیین دادرسی مدنی، اعتراض ثالث پس از قطعیت رأی و اجرای آن فقط در صورتی مسموع است که حقوقی که اساس اعتراض است قانوناً ساقط نشده باشد. از آنجا که حکم در سال ۱۳۹۰ قطعی و اجرا شده و اعتراض در سال ۱۴۰۳ صورت گرفته، تنها در صورت اثبات عدم سقوط حقوق، اعتراض قابل استماع خواهد بود."",""answer"":""1"",""confidence"":4}",
25,deepseek/deepseek-v3.2-exp,2,4,ماده ۳ قانون شوراهای حل اختلاف مصوب ۱۴۰۲ مقرر می‌دارد که شوراهای حل اختلاف در رسیدگی، اصول دادرسی را رعایت می‌کنند اما الزامی به رعایت تشریفات دادرسی ندارند. بنابراین رعایت اصول دادرسی در دادگاه عمومی حقوقی، دادگاه صلح و شورای حل اختلاف الزامی است اما رعایت تشریفات دادرسی در دادگاه صلح و شورای حل اختلاف الزامی نیست.,7212,628,138,766,317,57,"{""explanation"":""ماده ۳ قانون شوراهای حل اختلاف مصوب ۱۴۰۲ مقرر می‌دارد که شوراهای حل اختلاف در رسیدگی، اصول دادرسی را رعایت می‌کنند اما الزامی به رعایت تشریفات دادرسی ندارند. بنابراین رعایت اصول دادرسی در دادگاه عمومی حقوقی، دادگاه صلح و شورای حل اختلاف الزامی است اما رعایت تشریفات دادرسی در دادگاه صلح و شورای حل اختلاف الزامی نیست."",""answer"":""2"",""confidence"":4}",
26,deepseek/deepseek-v3.2-exp,1,4,ماده ۴ قانون شوراهای حل اختلاف مصوب ۱۴۰۲، تحریر ترکه، مهر و موم و رفع آن را در صلاحیت شورای حل اختلاف قرار داده است. بنابراین این امور در صلاحیت شورای حل اختلاف است و نه دادگاه‌های دیگر.,5545,498,86,584,186,38,"{""explanation"":""ماده ۴ قانون شوراهای حل اختلاف مصوب ۱۴۰۲، تحریر ترکه، مهر و موم و رفع آن را در صلاحیت شورای حل اختلاف قرار داده است. بنابراین این امور در صلاحیت شورای حل اختلاف است و نه دادگاه‌های دیگر."",""answer"":""1"",""confidence"":4}",
27,deepseek/deepseek-v3.2-exp,2,4,بر اساس ماده ۲۲ قانون دیوان عدالت اداری، اگر شکایات منشأ و مبنای واحد داشته باشند یا امکان رسیدگی توأم در یک دادرسی وجود داشته باشد، دیوان به تمامی آنها در یک دادرسی تصمیم می‌گیرد؛ در غیر این صورت به تفکیک رسیدگی می‌شود. این قاعده با گزینه ۲ که شرایط رسیدگی واحد یا تفکیک را به درستی بیان می‌کند، مطابقت دارد.,7017,690,127,817,309,61,"{""explanation"":""بر اساس ماده ۲۲ قانون دیوان عدالت اداری، اگر شکایات منشأ و مبنای واحد داشته باشند یا امکان رسیدگی توأم در یک دادرسی وجود داشته باشد، دیوان به تمامی آنها در یک دادرسی تصمیم می‌گیرد؛ در غیر این صورت به تفکیک رسیدگی می‌شود. این قاعده با گزینه ۲ که شرایط رسیدگی واحد یا تفکیک را به درستی بیان می‌کند، مطابقت دارد."",""answer"":""2"",""confidence"":4}",
28,deepseek/deepseek-v3.2-exp,2,4,بر اساس ماده ۱۲۹۵ قانون مدنی ایران، اسناد تنظیم شده در خارج از کشور که توسط نمایندگان کنسولی ایران تصدیق شده‌اند، نیاز به گواهی وزارت امور خارجه ندارند. بنابراین در این مورد که نماینده کنسولی تصدیق کرده، گواهی وزارت امور خارجه لازم نیست.,5303,616,94,710,237,43,"{""explanation"":""بر اساس ماده ۱۲۹۵ قانون مدنی ایران، اسناد تنظیم شده در خارج از کشور که توسط نمایندگان کنسولی ایران تصدیق شده‌اند، نیاز به گواهی وزارت امور خارجه ندارند. بنابراین در این مورد که نماینده کنسولی تصدیق کرده، گواهی وزارت امور خارجه لازم نیست."",""answer"":""2"",""confidence"":4}",
29,deepseek/deepseek-v3.2-exp,3,4,بر اساس ماده ۲۵۸ قانون آیین دادرسی مدنی، مهلت اعتراض به نظر کارشناس هفت روز از تاریخ ابلاغ اخطار وصول نظریه و در مورد ارزیاب سه روز از تاریخ ابلاغ نظریه می‌باشد. این ماده به صراحت مهلت‌های متفاوت برای کارشناس و ارزیاب را مشخص کرده است.,6184,608,101,709,235,46,"{""explanation"":""بر اساس ماده ۲۵۸ قانون آیین دادرسی مدنی، مهلت اعتراض به نظر کارشناس هفت روز از تاریخ ابلاغ اخطار وصول نظریه و در مورد ارزیاب سه روز از تاریخ ابلاغ نظریه می‌باشد. این ماده به صراحت مهلت‌های متفاوت برای کارشناس و ارزیاب را مشخص کرده است."",""answer"":""3"",""confidence"":4}",
30,deepseek/deepseek-v3.2-exp,2,4,ماده ۳۶۷ قانون آیین دادرسی مدنی مقرر می‌دارد که احکام صادره در دعاوی مربوط به اصل نکاح، فسخ آن، طلاق و نسب قابل فرجام‌خواهی نیستند، مگر در مواردی که قانون استثنا کرده باشد. بنابراین هیچ‌یک از احکام متفرعات این دعاوی قابل فرجام نیست.,6022,562,105,667,232,43,"{""explanation"":""ماده ۳۶۷ قانون آیین دادرسی مدنی مقرر می‌دارد که احکام صادره در دعاوی مربوط به اصل نکاح، فسخ آن، طلاق و نسب قابل فرجام‌خواهی نیستند، مگر در مواردی که قانون استثنا کرده باشد. بنابراین هیچ‌یک از احکام متفرعات این دعاوی قابل فرجام نیست."",""answer"":""2"",""confidence"":4}",
31,deepseek/deepseek-v3.2-exp,2,4,طبق ماده ۳۴۸ قانون آیین دادرسی مدنی، در مرحله تجدیدنظر، درخواست استرداد دادخواست باید به دادگاه صادرکننده حکم (دادگاه نخستین) تقدیم شود. بنابراین خارج کردن شخص «ب» از دعوا مستلزم استرداد دادخواست تجدیدنظر نسبت به وی در دادگاه بدوی است.,6327,680,103,783,235,40,"{""explanation"":""طبق ماده ۳۴۸ قانون آیین دادرسی مدنی، در مرحله تجدیدنظر، درخواست استرداد دادخواست باید به دادگاه صادرکننده حکم (دادگاه نخستین) تقدیم شود. بنابراین خارج کردن شخص «ب» از دعوا مستلزم استرداد دادخواست تجدیدنظر نسبت به وی در دادگاه بدوی است."",""answer"":""2"",""confidence"":4}",
32,deepseek/deepseek-v3.2-exp,3,4,بر اساس ماده ۳۲۸ قانون آیین دادرسی مدنی، هرگاه حکم قطعی در مرحله اعاده دادرسی نقض شود، آثار اجرای حکم قبلی از بین می‌رود و وضعیت به حالت قبل از اجرا بازمی‌گردد. بنابراین دادگاه اجراکننده حکم باطل‌شده دستور خلع ید و بازگرداندن ملک به صورت موجود (بدون جبران خسارت بنای تخریب‌شده) را صادر می‌کند.,7876,784,136,920,293,54,"{""explanation"":""بر اساس ماده ۳۲۸ قانون آیین دادرسی مدنی، هرگاه حکم قطعی در مرحله اعاده دادرسی نقض شود، آثار اجرای حکم قبلی از بین می‌رود و وضعیت به حالت قبل از اجرا بازمی‌گردد. بنابراین دادگاه اجراکننده حکم باطل‌شده دستور خلع ید و بازگرداندن ملک به صورت موجود (بدون جبران خسارت بنای تخریب‌شده) را صادر می‌کند."",""answer"":""3"",""confidence"":4}",
33,deepseek/deepseek-v3.2-exp,2,4,ماده ۲۱۷ قانون آیین دادرسی مدنی مقرر می‌دارد که اگر ابرازکننده سند عادی در اولین جلسه دادرسی حاضر نکند و طرف مقابل انکار نماید، دادگاه می‌تواند به اختیار خود سند را از عداد دلایل خارج کند یا جلسه را تجدید نماید. این قاعده بدون توجه به موقعیت انکارکننده (خواهان یا خوانده) اعمال می‌شود.,6786,644,123,767,285,53,"{""explanation"":""ماده ۲۱۷ قانون آیین دادرسی مدنی مقرر می‌دارد که اگر ابرازکننده سند عادی در اولین جلسه دادرسی حاضر نکند و طرف مقابل انکار نماید، دادگاه می‌تواند به اختیار خود سند را از عداد دلایل خارج کند یا جلسه را تجدید نماید. این قاعده بدون توجه به موقعیت انکارکننده (خواهان یا خوانده) اعمال می‌شود."",""answer"":""2"",""confidence"":4}",
34,deepseek/deepseek-v3.2-exp,1,4,مطابق ماده ۸۲ قانون اجرای احکام مدنی، اموال توقیف‌شده باید صورت‌برداری و ارزیابی شوند و به حافظ سپرده شوند. حافظ می‌تواند هر شخصی باشد حتی بدون توافق طرفین، مشروط بر اینکه صلاحیت او احراز شود.,5282,633,90,723,192,35,"{""explanation"":""مطابق ماده ۸۲ قانون اجرای احکام مدنی، اموال توقیف‌شده باید صورت‌برداری و ارزیابی شوند و به حافظ سپرده شوند. حافظ می‌تواند هر شخصی باشد حتی بدون توافق طرفین، مشروط بر اینکه صلاحیت او احراز شود."",""answer"":""1"",""confidence"":4}",
35,deepseek/deepseek-v3.2-exp,4,4,مطابق ماده ۲۵۱ قانون آیین دادرسی مدنی، در صورت عدم حضور گواهان پس از احضار قانونی، دادگاه می‌تواند قرار جلب آنان را صادر کند. این ماده اجازه می‌دهد که برای حضور گواهان ضمانت اجرای قوی‌تری اعمال شود.,5769,632,91,723,198,37,"{""explanation"":""مطابق ماده ۲۵۱ قانون آیین دادرسی مدنی، در صورت عدم حضور گواهان پس از احضار قانونی، دادگاه می‌تواند قرار جلب آنان را صادر کند. این ماده اجازه می‌دهد که برای حضور گواهان ضمانت اجرای قوی‌تری اعمال شود."",""answer"":""4"",""confidence"":4}",
36,deepseek/deepseek-v3.2-exp,1,5,بر اساس ماده ۳۳۲ قانون آیین دادرسی مدنی، احکام دادگاه‌های صلح در دعاوی مالی با خواسته تا پنجاه میلیون ریال غیرقابل فرجام‌خواهی هستند. بنابراین حکم صادره با خواسته چهل میلیون ریال در هیچ صورت قابل فرجام نیست.,5733,597,90,687,207,37,"{""explanation"":""بر اساس ماده ۳۳۲ قانون آیین دادرسی مدنی، احکام دادگاه‌های صلح در دعاوی مالی با خواسته تا پنجاه میلیون ریال غیرقابل فرجام‌خواهی هستند. بنابراین حکم صادره با خواسته چهل میلیون ریال در هیچ صورت قابل فرجام نیست."",""answer"":""1"",""confidence"":5}",
37,deepseek/deepseek-v3.2-exp,2,4,مطابق ماده ۴۲۶ قانون آیین دادرسی مدنی، در محکومیت‌های مالی، با قبولی درخواست اعاده دادرسی و ارائه تأمین از سوی محکوم‌علیه، اجرای حکم متوقف می‌شود. در محکومیت‌های غیرمالی نیز با قبولی اعاده دادرسی، اجرای حکم متوقف می‌گردد.,6328,699,112,811,221,37,"{""explanation"":""مطابق ماده ۴۲۶ قانون آیین دادرسی مدنی، در محکومیت‌های مالی، با قبولی درخواست اعاده دادرسی و ارائه تأمین از سوی محکوم‌علیه، اجرای حکم متوقف می‌شود. در محکومیت‌های غیرمالی نیز با قبولی اعاده دادرسی، اجرای حکم متوقف می‌گردد."",""answer"":""2"",""confidence"":4}",
38,deepseek/deepseek-v3.2-exp,2,4,مطابق ماده ۵۲ قانون آیین دادرسی مدنی، نقص در پرداخت هزینه دادرسی باید در مرحله بدوی رفع شود و دادگاه تجدیدنظر در این خصوص ورود نمی‌کند. بنابراین دادگاه تجدیدنظر در این مورد اقدامی انجام نمی‌دهد.,5287,653,85,738,194,35,"{""explanation"":""مطابق ماده ۵۲ قانون آیین دادرسی مدنی، نقص در پرداخت هزینه دادرسی باید در مرحله بدوی رفع شود و دادگاه تجدیدنظر در این خصوص ورود نمی‌کند. بنابراین دادگاه تجدیدنظر در این مورد اقدامی انجام نمی‌دهد."",""answer"":""2"",""confidence"":4}",
39,deepseek/deepseek-v3.2-exp,1,5,طبق ماده ۲۹ قانون آیین دادرسی کیفری، در صورت اختلاف در صلاحیت بین دادگاه‌های عمومی حقوقی و کیفری در یک استان، شعبه کیفری دیوان عالی کشور مرجع حل اختلاف است. این ماده به صراحت این صلاحیت را به شعبه کیفری دیوان عالی کشور محول کرده است.,5419,509,94,603,233,46,"{""explanation"":""طبق ماده ۲۹ قانون آیین دادرسی کیفری، در صورت اختلاف در صلاحیت بین دادگاه‌های عمومی حقوقی و کیفری در یک استان، شعبه کیفری دیوان عالی کشور مرجع حل اختلاف است. این ماده به صراحت این صلاحیت را به شعبه کیفری دیوان عالی کشور محول کرده است."",""answer"":""1"",""confidence"":5}",
40,deepseek/deepseek-v3.2-exp,2,4,بر اساس ماده ۳۰۴ قانون آیین دادرسی مدنی، حکم نسبت به شخص «الف» که ابلاغ واقعی شده و حاضر نشده غیابی است. حکم نسبت به شخص «ب» که حاضر شده حضوری است. حکم نسبت به شخص «ج» که ابلاغ قانونی شده و حاضر نشده غیابی است.,5792,671,92,763,210,46,"{""explanation"":""بر اساس ماده ۳۰۴ قانون آیین دادرسی مدنی، حکم نسبت به شخص «الف» که ابلاغ واقعی شده و حاضر نشده غیابی است. حکم نسبت به شخص «ب» که حاضر شده حضوری است. حکم نسبت به شخص «ج» که ابلاغ قانونی شده و حاضر نشده غیابی است."",""answer"":""2"",""confidence"":4}",
41,deepseek/deepseek-v3.2-exp,1,4,مطابق ماده ۴۰ قانون تجارت ایران، مدیران شرکت سهامی در صورت عدم مطالبه باقیمانده مبلغ اسمی سهام، مسئول جبران خسارات ناشی از این قصور خواهند بود. این مسئولیت به صورت جبران خسارت مدنی برای هیئت مدیره ایجاد می‌شود.,6021,528,92,620,210,38,"{""explanation"":""مطابق ماده ۴۰ قانون تجارت ایران، مدیران شرکت سهامی در صورت عدم مطالبه باقیمانده مبلغ اسمی سهام، مسئول جبران خسارات ناشی از این قصور خواهند بود. این مسئولیت به صورت جبران خسارت مدنی برای هیئت مدیره ایجاد می‌شود."",""answer"":""1"",""confidence"":4}",
42,deepseek/deepseek-v3.2-exp,2,4,مطابق ماده ۱۲۴ قانون تجارت ایران، شخص نمی‌تواند همزمان عضو هیئت مدیره بیش از یک شرکت سهامی عام باشد. این ممنوعیت فقط در شرکت‌های سهامی عام اعمال می‌شود و شامل سایر شرکت‌ها نمی‌گردد.,5049,548,85,633,181,33,"{""explanation"":""مطابق ماده ۱۲۴ قانون تجارت ایران، شخص نمی‌تواند همزمان عضو هیئت مدیره بیش از یک شرکت سهامی عام باشد. این ممنوعیت فقط در شرکت‌های سهامی عام اعمال می‌شود و شامل سایر شرکت‌ها نمی‌گردد."",""answer"":""2"",""confidence"":4}",
43,deepseek/deepseek-v3.2-exp,2,4,ماده ۴۳۰ قانون تجارت مقرر می‌دارد که اگر پس از خاتمه ورشکستگی اموالی از ورشکسته کشف شود و مطالبات طلبکاران به طور کامل پرداخت نشده باشد، این اموال به فروش رسیده و بین طلبکاران تقسیم می‌شود. بنابراین اداره تصفیه موظف است اموال را به فروش رسانده و حاصل آن را بین طلبکاران توزیع کند.,7349,590,127,717,280,54,"{""explanation"":""ماده ۴۳۰ قانون تجارت مقرر می‌دارد که اگر پس از خاتمه ورشکستگی اموالی از ورشکسته کشف شود و مطالبات طلبکاران به طور کامل پرداخت نشده باشد، این اموال به فروش رسیده و بین طلبکاران تقسیم می‌شود. بنابراین اداره تصفیه موظف است اموال را به فروش رسانده و حاصل آن را بین طلبکاران توزیع کند."",""answer"":""2"",""confidence"":4}",
44,deepseek/deepseek-v3.2-exp,3,4,مطابق ماده ۵۷۶ قانون تجارت ایران، ثبت نام در دفتر تجاری اماره بر تاجر بودن شخص محسوب می‌شود. این اماره به این معناست که ثبت نام دلیلی اولیه بر تاجر بودن است اما قطعی و غیرقابل رد نیست.,4789,510,82,592,184,38,"{""explanation"":""مطابق ماده ۵۷۶ قانون تجارت ایران، ثبت نام در دفتر تجاری اماره بر تاجر بودن شخص محسوب می‌شود. این اماره به این معناست که ثبت نام دلیلی اولیه بر تاجر بودن است اما قطعی و غیرقابل رد نیست."",""answer"":""3"",""confidence"":4}",
45,deepseek/deepseek-v3.2-exp,3,4,مطابق ماده ۱۴۰ قانون تجارت ایران، اضافه ارزش سهام ناشی از افزایش سرمایه باید به اندوخته قانونی شرکت منتقل شود. این وجوه جزو سود قابل تقسیم بین سهامداران محسوب نمی‌شود و به عنوان ذخیره قانونی تقویت سرمایه شرکت عمل می‌کند.,5350,511,90,601,220,40,"{""explanation"":""مطابق ماده ۱۴۰ قانون تجارت ایران، اضافه ارزش سهام ناشی از افزایش سرمایه باید به اندوخته قانونی شرکت منتقل شود. این وجوه جزو سود قابل تقسیم بین سهامداران محسوب نمی‌شود و به عنوان ذخیره قانونی تقویت سرمایه شرکت عمل می‌کند."",""answer"":""3"",""confidence"":4}",
46,deepseek/deepseek-v3.2-exp,1,4,مطابق ماده ۳۴۲ قانون مدنی ایران، دلالی که در معامله نفعی دارد و آن را اعلام نمی‌کند، مسئول جبران خسارت وارده است. همچنین بر اساس ماده ۳۴۳، دلال و آمر به صورت متضامن مسئول اجرای تعهد می‌باشند.,5902,553,93,646,191,37,"{""explanation"":""مطابق ماده ۳۴۲ قانون مدنی ایران، دلالی که در معامله نفعی دارد و آن را اعلام نمی‌کند، مسئول جبران خسارت وارده است. همچنین بر اساس ماده ۳۴۳، دلال و آمر به صورت متضامن مسئول اجرای تعهد می‌باشند."",""answer"":""1"",""confidence"":4}",
47,deepseek/deepseek-v3.2-exp,2,4,مطابق ماده ۲۹۹ قانون تجارت، در صورت گم شدن براتی که در چند نسخه صادر شده و قبول نشده باشد، دارنده میتواند از سایر نسخهها استفاده کند و نیازی به دادن ضامن و دخالت دادگاه نیست.,4339,551,74,625,174,36,"{""explanation"":""مطابق ماده ۲۹۹ قانون تجارت، در صورت گم شدن براتی که در چند نسخه صادر شده و قبول نشده باشد، دارنده میتواند از سایر نسخهها استفاده کند و نیازی به دادن ضامن و دخالت دادگاه نیست."",""answer"":""2"",""confidence"":4}",
48,deepseek/deepseek-v3.2-exp,2,4,مطابق ماده ۱۱۱ قانون تجارت، انتخاب کارمند رسمی دولت به عنوان عضو هیئت مدیره شرکت سهامی منوط به اخذ موافقت دستگاه متبوع و سپردن وثیقه سهام است و در صورت عدم انجام این شرایط در مدت یک ماه، مدیر مستعفی محسوب می‌شود.,5073,608,90,698,212,42,"{""explanation"":""مطابق ماده ۱۱۱ قانون تجارت، انتخاب کارمند رسمی دولت به عنوان عضو هیئت مدیره شرکت سهامی منوط به اخذ موافقت دستگاه متبوع و سپردن وثیقه سهام است و در صورت عدم انجام این شرایط در مدت یک ماه، مدیر مستعفی محسوب می‌شود."",""answer"":""2"",""confidence"":4}",
49,deepseek/deepseek-v3.2-exp,1,4,مطابق ماده ۱۴۷ قانون تجارت ایران، عزل بازرس اصلی بدون تعیین جانشین در مجمع عمومی فوق‌العاده باطل است و هر ذی‌نفعی می‌تواند ابطال آن را از دادگاه درخواست کند.,4586,585,77,662,157,29,"{""explanation"":""مطابق ماده ۱۴۷ قانون تجارت ایران، عزل بازرس اصلی بدون تعیین جانشین در مجمع عمومی فوق‌العاده باطل است و هر ذی‌نفعی می‌تواند ابطال آن را از دادگاه درخواست کند."",""answer"":""1"",""confidence"":4}",
50,deepseek/deepseek-v3.2-exp,3,4,ماده ۵۸۹ قانون تجارت ایران مقرر می‌دارد که در صورت تبدیل شرکت تضامنی به شرکت سهامی خاص، مسئولیت شرکا در قبال طلبکاران سابق تا زمان پرداخت کامل طلب آنها به صورت تضامنی باقی می‌ماند. این قاعده برای حمایت از حقوق طلبکاران پیش از تبدیل شرکت وضع شده است.,6376,551,101,652,249,48,"{""explanation"":""ماده ۵۸۹ قانون تجارت ایران مقرر می‌دارد که در صورت تبدیل شرکت تضامنی به شرکت سهامی خاص، مسئولیت شرکا در قبال طلبکاران سابق تا زمان پرداخت کامل طلب آنها به صورت تضامنی باقی می‌ماند. این قاعده برای حمایت از حقوق طلبکاران پیش از تبدیل شرکت وضع شده است."",""answer"":""3"",""confidence"":4}",
51,deepseek/deepseek-v3.2-exp,3,4,بر اساس ماده ۱۰۶ قانون تجارت ایران و مقررات سازمان بورس، برای انتشار اعلامیه پذیره‌نویسی شرکت سهامی عام، ابتدا موافقت سازمان بورس و سپس اجازه مرجع ثبت شرکت‌ها الزامی است. این رویه تضمین می‌کند که انتشار اعلامیه مطابق با مقررات بازار سرمایه و قوانین شرکت‌ها انجام شود.,5748,599,106,705,267,47,"{""explanation"":""بر اساس ماده ۱۰۶ قانون تجارت ایران و مقررات سازمان بورس، برای انتشار اعلامیه پذیره‌نویسی شرکت سهامی عام، ابتدا موافقت سازمان بورس و سپس اجازه مرجع ثبت شرکت‌ها الزامی است. این رویه تضمین می‌کند که انتشار اعلامیه مطابق با مقررات بازار سرمایه و قوانین شرکت‌ها انجام شود."",""answer"":""3"",""confidence"":4}",
52,deepseek/deepseek-v3.2-exp,3,4,بر اساس ماده ۱۲۴ قانون تجارت، در شرکت تضامنی هر یک از شرکا مسئول پرداخت تمام دیون شرکت است و در صورت عدم توانایی شریک برای پرداخت دیون شرکت تضامنی ورشکسته، حکم ورشکستگی وی صادر می‌شود.,5352,589,81,670,184,36,"{""explanation"":""بر اساس ماده ۱۲۴ قانون تجارت، در شرکت تضامنی هر یک از شرکا مسئول پرداخت تمام دیون شرکت است و در صورت عدم توانایی شریک برای پرداخت دیون شرکت تضامنی ورشکسته، حکم ورشکستگی وی صادر می‌شود."",""answer"":""3"",""confidence"":4}",
53,deepseek/deepseek-v3.2-exp,4,4,بر اساس ماده ۲۴۹ قانون تجارت، چک سند تجاری مستقل است و شرط مندرج در مبایعه‌نامه در مقابل دارنده با حسن نیت چک قابل استناد نیست. بنابراین صادرکننده نمی‌تواند به این شرط در برابر دارنده چک استناد کند.,5221,562,87,649,198,38,"{""explanation"":""بر اساس ماده ۲۴۹ قانون تجارت، چک سند تجاری مستقل است و شرط مندرج در مبایعه‌نامه در مقابل دارنده با حسن نیت چک قابل استناد نیست. بنابراین صادرکننده نمی‌تواند به این شرط در برابر دارنده چک استناد کند."",""answer"":""4"",""confidence"":4}",
54,deepseek/deepseek-v3.2-exp,4,4,بر اساس ماده ۳۱۸ قانون تجارت، چک‌های تجاری مشمول مرور زمان ۵ ساله هستند، اما چک‌های غیرتجاری تابع مرور زمان عادی مدنی می‌باشند. بنابراین گزینه ۴ که ادعا می‌کند چک غیرتجاری مشمول مرور زمان ۵ ساله نیست، نادرست است.,5511,593,102,695,212,39,"{""explanation"":""بر اساس ماده ۳۱۸ قانون تجارت، چک‌های تجاری مشمول مرور زمان ۵ ساله هستند، اما چک‌های غیرتجاری تابع مرور زمان عادی مدنی می‌باشند. بنابراین گزینه ۴ که ادعا می‌کند چک غیرتجاری مشمول مرور زمان ۵ ساله نیست، نادرست است."",""answer"":""4"",""confidence"":4}",
55,deepseek/deepseek-v3.2-exp,2,4,مطابق ماده ۳ قانون صدور چک، چک‌های مشروط نیز مشمول مقررات چک بوده و اجرائیه صادر می‌شود. بنابراین گزینه ۲ که ادعا می‌کند نسبت به چک‌های مشروط اجرائیه صادر نمی‌شود، صحیح نیست.,5619,554,92,646,174,32,"{""explanation"":""مطابق ماده ۳ قانون صدور چک، چک‌های مشروط نیز مشمول مقررات چک بوده و اجرائیه صادر می‌شود. بنابراین گزینه ۲ که ادعا می‌کند نسبت به چک‌های مشروط اجرائیه صادر نمی‌شود، صحیح نیست."",""answer"":""2"",""confidence"":4}",
56,deepseek/deepseek-v3.2-exp,2,4,بر اساس ماده ۴۲۵ قانون تجارت، حکم ورشکستگی قطعی نیست و به طور موقت اجرا می‌شود. بنابراین گزینه ۲ که ادعا می‌کند حکم ورشکستگی قطعی است، صحیح نیست.,4230,584,74,658,145,28,"{""explanation"":""بر اساس ماده ۴۲۵ قانون تجارت، حکم ورشکستگی قطعی نیست و به طور موقت اجرا می‌شود. بنابراین گزینه ۲ که ادعا می‌کند حکم ورشکستگی قطعی است، صحیح نیست."",""answer"":""2"",""confidence"":4}",
57,deepseek/deepseek-v3.2-exp,2,4,بر اساس ماده ۴۲۳ قانون تجارت ایران، کلیه معاملات تاجر ورشکسته از تاریخ توقف تا صدور حکم ورشکستگی بدون اجازه مدیر تصفیه باطل است. فروش اتومبیل متعلق به تاجر ورشکسته پس از صدور حکم ورشکستگی، از مصادیق این ماده بوده و نافذ نیست.,6049,552,102,654,225,43,"{""explanation"":""بر اساس ماده ۴۲۳ قانون تجارت ایران، کلیه معاملات تاجر ورشکسته از تاریخ توقف تا صدور حکم ورشکستگی بدون اجازه مدیر تصفیه باطل است. فروش اتومبیل متعلق به تاجر ورشکسته پس از صدور حکم ورشکستگی، از مصادیق این ماده بوده و نافذ نیست."",""answer"":""2"",""confidence"":4}",
58,deepseek/deepseek-v3.2-exp,3,4,بر اساس ماده ۲۴۸ قانون تجارت، در صورت اختلاف بین مبلغ مندرج در متن سند و مبلغ مندرج در ظهر آن، مبلغ مندرج در متن سند معتبر است. بنابراین مبلغ اصلی روی سند تجاری ملاک عمل خواهد بود.,4913,547,78,625,180,38,"{""explanation"":""بر اساس ماده ۲۴۸ قانون تجارت، در صورت اختلاف بین مبلغ مندرج در متن سند و مبلغ مندرج در ظهر آن، مبلغ مندرج در متن سند معتبر است. بنابراین مبلغ اصلی روی سند تجاری ملاک عمل خواهد بود."",""answer"":""3"",""confidence"":4}",
59,deepseek/deepseek-v3.2-exp,3,4,مطابق ماده ۴۰ لایحه اصلاحی قانون تجارت، در صورتی که مبلغ اسمی سهام تماماً پرداخت نشده باشد، انتقال‌دهنده و انتقال‌گیرنده گواهی موقت سهام به صورت متضامن مسئول پرداخت بقیه مبلغ اسمی آن هستند. بنابراین مسئولیت آنان تضامنی است نه مشترک.,5457,607,100,707,232,40,"{""explanation"":""مطابق ماده ۴۰ لایحه اصلاحی قانون تجارت، در صورتی که مبلغ اسمی سهام تماماً پرداخت نشده باشد، انتقال‌دهنده و انتقال‌گیرنده گواهی موقت سهام به صورت متضامن مسئول پرداخت بقیه مبلغ اسمی آن هستند. بنابراین مسئولیت آنان تضامنی است نه مشترک."",""answer"":""3"",""confidence"":4}",
60,deepseek/deepseek-v3.2-exp,1,4,مطابق ماده ۱۳۲ قانون تجارت ایران، طلبکاران ظرف ۲۰ روز از انتشار صورت مطالبات می‌توانند به رد طلب یا حق رجحان خود یا قبول طلب یا حق رجحان دیگری اعتراض کنند. این مهلت و دامنه اعتراض به صراحت در قانون پیش‌بینی شده است.,5965,581,95,676,215,43,"{""explanation"":""مطابق ماده ۱۳۲ قانون تجارت ایران، طلبکاران ظرف ۲۰ روز از انتشار صورت مطالبات می‌توانند به رد طلب یا حق رجحان خود یا قبول طلب یا حق رجحان دیگری اعتراض کنند. این مهلت و دامنه اعتراض به صراحت در قانون پیش‌بینی شده است."",""answer"":""1"",""confidence"":4}",
81,deepseek/deepseek-v3.2-exp,1,4,بر اساس ماده ۷ قانون مجازات اسلامی، هر ایرانی یا غیرایرانی که در خارج از قلمرو حاکمیت ایران مرتکب جعل مهر یا امضای مقامات رسمی ایران شود، در صورت دستگیری در ایران قابل تعقیب و مجازات است. همچنین طبق ماده ۱۱ همان قانون، اگر در خارج محاکمه و مجازات شده باشد، محکومیت قبلی در تعیین مجازات جدید محاسبه می‌شود.,7441,651,118,769,305,59,"{""explanation"":""بر اساس ماده ۷ قانون مجازات اسلامی، هر ایرانی یا غیرایرانی که در خارج از قلمرو حاکمیت ایران مرتکب جعل مهر یا امضای مقامات رسمی ایران شود، در صورت دستگیری در ایران قابل تعقیب و مجازات است. همچنین طبق ماده ۱۱ همان قانون، اگر در خارج محاکمه و مجازات شده باشد، محکومیت قبلی در تعیین مجازات جدید محاسبه می‌شود."",""answer"":""1"",""confidence"":4}",
82,deepseek/deepseek-v3.2-exp,4,4,مطابق ماده ۱۵۶ قانون مجازات اسلامی، دفاع مشروع در صورتی محقق است که فرد برای دفع خطر قریبالوقوع و فعلی نسبت به نفس، مال، ناموس یا آزادی خود یا دیگری اقدام کند. در این مورد، سرباز برای جلوگیری از افتادن اطلاعات محرمانه به دست دشمن که خطری قریبالوقوع برای امنیت ملی محسوب میشود، اقدام به تخریب بیسیم کرده و مشمول دفاع مشروع است.,6917,528,125,653,326,63,"{""explanation"":""مطابق ماده ۱۵۶ قانون مجازات اسلامی، دفاع مشروع در صورتی محقق است که فرد برای دفع خطر قریبالوقوع و فعلی نسبت به نفس، مال، ناموس یا آزادی خود یا دیگری اقدام کند. در این مورد، سرباز برای جلوگیری از افتادن اطلاعات محرمانه به دست دشمن که خطری قریبالوقوع برای امنیت ملی محسوب میشود، اقدام به تخریب بیسیم کرده و مشمول دفاع مشروع است."",""answer"":""4"",""confidence"":4}",
83,deepseek/deepseek-v3.2-exp,3,4,بر اساس ماده ۱۰۴ قانون مجازات اسلامی، جرایم قابل گذشت شامل توهین ساده و برخی جرایم علیه اشخاص است. توهین به زنان در معابر از مصادیق جرایم قابل گذشت محسوب میشود زیرا جنبه شخصی دارد و شاکی خصوصی میتواند گذشت کند.,4855,501,86,587,210,41,"{""explanation"":""بر اساس ماده ۱۰۴ قانون مجازات اسلامی، جرایم قابل گذشت شامل توهین ساده و برخی جرایم علیه اشخاص است. توهین به زنان در معابر از مصادیق جرایم قابل گذشت محسوب میشود زیرا جنبه شخصی دارد و شاکی خصوصی میتواند گذشت کند."",""answer"":""3"",""confidence"":4}",
84,deepseek/deepseek-v3.2-exp,1,4,مطابق ماده ۲۰ قانون مجازات اسلامی، مسئولیت کیفری اشخاص حقوقی در جرایم غیرعمدی فقط شامل جزای نقدی و دیه است. بنابراین در این مورد، مجازات‌های قابل اعمال بر شخص حقوقی محدود به دیه و جزای نقدی می‌باشد.,4750,509,86,595,198,37,"{""explanation"":""مطابق ماده ۲۰ قانون مجازات اسلامی، مسئولیت کیفری اشخاص حقوقی در جرایم غیرعمدی فقط شامل جزای نقدی و دیه است. بنابراین در این مورد، مجازات‌های قابل اعمال بر شخص حقوقی محدود به دیه و جزای نقدی می‌باشد."",""answer"":""1"",""confidence"":4}",
85,deepseek/deepseek-v3.2-exp,3,4,مطابق ماده ۲۴ قانون مجازات اسلامی، مجازات‌های تکمیلی و تبعی هر دو قابل تخفیف هستند. این قاعده از اصول کلی حاکم بر مجازات‌ها در حقوق ایران ناشی می‌شود.,5254,524,71,595,150,28,"{""explanation"":""مطابق ماده ۲۴ قانون مجازات اسلامی، مجازات‌های تکمیلی و تبعی هر دو قابل تخفیف هستند. این قاعده از اصول کلی حاکم بر مجازات‌ها در حقوق ایران ناشی می‌شود."",""answer"":""3"",""confidence"":4}",
86,deepseek/deepseek-v3.2-exp,1,4,مطابق ماده ۱۹ قانون مجازات اسلامی، مصادره اموال از جمله مجازات‌های تعزیری است که در مقام تخفیف قابل تبدیل به مجازات دیگر نیست. این حکم به دلیل ماهیت خاص مجازات مصادره و عدم قابلیت جایگزینی با سایر مجازات‌ها مقرر شده است.,5704,481,91,572,220,41,"{""explanation"":""مطابق ماده ۱۹ قانون مجازات اسلامی، مصادره اموال از جمله مجازات‌های تعزیری است که در مقام تخفیف قابل تبدیل به مجازات دیگر نیست. این حکم به دلیل ماهیت خاص مجازات مصادره و عدم قابلیت جایگزینی با سایر مجازات‌ها مقرر شده است."",""answer"":""1"",""confidence"":4}",
87,deepseek/deepseek-v3.2-exp,3,4,مطابق ماده ۵۸ قانون مجازات اسلامی، آزادی مشروط در صورتی اعطا می‌شود که محکوم بخشی از مجازات را گذرانده و سابقه محکومیت کیفری مؤثر نداشته باشد. بنابراین فرد دارای سابقه محکومیت کیفری مؤثر از آزادی مشروط محروم است.,5141,486,93,579,212,38,"{""explanation"":""مطابق ماده ۵۸ قانون مجازات اسلامی، آزادی مشروط در صورتی اعطا می‌شود که محکوم بخشی از مجازات را گذرانده و سابقه محکومیت کیفری مؤثر نداشته باشد. بنابراین فرد دارای سابقه محکومیت کیفری مؤثر از آزادی مشروط محروم است."",""answer"":""3"",""confidence"":4}",
88,deepseek/deepseek-v3.2-exp,1,4,مطابق ماده ۴۶ قانون مجازات اسلامی، در صورت پایبندی کامل متهم به دستورات دادگاه در مدت تعویق صدور حکم، دادگاه می‌تواند حکم به معافیت از کیفر صادر کند. این ماده صراحتاً معافیت از کیفر را در چنین شرایطی پیش‌بینی کرده است.,6459,508,94,602,218,41,"{""explanation"":""مطابق ماده ۴۶ قانون مجازات اسلامی، در صورت پایبندی کامل متهم به دستورات دادگاه در مدت تعویق صدور حکم، دادگاه می‌تواند حکم به معافیت از کیفر صادر کند. این ماده صراحتاً معافیت از کیفر را در چنین شرایطی پیش‌بینی کرده است."",""answer"":""1"",""confidence"":4}",
89,deepseek/deepseek-v3.2-exp,2,4,بر اساس ماده ۱۳۴ قانون مجازات اسلامی، در تعدد جرم فقط برای هر جرم مجازات تعیین می‌شود و تشدید مجازات تنها در جرایم عمدی با مجازات حبس یا شلاق اعمال می‌گردد. بنابراین جرم غیرعمد «الف» مشمول تشدید نمی‌شود و جرایم عمدی «ب» و «د» قابل تشدید تا یک‌ششم هستند، اما جرم «ج» با مجازات نقدی مشمول تعدد نمی‌شود.,7933,743,141,884,300,58,"{""explanation"":""بر اساس ماده ۱۳۴ قانون مجازات اسلامی، در تعدد جرم فقط برای هر جرم مجازات تعیین می‌شود و تشدید مجازات تنها در جرایم عمدی با مجازات حبس یا شلاق اعمال می‌گردد. بنابراین جرم غیرعمد «الف» مشمول تشدید نمی‌شود و جرایم عمدی «ب» و «د» قابل تشدید تا یک‌ششم هستند، اما جرم «ج» با مجازات نقدی مشمول تعدد نمی‌شود."",""answer"":""2"",""confidence"":4}",
90,deepseek/deepseek-v3.2-exp,4,4,مطابق ماده ۲ قانون مجازات اسلامی، معاون در جرم مجازات مستقلی ندارد و طبق قواعد عمومی معاونت مجازات می‌شود. در مورد اسیدپاشی نیز قواعد عمومی معاونت اعمال می‌شود و مجازات خاصی برای معاون پیش‌بینی نشده است.,5192,521,88,609,203,36,"{""explanation"":""مطابق ماده ۲ قانون مجازات اسلامی، معاون در جرم مجازات مستقلی ندارد و طبق قواعد عمومی معاونت مجازات می‌شود. در مورد اسیدپاشی نیز قواعد عمومی معاونت اعمال می‌شود و مجازات خاصی برای معاون پیش‌بینی نشده است."",""answer"":""4"",""confidence"":4}",
91,deepseek/deepseek-v3.2-exp,4,4,مطابق ماده ۵۶۸ قانون مجازات اسلامی، هرگاه کسی به قصد ارتکاب جرم شروع به اجرا کند ولی به عللی خارج از اراده او جرم محقق نشود، شروع به جرم محسوب می‌شود. در اینجا حفاری با قصد به دست آوردن اموال تاریخی انجام شده اما به نتیجه نرسیده، بنابراین شروع به جرم است.,6084,506,106,612,255,52,"{""explanation"":""مطابق ماده ۵۶۸ قانون مجازات اسلامی، هرگاه کسی به قصد ارتکاب جرم شروع به اجرا کند ولی به عللی خارج از اراده او جرم محقق نشود، شروع به جرم محسوب می‌شود. در اینجا حفاری با قصد به دست آوردن اموال تاریخی انجام شده اما به نتیجه نرسیده، بنابراین شروع به جرم است."",""answer"":""4"",""confidence"":4}",
92,deepseek/deepseek-v3.2-exp,3,4,مطابق ماده ۵۲۳ قانون مجازات اسلامی، هر کارمند رسمی که در اجرای وظیفه خود عالماً عامداً برخلاف واقع امری را تصدیق یا تنظیم کند، مرتکب جعل سند رسمی شده است. در اینجا کارمند ثبت با علم به وضعیت پلاک، تصرفات مالکانه را تأیید کرده که در حکم جعل سند رسمی محسوب می‌شود.,6852,602,118,720,262,52,"{""explanation"":""مطابق ماده ۵۲۳ قانون مجازات اسلامی، هر کارمند رسمی که در اجرای وظیفه خود عالماً عامداً برخلاف واقع امری را تصدیق یا تنظیم کند، مرتکب جعل سند رسمی شده است. در اینجا کارمند ثبت با علم به وضعیت پلاک، تصرفات مالکانه را تأیید کرده که در حکم جعل سند رسمی محسوب می‌شود."",""answer"":""3"",""confidence"":4}",
93,deepseek/deepseek-v3.2-exp,4,4,مطابق ماده ۲۹۵ قانون مجازات اسلامی، اگر تیر با قصد کشش به شخص معینی اصابت نکند و به شخص دیگری برخورد کند و او را بکشد، قتل شبه عمد است. همچنین بر اساس ماده ۳۰۲، اگر مقتول مهدورالدم باشد، قصاص و دیه ساقط می‌شود، اما این موضوع نوع قتل را از شبه عمد به خطای محض تغییر نمی‌دهد.,6896,645,123,768,273,58,"{""explanation"":""مطابق ماده ۲۹۵ قانون مجازات اسلامی، اگر تیر با قصد کشش به شخص معینی اصابت نکند و به شخص دیگری برخورد کند و او را بکشد، قتل شبه عمد است. همچنین بر اساس ماده ۳۰۲، اگر مقتول مهدورالدم باشد، قصاص و دیه ساقط می‌شود، اما این موضوع نوع قتل را از شبه عمد به خطای محض تغییر نمی‌دهد."",""answer"":""4"",""confidence"":4}",
94,deepseek/deepseek-v3.2-exp,3,4,مطابق ماده ۷۴۴ قانون مجازات اسلامی، شنود غیرمجاز داده‌های رایانه‌ای و همچنین سرقت رایانه‌ای (ماده ۷۴۰) هر دو محقق شده است زیرا «الف» با ارسال بدافزار هم به داده‌ها دسترسی غیرمجاز یافته و هم آن‌ها را تحصیل کرده است.,5669,566,100,666,214,39,"{""explanation"":""مطابق ماده ۷۴۴ قانون مجازات اسلامی، شنود غیرمجاز داده‌های رایانه‌ای و همچنین سرقت رایانه‌ای (ماده ۷۴۰) هر دو محقق شده است زیرا «الف» با ارسال بدافزار هم به داده‌ها دسترسی غیرمجاز یافته و هم آن‌ها را تحصیل کرده است."",""answer"":""3"",""confidence"":4}",
95,deepseek/deepseek-v3.2-exp,4,4,مطابق ماده ۶۷۳ قانون مجازات اسلامی، هرگاه اموال منقول یا غیرمنقول یا نوشتههایی از قبیل سفته و چک و قبض و نظایر آن به عنوان امانت به کسی داده شود و آن شخص آن اموال را به ضرر مالک یا متصرف قانونی آنها تصاحب یا تلف یا مفقود نماید، مرتکب خیانت در امانت شده است. در این مورد، دریافت بیعانه و خودداری عمدی از انجام تعهد در حالی که توانایی انجام آن وجود داشته، مصداق خیانت در امانت محسوب میشود.,7896,590,158,748,387,80,"{""explanation"":""مطابق ماده ۶۷۳ قانون مجازات اسلامی، هرگاه اموال منقول یا غیرمنقول یا نوشتههایی از قبیل سفته و چک و قبض و نظایر آن به عنوان امانت به کسی داده شود و آن شخص آن اموال را به ضرر مالک یا متصرف قانونی آنها تصاحب یا تلف یا مفقود نماید، مرتکب خیانت در امانت شده است. در این مورد، دریافت بیعانه و خودداری عمدی از انجام تعهد در حالی که توانایی انجام آن وجود داشته، مصداق خیانت در امانت محسوب میشود."",""answer"":""4"",""confidence"":4}",
96,deepseek/deepseek-v3.2-exp,1,4,مطابق ماده ۵۲۳ قانون مجازات اسلامی، جعل مفادی عبارت است از تغییر عبارات یا ارقام در نوشته یا سند به نحوی که مفاد آن تغییر کند. در اینجا قاضی با تغییر عمدی رقم خسارت در صورتجلسه، مفاد سند رسمی را تحریف کرده است.,5545,557,87,644,210,43,"{""explanation"":""مطابق ماده ۵۲۳ قانون مجازات اسلامی، جعل مفادی عبارت است از تغییر عبارات یا ارقام در نوشته یا سند به نحوی که مفاد آن تغییر کند. در اینجا قاضی با تغییر عمدی رقم خسارت در صورتجلسه، مفاد سند رسمی را تحریف کرده است."",""answer"":""1"",""confidence"":4}",
97,deepseek/deepseek-v3.2-exp,2,4,مطابق ماده ۱ قانون تشدید مجازات مرتکبین ارتشاء، اختلاس و کلاهبرداری، کلاهبرداری زمانی محقق می‌شود که بردن مال دیگری با توسل به وسایل متقلبانه صورت گیرد. در گزینه ۲، انتقال منافع ملک خود پس از اجاره، عمل متقلبانه برای بردن مال غیر محسوب نمی‌شود زیرا مالک حق انتقال منافع را دارد.,6535,569,116,685,278,51,"{""explanation"":""مطابق ماده ۱ قانون تشدید مجازات مرتکبین ارتشاء، اختلاس و کلاهبرداری، کلاهبرداری زمانی محقق می‌شود که بردن مال دیگری با توسل به وسایل متقلبانه صورت گیرد. در گزینه ۲، انتقال منافع ملک خود پس از اجاره، عمل متقلبانه برای بردن مال غیر محسوب نمی‌شود زیرا مالک حق انتقال منافع را دارد."",""answer"":""2"",""confidence"":4}",
98,deepseek/deepseek-v3.2-exp,4,4,مطابق ماده ۱۱۴ قانون مجازات اسلامی، توبه در جرایم تعزیری قابل پذیرش است و دادگاه میتواند در صورت احراز ندامت، مجازات را تخفیف دهد. با این حال، توبه یک امر شخصی است و فقط در مورد شخص حقیقی (نماینده) قابل اعمال است و شامل شخص حقوقی نمیشود.,5813,680,96,776,237,47,"{""explanation"":""مطابق ماده ۱۱۴ قانون مجازات اسلامی، توبه در جرایم تعزیری قابل پذیرش است و دادگاه میتواند در صورت احراز ندامت، مجازات را تخفیف دهد. با این حال، توبه یک امر شخصی است و فقط در مورد شخص حقیقی (نماینده) قابل اعمال است و شامل شخص حقوقی نمیشود."",""answer"":""4"",""confidence"":4}",
99,deepseek/deepseek-v3.2-exp,4,4,مطابق ماده ۴۸ قانون مجازات اسلامی، تعلیق مجازات برای افراد زیر ۱۸ سال فقط یک بار قابل اعمال است و در صورت ارتکاب جرم جدید در مدت تعلیق، حکم تعلیق لغو و مجازات جرم قبلی نیز اجرا می‌شود. بنابراین در این مورد به دلیل ارتکاب جرم جدید در مدت تعلیق، امکان استفاده از نهادهای ارفاقی مانند تخفیف یا تعویق وجود ندارد.,6849,618,122,740,308,61,"{""explanation"":""مطابق ماده ۴۸ قانون مجازات اسلامی، تعلیق مجازات برای افراد زیر ۱۸ سال فقط یک بار قابل اعمال است و در صورت ارتکاب جرم جدید در مدت تعلیق، حکم تعلیق لغو و مجازات جرم قبلی نیز اجرا می‌شود. بنابراین در این مورد به دلیل ارتکاب جرم جدید در مدت تعلیق، امکان استفاده از نهادهای ارفاقی مانند تخفیف یا تعویق وجود ندارد."",""answer"":""4"",""confidence"":4}",
100,deepseek/deepseek-v3.2-exp,2,4,بر اساس ماده ۱ قانون تشدید مجازات مرتکبین ارتشاء، اختلاس و کلاهبرداری، تحصیل مال غیر از طریق نامشروع جرم است. در اینجا پدر با جعل سند و فروش مال غیر (ملک همسر) به پسرش، مال یک میلیارد تومان را به طور نامشروع تحصیل کرده است.,5606,570,96,666,223,45,"{""explanation"":""بر اساس ماده ۱ قانون تشدید مجازات مرتکبین ارتشاء، اختلاس و کلاهبرداری، تحصیل مال غیر از طریق نامشروع جرم است. در اینجا پدر با جعل سند و فروش مال غیر (ملک همسر) به پسرش، مال یک میلیارد تومان را به طور نامشروع تحصیل کرده است."",""answer"":""2"",""confidence"":4}",
101,deepseek/deepseek-v3.2-exp,3,4,بر اساس ماده ۳۰۲ قانون آیین دادرسی کیفری، رسیدگی به جرایم عمدی علیه تمامیت جسمانی که مجازات قانونی آنها قصاص یا دیه است در صلاحیت دادگاه کیفری یک قرار دارد. قتل غیرعمدی ناشی از تصادف رانندگی از جمله جرایمی است که مجازات آن دیه بوده و بنابراین در صلاحیت دادگاه کیفری یک است.,6207,493,110,603,273,53,"{""explanation"":""بر اساس ماده ۳۰۲ قانون آیین دادرسی کیفری، رسیدگی به جرایم عمدی علیه تمامیت جسمانی که مجازات قانونی آنها قصاص یا دیه است در صلاحیت دادگاه کیفری یک قرار دارد. قتل غیرعمدی ناشی از تصادف رانندگی از جمله جرایمی است که مجازات آن دیه بوده و بنابراین در صلاحیت دادگاه کیفری یک است."",""answer"":""3"",""confidence"":4}",
102,deepseek/deepseek-v3.2-exp,2,4,بر اساس ماده ۲۹۰ قانون آیین دادرسی کیفری، آرای صادره در خصوص جرایم غیرعمدی ناشی از کار که مجازات آنها تعزیر درجه شش یا بالاتر باشد قابل تجدیدنظر هستند. بنابراین گزینه ۲ صحیح است زیرا مجازات تعزیر درجه شش یا بیشتر شرط تجدیدنظرپذیری این آراء محسوب می‌شود.,6358,529,110,639,253,47,"{""explanation"":""بر اساس ماده ۲۹۰ قانون آیین دادرسی کیفری، آرای صادره در خصوص جرایم غیرعمدی ناشی از کار که مجازات آنها تعزیر درجه شش یا بالاتر باشد قابل تجدیدنظر هستند. بنابراین گزینه ۲ صحیح است زیرا مجازات تعزیر درجه شش یا بیشتر شرط تجدیدنظرپذیری این آراء محسوب می‌شود."",""answer"":""2"",""confidence"":4}",
103,deepseek/deepseek-v3.2-exp,4,4,بر اساس ماده‌ی ۴۵ قانون آیین دادرسی کیفری، جلب بدون احضاریه فقط در جرایم مستوجب مجازات سلب حیات، حبس ابد، قطع عضو و همچنین جرایم تعزیری درجه یک تا چهار امکان‌پذیر است. جرایم تعزیری درجه دو و سه مشمول این قاعده نمی‌شوند و جلب بدون احضاریه در آنها مجاز نیست.,7361,512,116,628,256,50,"{""explanation"":""بر اساس ماده‌ی ۴۵ قانون آیین دادرسی کیفری، جلب بدون احضاریه فقط در جرایم مستوجب مجازات سلب حیات، حبس ابد، قطع عضو و همچنین جرایم تعزیری درجه یک تا چهار امکان‌پذیر است. جرایم تعزیری درجه دو و سه مشمول این قاعده نمی‌شوند و جلب بدون احضاریه در آنها مجاز نیست."",""answer"":""4"",""confidence"":4}",
104,deepseek/deepseek-v3.2-exp,1,4,طبق ماده ۳۰ قانون آیین دادرسی کیفری، حل اختلاف در صلاحیت بین دادگاه‌های کیفری و حقوقی در یک حوزه قضایی استان با دادگاه تجدیدنظر همان استان است. این ماده به صراحت مرجع رسیدگی به چنین اختلافی را مشخص کرده است.,4812,514,85,599,207,40,"{""explanation"":""طبق ماده ۳۰ قانون آیین دادرسی کیفری، حل اختلاف در صلاحیت بین دادگاه‌های کیفری و حقوقی در یک حوزه قضایی استان با دادگاه تجدیدنظر همان استان است. این ماده به صراحت مرجع رسیدگی به چنین اختلافی را مشخص کرده است."",""answer"":""1"",""confidence"":4}",
105,deepseek/deepseek-v3.2-exp,1,4,مطابق ماده ۳۰۲ قانون آیین دادرسی کیفری، رسیدگی به جرایم ضابطان دادگستری در صلاحیت دادگاه‌های عمومی کیفری است. بنابراین، با توجه به اینکه ضابط فاقد کارت ویژه است اما در مقام ضابط عمل کرده، دادگاه کیفری یا بخش حسب مورد صلاحیت رسیدگی دارد.,5647,538,98,636,236,43,"{""explanation"":""مطابق ماده ۳۰۲ قانون آیین دادرسی کیفری، رسیدگی به جرایم ضابطان دادگستری در صلاحیت دادگاه‌های عمومی کیفری است. بنابراین، با توجه به اینکه ضابط فاقد کارت ویژه است اما در مقام ضابط عمل کرده، دادگاه کیفری یا بخش حسب مورد صلاحیت رسیدگی دارد."",""answer"":""1"",""confidence"":4}",
106,deepseek/deepseek-v3.2-exp,4,4,مطابق ماده ۲۷ قانون آیین دادرسی کیفری، در جرایم غیرقابل گذشت، گذشت شاکی تأثیری در تعقیب متهم ندارد و دادستان نمیتواند از کیفرخواست عدول کند. بنابراین امکان صدور قرار تعلیق تعقیب وجود ندارد.,5249,585,85,670,189,33,"{""explanation"":""مطابق ماده ۲۷ قانون آیین دادرسی کیفری، در جرایم غیرقابل گذشت، گذشت شاکی تأثیری در تعقیب متهم ندارد و دادستان نمیتواند از کیفرخواست عدول کند. بنابراین امکان صدور قرار تعلیق تعقیب وجود ندارد."",""answer"":""4"",""confidence"":4}",
107,deepseek/deepseek-v3.2-exp,2,4,ماده ۱۶ قانون آیین دادرسی مدنی مقرر می‌دارد که رأی قطعی دادگاه کیفری در امور مدنی لازم الاتباع است، مشروط بر اینکه در ماهیت دعوای حقوقی مؤثر باشد. بنابراین رأی کیفری قطعی و مؤثر در ماهیت، برای دادگاه حقوقی لازم الاتباع است.,6160,531,94,625,223,42,"{""explanation"":""ماده ۱۶ قانون آیین دادرسی مدنی مقرر می‌دارد که رأی قطعی دادگاه کیفری در امور مدنی لازم الاتباع است، مشروط بر اینکه در ماهیت دعوای حقوقی مؤثر باشد. بنابراین رأی کیفری قطعی و مؤثر در ماهیت، برای دادگاه حقوقی لازم الاتباع است."",""answer"":""2"",""confidence"":4}",
108,deepseek/deepseek-v3.2-exp,3,4,بر اساس ماده ۴۵ قانون آیین دادرسی کیفری، شهروندان در جرایم مشهود فقط در جرایم موجب مجازات قطع عضو، جنایت عمدی علیه تمامیت جسمانی با میزان نصف دیه کامل یا بیش از آن و جرایم سیاسی و مطبوعاتی مجاز به مداخله هستند. بنابراین در جرایم موجب تعزیر درجه سه، شهروندان حق انجام اقدامات لازم را ندارند.,6241,534,113,647,290,56,"{""explanation"":""بر اساس ماده ۴۵ قانون آیین دادرسی کیفری، شهروندان در جرایم مشهود فقط در جرایم موجب مجازات قطع عضو، جنایت عمدی علیه تمامیت جسمانی با میزان نصف دیه کامل یا بیش از آن و جرایم سیاسی و مطبوعاتی مجاز به مداخله هستند. بنابراین در جرایم موجب تعزیر درجه سه، شهروندان حق انجام اقدامات لازم را ندارند."",""answer"":""3"",""confidence"":4}",
109,deepseek/deepseek-v3.2-exp,3,4,ماده ۴۹ قانون آیین دادرسی کیفری مقرر می‌دارد که قرارهای نهایی دادیار و قرار تأمین منتهی به بازداشت متهم باید در همان روز صدور به نظر دادستان برسد. این الزام به منظور نظارت فوری دادستان بر تصمیمات مهم دادیار در مرحله تحقیقات مقدماتی است.,6352,508,97,605,236,44,"{""explanation"":""ماده ۴۹ قانون آیین دادرسی کیفری مقرر می‌دارد که قرارهای نهایی دادیار و قرار تأمین منتهی به بازداشت متهم باید در همان روز صدور به نظر دادستان برسد. این الزام به منظور نظارت فوری دادستان بر تصمیمات مهم دادیار در مرحله تحقیقات مقدماتی است."",""answer"":""3"",""confidence"":4}",
110,deepseek/deepseek-v3.2-exp,2,4,بر اساس ماده‌ی ۹۹ قانون آیین دادرسی کیفری، ضبط اموال یا اشیا در مرحله‌ی تحقیقات مقدماتی توسط بازپرس و در مرحله‌ی رسیدگی توسط دادگاه صورت می‌گیرد. بنابراین این اختیار حسب مورد به بازپرس یا دادگاه تعلق دارد.,5325,472,92,564,205,37,"{""explanation"":""بر اساس ماده‌ی ۹۹ قانون آیین دادرسی کیفری، ضبط اموال یا اشیا در مرحله‌ی تحقیقات مقدماتی توسط بازپرس و در مرحله‌ی رسیدگی توسط دادگاه صورت می‌گیرد. بنابراین این اختیار حسب مورد به بازپرس یا دادگاه تعلق دارد."",""answer"":""2"",""confidence"":4}",
111,deepseek/deepseek-v3.2-exp,1,4,ماده ۴۱۰ قانون آیین دادرسی کیفری مقرر می‌دارد که جرایم اطفال و نوجوانان در دادگاه اطفال و نوجوانان رسیدگی می‌شود و صلاحیت ذاتی دادگاه انقلاب در این مورد نافی صلاحیت تخصصی دادگاه اطفال نیست.,5300,511,90,601,189,34,"{""explanation"":""ماده ۴۱۰ قانون آیین دادرسی کیفری مقرر می‌دارد که جرایم اطفال و نوجوانان در دادگاه اطفال و نوجوانان رسیدگی می‌شود و صلاحیت ذاتی دادگاه انقلاب در این مورد نافی صلاحیت تخصصی دادگاه اطفال نیست."",""answer"":""1"",""confidence"":4}",
112,deepseek/deepseek-v3.2-exp,4,4,ماده ۲۷۶ قانون آیین دادرسی کیفری مقرر می‌دارد که قرار عدم صلاحیت صادره از دادگاه کیفری یک، فقط از طرف دادستان قابل تجدیدنظر است. این ماده به صراحت حق تجدیدنظرخواهی را منحصراً به دادستان اعطا کرده و شاکی خصوصی را شامل نمی‌شود.,6980,512,103,615,225,42,"{""explanation"":""ماده ۲۷۶ قانون آیین دادرسی کیفری مقرر می‌دارد که قرار عدم صلاحیت صادره از دادگاه کیفری یک، فقط از طرف دادستان قابل تجدیدنظر است. این ماده به صراحت حق تجدیدنظرخواهی را منحصراً به دادستان اعطا کرده و شاکی خصوصی را شامل نمی‌شود."",""answer"":""4"",""confidence"":4}",
113,deepseek/deepseek-v3.2-exp,1,4,ماده ۵۰۲ قانون آیین دادرسی کیفری مقرر می‌دارد که در صورت جنون محکوم‌علیه پس از قطعیت حکم، اجرای حکم تا زمان افاقه متوقف می‌شود. بنابراین اجرای حکم به تعویق می‌افتد و نه اینکه موقوف شود.,5682,550,94,644,185,35,"{""explanation"":""ماده ۵۰۲ قانون آیین دادرسی کیفری مقرر می‌دارد که در صورت جنون محکوم‌علیه پس از قطعیت حکم، اجرای حکم تا زمان افاقه متوقف می‌شود. بنابراین اجرای حکم به تعویق می‌افتد و نه اینکه موقوف شود."",""answer"":""1"",""confidence"":4}",
114,deepseek/deepseek-v3.2-exp,4,4,بر اساس ماده ۴۹ قانون آیین دادرسی کیفری، تعیین وکیل تسخیری برای اطفال و نوجوانان در جرایم تعزیری درجه ۷ و ۸ و جرایم مستلزم پرداخت دیه یا ارش به میزان نصف دیه کامل یا کمتر از آن الزامی نیست. این استثنا به دلیل کاهش شدت مجازات و ماهیت غیرحسبهای این جرایم در نظر گرفته شده است.,6580,560,113,673,274,57,"{""explanation"":""بر اساس ماده ۴۹ قانون آیین دادرسی کیفری، تعیین وکیل تسخیری برای اطفال و نوجوانان در جرایم تعزیری درجه ۷ و ۸ و جرایم مستلزم پرداخت دیه یا ارش به میزان نصف دیه کامل یا کمتر از آن الزامی نیست. این استثنا به دلیل کاهش شدت مجازات و ماهیت غیرحسبهای این جرایم در نظر گرفته شده است."",""answer"":""4"",""confidence"":4}",
115,deepseek/deepseek-v3.2-exp,2,4,مطابق ماده ۲۴۲ قانون آیین دادرسی کیفری، در جرایم غیرعمدی، هرگاه مقام قضایی تشخیص دهد تضمین حقوق بزه‌دیده به طریق دیگر امکان‌پذیر است، صدور قرار کفالت و وثیقه جایز نیست. این ماده به صراحت هر دو قرار را در صورت امکان جبران خسارت از راه دیگر ممنوع می‌کند.,6534,569,113,682,252,48,"{""explanation"":""مطابق ماده ۲۴۲ قانون آیین دادرسی کیفری، در جرایم غیرعمدی، هرگاه مقام قضایی تشخیص دهد تضمین حقوق بزه‌دیده به طریق دیگر امکان‌پذیر است، صدور قرار کفالت و وثیقه جایز نیست. این ماده به صراحت هر دو قرار را در صورت امکان جبران خسارت از راه دیگر ممنوع می‌کند."",""answer"":""2"",""confidence"":4}",
116,deepseek/deepseek-v3.2-exp,3,4,مطابق ماده ۲۴۷ قانون آیین دادرسی کیفری، در جرایم تعزیری درجه شش و هفت در صورت ارائه تضمین لازم برای جبران خسارت، قاضی میتواند به صدور قرار نظارت قضایی اکتفا کند. این ماده صراحتاً جرایم درجه هشت را شامل نمیشود.,5660,534,94,628,209,40,"{""explanation"":""مطابق ماده ۲۴۷ قانون آیین دادرسی کیفری، در جرایم تعزیری درجه شش و هفت در صورت ارائه تضمین لازم برای جبران خسارت، قاضی میتواند به صدور قرار نظارت قضایی اکتفا کند. این ماده صراحتاً جرایم درجه هشت را شامل نمیشود."",""answer"":""3"",""confidence"":4}",
117,deepseek/deepseek-v3.2-exp,3,4,طبق ماده ۲۶۶ قانون آیین دادرسی کیفری، تقاضای سوگند قابل توکیل نیست و وکیل نمی‌تواند این درخواست را مطرح کند. این قاعده به دلیل شخصی بودن ماهیت سوگند در امور کیفری است.,4815,539,76,615,167,32,"{""explanation"":""طبق ماده ۲۶۶ قانون آیین دادرسی کیفری، تقاضای سوگند قابل توکیل نیست و وکیل نمی‌تواند این درخواست را مطرح کند. این قاعده به دلیل شخصی بودن ماهیت سوگند در امور کیفری است."",""answer"":""3"",""confidence"":4}",
118,deepseek/deepseek-v3.2-exp,3,4,مطابق ماده ۴۷۷ قانون آیین دادرسی کیفری، در صورتی که دیوان عالی کشور متهم را قابل تعقیب نداند، رأی نقض و حکم برائت صادر می‌کند. بنابراین شعبه دیوان عالی کشور مستقیماً حکم برائت متهم را صادر می‌نماید.,5693,612,94,706,198,37,"{""explanation"":""مطابق ماده ۴۷۷ قانون آیین دادرسی کیفری، در صورتی که دیوان عالی کشور متهم را قابل تعقیب نداند، رأی نقض و حکم برائت صادر می‌کند. بنابراین شعبه دیوان عالی کشور مستقیماً حکم برائت متهم را صادر می‌نماید."",""answer"":""3"",""confidence"":4}",
119,deepseek/deepseek-v3.2-exp,4,4,مطابق ماده ۴۷۷ قانون آیین دادرسی کیفری، دادستان کل کشور در صورتی که حکم قطعی را خلاف شرع یا قانون تشخیص دهد، مراتب را به رئیس قوه قضاییه اعلام می‌کند. این ماده به صراحت موارد مربوط به حقوق عامه و دعاوی دولت را شامل می‌شود.,5562,602,97,699,222,45,"{""explanation"":""مطابق ماده ۴۷۷ قانون آیین دادرسی کیفری، دادستان کل کشور در صورتی که حکم قطعی را خلاف شرع یا قانون تشخیص دهد، مراتب را به رئیس قوه قضاییه اعلام می‌کند. این ماده به صراحت موارد مربوط به حقوق عامه و دعاوی دولت را شامل می‌شود."",""answer"":""4"",""confidence"":4}",
120,deepseek/deepseek-v3.2-exp,3,4,مطابق ماده ۲۷۸ قانون آیین دادرسی کیفری، قاضی مکلف به تبعیت از نظر هیئت منصفه در جرایم سیاسی و مطبوعاتی نیست و تنها ملزم به رعایت تشریفات دادرسی است. بنابراین گزینه ۳ با مقررات قانونی مغایرت دارد.,5358,587,89,676,195,37,"{""explanation"":""مطابق ماده ۲۷۸ قانون آیین دادرسی کیفری، قاضی مکلف به تبعیت از نظر هیئت منصفه در جرایم سیاسی و مطبوعاتی نیست و تنها ملزم به رعایت تشریفات دادرسی است. بنابراین گزینه ۳ با مقررات قانونی مغایرت دارد."",""answer"":""3"",""confidence"":4}",
121,deepseek/deepseek-v3.2-exp,2,5,بر اساس اصل ۵۲ قانون اساسی جمهوری اسلامی ایران، تنظیم لایحه بودجه کل کشور از ابتکارات دولت است. بنابراین، دولت مرجع اصلی ابتکار بودجه محسوب می‌شود.,5567,470,64,534,147,26,"{""explanation"":""بر اساس اصل ۵۲ قانون اساسی جمهوری اسلامی ایران، تنظیم لایحه بودجه کل کشور از ابتکارات دولت است. بنابراین، دولت مرجع اصلی ابتکار بودجه محسوب می‌شود."",""answer"":""2"",""confidence"":5}",
122,deepseek/deepseek-v3.2-exp,4,5,طبق اصل ۴۵ قانون اساسی جمهوری اسلامی ایران، نیزارها و بیشه‌های طبیعی به عنوان یکی از مصادیق انفال و ثروت‌های عمومی ذکر شده‌اند. این اصل صراحتاً این موارد را در زمره انفال قرار داده است.,5794,493,83,576,185,35,"{""explanation"":""طبق اصل ۴۵ قانون اساسی جمهوری اسلامی ایران، نیزارها و بیشه‌های طبیعی به عنوان یکی از مصادیق انفال و ثروت‌های عمومی ذکر شده‌اند. این اصل صراحتاً این موارد را در زمره انفال قرار داده است."",""answer"":""4"",""confidence"":5}",
123,deepseek/deepseek-v3.2-exp,1,4,طبق اصل ۱۵۸ قانون اساسی جمهوری اسلامی ایران، رئیس قوه قضائیه می‌تواند اختیارات مالی و اداری را با مشورت به وزیر دادگستری تفویض کند. این اصل به صراحت تفویض اختیارات تام مالی و اداری را پس از مشورت مجاز می‌داند.,5671,518,96,614,209,40,"{""explanation"":""طبق اصل ۱۵۸ قانون اساسی جمهوری اسلامی ایران، رئیس قوه قضائیه می‌تواند اختیارات مالی و اداری را با مشورت به وزیر دادگستری تفویض کند. این اصل به صراحت تفویض اختیارات تام مالی و اداری را پس از مشورت مجاز می‌داند."",""answer"":""1"",""confidence"":4}",
124,deepseek/deepseek-v3.2-exp,4,4,اصل ۱۷۳ قانون اساسی جمهوری اسلامی ایران رسیدگی به جرایم نظامیان در مقام ضابط دادگستری را به صورت خارج از نوبت مقرر کرده است. بنابراین این مورد باید خارج از نوبت رسیدگی شود.,4956,543,71,614,172,33,"{""explanation"":""اصل ۱۷۳ قانون اساسی جمهوری اسلامی ایران رسیدگی به جرایم نظامیان در مقام ضابط دادگستری را به صورت خارج از نوبت مقرر کرده است. بنابراین این مورد باید خارج از نوبت رسیدگی شود."",""answer"":""4"",""confidence"":4}",
125,deepseek/deepseek-v3.2-exp,1,5,اصل ۱۶۵ قانون اساسی جمهوری اسلامی ایران به صراحت به علنی بودن محاکمات اشاره کرده و آن را از اصول حاکم بر رسیدگی‌های قضایی می‌داند. این اصل تصریح می‌کند که محاکمات باید به صورت علنی برگزار شوند مگر در مواردی که قانون استثنا کرده باشد.,6021,474,100,574,233,45,"{""explanation"":""اصل ۱۶۵ قانون اساسی جمهوری اسلامی ایران به صراحت به علنی بودن محاکمات اشاره کرده و آن را از اصول حاکم بر رسیدگی‌های قضایی می‌داند. این اصل تصریح می‌کند که محاکمات باید به صورت علنی برگزار شوند مگر در مواردی که قانون استثنا کرده باشد."",""answer"":""1"",""confidence"":5}",
126,deepseek/deepseek-v3.2-exp,2,5,اصل چهل و سوم قانون اساسی جمهوری اسلامی ایران در بخش اقتصاد، منع تبذیر را به عنوان یکی از ضوابط اقتصادی ذکر کرده است. این اصل بر جلوگیری از اسراف و مصرف بی‌رویه در منابع اقتصادی تأکید دارد.,4620,479,72,551,189,38,"{""explanation"":""اصل چهل و سوم قانون اساسی جمهوری اسلامی ایران در بخش اقتصاد، منع تبذیر را به عنوان یکی از ضوابط اقتصادی ذکر کرده است. این اصل بر جلوگیری از اسراف و مصرف بی‌رویه در منابع اقتصادی تأکید دارد."",""answer"":""2"",""confidence"":5}",
127,deepseek/deepseek-v3.2-exp,1,4,بر اساس اصل ۸۵ قانون اساسی، مجلس شورای اسلامی نمی‌تواند اختیار قانونگذاری را به طور دائم تفویض کند، بلکه فقط می‌تواند تصویب قوانین آزمایشی را برای مدت معین به کمیسیون‌های داخلی واگذار نماید. بنابراین تفویض دائمی اساسنامه‌های سازمان‌های دولتی به دولت مجاز نیست.,6352,556,106,662,260,43,"{""explanation"":""بر اساس اصل ۸۵ قانون اساسی، مجلس شورای اسلامی نمی‌تواند اختیار قانونگذاری را به طور دائم تفویض کند، بلکه فقط می‌تواند تصویب قوانین آزمایشی را برای مدت معین به کمیسیون‌های داخلی واگذار نماید. بنابراین تفویض دائمی اساسنامه‌های سازمان‌های دولتی به دولت مجاز نیست."",""answer"":""1"",""confidence"":4}",
128,deepseek/deepseek-v3.2-exp,2,4,اصل بیست و هفتم قانون اساسی آزادی اجتماعات را به شرط عدم اخلال به مبانی اسلام و عدم حمل سلاح مقرر کرده است. این شرط نشان‌دهنده مشروط بودن این آزادی به رعایت حقوق دیگران و نظم عمومی است.,5583,468,76,544,185,38,"{""explanation"":""اصل بیست و هفتم قانون اساسی آزادی اجتماعات را به شرط عدم اخلال به مبانی اسلام و عدم حمل سلاح مقرر کرده است. این شرط نشان‌دهنده مشروط بودن این آزادی به رعایت حقوق دیگران و نظم عمومی است."",""answer"":""2"",""confidence"":4}",
129,deepseek/deepseek-v3.2-exp,1,4,طبق اصل ۷۷ قانون اساسی جمهوری اسلامی ایران، عهدنامه‌ها، مقاوله‌نامه‌ها، قراردادها و موافقت‌نامه‌های بین‌المللی باید به تصویب مجلس شورای اسلامی برسند و مصوبات شورای عالی امنیت ملی نباید با موازین اسلامی و قانون اساسی مغایرت داشته باشد. بنابراین مصوبات شورای عالی امنیت ملی مشمول این حکم است.,7257,497,128,625,290,47,"{""explanation"":""طبق اصل ۷۷ قانون اساسی جمهوری اسلامی ایران، عهدنامه‌ها، مقاوله‌نامه‌ها، قراردادها و موافقت‌نامه‌های بین‌المللی باید به تصویب مجلس شورای اسلامی برسند و مصوبات شورای عالی امنیت ملی نباید با موازین اسلامی و قانون اساسی مغایرت داشته باشد. بنابراین مصوبات شورای عالی امنیت ملی مشمول این حکم است."",""answer"":""1"",""confidence"":4}",
130,deepseek/deepseek-v3.2-exp,3,5,اصل بیستم قانون اساسی جمهوری اسلامی ایران تصریح می‌کند که همه افراد ملت اعم از زن و مرد یکسان در حمایت قانون قرار دارند و از همه حقوق انسانی، سیاسی، اقتصادی، اجتماعی و فرهنگی با رعایت موازین اسلام برخوردارند. این اصل به صراحت هرگونه تبعیض در برخورداری از آموزش و بهداشت عمومی را ممنوع می‌کند.,9598,491,112,603,292,55,"{""explanation"":""اصل بیستم قانون اساسی جمهوری اسلامی ایران تصریح می‌کند که همه افراد ملت اعم از زن و مرد یکسان در حمایت قانون قرار دارند و از همه حقوق انسانی، سیاسی، اقتصادی، اجتماعی و فرهنگی با رعایت موازین اسلام برخوردارند. این اصل به صراحت هرگونه تبعیض در برخورداری از آموزش و بهداشت عمومی را ممنوع می‌کند."",""answer"":""3"",""confidence"":5}",
131,deepseek/deepseek-v3.2-exp,1,5,اصل ۴۱ قانون اساسی جمهوری اسلامی ایران صراحتاً مقرر می‌دارد که تابعیت ایران از کسی سلب نمی‌شود مگر به درخواست خود شخص یا در صورتی که تابعیت کشور دیگری را بپذیرد. بنابراین تنها حق تابعیت است که به درخواست خود شخص قابل سلب شدن می‌باشد.,6437,485,101,586,233,45,"{""explanation"":""اصل ۴۱ قانون اساسی جمهوری اسلامی ایران صراحتاً مقرر می‌دارد که تابعیت ایران از کسی سلب نمی‌شود مگر به درخواست خود شخص یا در صورتی که تابعیت کشور دیگری را بپذیرد. بنابراین تنها حق تابعیت است که به درخواست خود شخص قابل سلب شدن می‌باشد."",""answer"":""1"",""confidence"":5}",
132,deepseek/deepseek-v3.2-exp,3,4,اصل ۳۴ قانون اساسی حق دادخواهی را برای همه به رسمیت میشناسد و شامل دسترسی به دادگاه و مراجعه به دادگاه صالح است، اما دو درجه‌ای بودن رسیدگی از اصول آیین دادرسی است و جزء ابعاد حق دادخواهی در قانون اساسی محسوب نمی‌شود.,5993,499,96,595,217,43,"{""explanation"":""اصل ۳۴ قانون اساسی حق دادخواهی را برای همه به رسمیت میشناسد و شامل دسترسی به دادگاه و مراجعه به دادگاه صالح است، اما دو درجه‌ای بودن رسیدگی از اصول آیین دادرسی است و جزء ابعاد حق دادخواهی در قانون اساسی محسوب نمی‌شود."",""answer"":""3"",""confidence"":4}",
133,deepseek/deepseek-v3.2-exp,1,4,بر اساس اصل ۱۳۸ قانون اساسی، در صورت تعدد مراجع صلاحیت‌دار، رئیس مجلس شورای اسلامی مرجع صالح را تعیین می‌کند. بنابراین در این مورد، رئیس مجلس باید مرجع رسیدگی کننده را مشخص نماید.,4720,629,78,707,179,33,"{""explanation"":""بر اساس اصل ۱۳۸ قانون اساسی، در صورت تعدد مراجع صلاحیت‌دار، رئیس مجلس شورای اسلامی مرجع صالح را تعیین می‌کند. بنابراین در این مورد، رئیس مجلس باید مرجع رسیدگی کننده را مشخص نماید."",""answer"":""1"",""confidence"":4}",
134,deepseek/deepseek-v3.2-exp,4,4,بر اساس اصل پنجاه و نهم قانون اساسی جمهوری اسلامی ایران، در مسائل بسیار مهم اقتصادی، سیاسی، اجتماعی و فرهنگی، اعمال قوه مقننه ممکن است از راه همه‌پرسی صورت گیرد. بنابراین اعمال قوه مقننه صرفاً از طریق مجلس شورای اسلامی نیست و همه‌پرسی نیز یکی از راه‌های ممکن است.,5308,546,97,643,263,49,"{""explanation"":""بر اساس اصل پنجاه و نهم قانون اساسی جمهوری اسلامی ایران، در مسائل بسیار مهم اقتصادی، سیاسی، اجتماعی و فرهنگی، اعمال قوه مقننه ممکن است از راه همه‌پرسی صورت گیرد. بنابراین اعمال قوه مقننه صرفاً از طریق مجلس شورای اسلامی نیست و همه‌پرسی نیز یکی از راه‌های ممکن است."",""answer"":""4"",""confidence"":4}",
135,deepseek/deepseek-v3.2-exp,1,4,بر اساس اصل ۷۷ قانون اساسی جمهوری اسلامی ایران، عهدنامه‌ها، مقاوله‌نامه‌ها، قراردادها و موافقت‌نامه‌های بین‌المللی باید به تصویب مجلس شورای اسلامی برسند. بنابراین الحاق به مقاوله‌نامه‌های بین‌المللی نیاز به تصویب مجلس دارد و گزینه صحیح نیست.,6613,498,111,609,241,36,"{""explanation"":""بر اساس اصل ۷۷ قانون اساسی جمهوری اسلامی ایران، عهدنامه‌ها، مقاوله‌نامه‌ها، قراردادها و موافقت‌نامه‌های بین‌المللی باید به تصویب مجلس شورای اسلامی برسند. بنابراین الحاق به مقاوله‌نامه‌های بین‌المللی نیاز به تصویب مجلس دارد و گزینه صحیح نیست."",""answer"":""1"",""confidence"":4}",
136,deepseek/deepseek-v3.2-exp,3,4,مطابق ماده ۱۳ قانون رسیدگی به تخلفات اداری، کارمندان دستگاه‌های دولتی حتی در مرخصی بدون‌حقوق نیز مشمول ممنوعیت جمع مشاغل هستند. اشتغال به عنوان مدیرعامل شرکت خصوصی در این مدت تخلف اداری محسوب می‌شود.,5951,582,91,673,199,34,"{""explanation"":""مطابق ماده ۱۳ قانون رسیدگی به تخلفات اداری، کارمندان دستگاه‌های دولتی حتی در مرخصی بدون‌حقوق نیز مشمول ممنوعیت جمع مشاغل هستند. اشتغال به عنوان مدیرعامل شرکت خصوصی در این مدت تخلف اداری محسوب می‌شود."",""answer"":""3"",""confidence"":4}",
137,deepseek/deepseek-v3.2-exp,1,4,اصل ۴۰ قانون اساسی هرگونه استفاده از حق را که موجب اضرار به غیر شود ممنوع می‌کند. اقدام شرکت با وجود حق اختراع و فروش، به دلیل ایجاد بیکاری گسترده کارگران، مصداق اضرار به غیر محسوب می‌شود.,5192,635,82,717,188,37,"{""explanation"":""اصل ۴۰ قانون اساسی هرگونه استفاده از حق را که موجب اضرار به غیر شود ممنوع می‌کند. اقدام شرکت با وجود حق اختراع و فروش، به دلیل ایجاد بیکاری گسترده کارگران، مصداق اضرار به غیر محسوب می‌شود."",""answer"":""1"",""confidence"":4}",
138,deepseek/deepseek-v3.2-exp,3,4,بر اساس اصل ۸۱ قانون اساسی، استخدام کارشناسان خارجی توسط دولت تنها در موارد ضرورت و با تصویب مجلس شورای اسلامی مجاز است و واگذاری این اختیار به هیئت وزیران مغایر قانون اساسی محسوب می‌شود.,5108,647,79,726,187,35,"{""explanation"":""بر اساس اصل ۸۱ قانون اساسی، استخدام کارشناسان خارجی توسط دولت تنها در موارد ضرورت و با تصویب مجلس شورای اسلامی مجاز است و واگذاری این اختیار به هیئت وزیران مغایر قانون اساسی محسوب می‌شود."",""answer"":""3"",""confidence"":4}",
139,deepseek/deepseek-v3.2-exp,1,4,بر اساس ماده ۱۰۲ قانون تشکیلات، وظایف و انتخابات شوراهای اسلامی کشور و انتخابات شهرداران، فرماندار در صورت مشاهده مغایرت مصوبه با قوانین و مقررات، باید آن را به هیئت تطبیق مصوبات اعلام کند. این مصوبه با محدود کردن استخدام به افراد بومی، خارج از حدود اختیارات شورا بوده و مغایر قانون است.,6117,665,110,775,287,53,"{""explanation"":""بر اساس ماده ۱۰۲ قانون تشکیلات، وظایف و انتخابات شوراهای اسلامی کشور و انتخابات شهرداران، فرماندار در صورت مشاهده مغایرت مصوبه با قوانین و مقررات، باید آن را به هیئت تطبیق مصوبات اعلام کند. این مصوبه با محدود کردن استخدام به افراد بومی، خارج از حدود اختیارات شورا بوده و مغایر قانون است."",""answer"":""1"",""confidence"":4}",
140,deepseek/deepseek-v3.2-exp,4,4,اصل ۱۶۸ قانون اساسی جمهوری اسلامی ایران صراحتاً به شرایط اعضای هیئت منصفه، نحوه انتخاب و اختیارات آن اشاره کرده است، اما در مورد نحوه نظارت بر هیئت منصفه در جرایم سیاسی و مطبوعاتی تصریحی وجود ندارد.,5619,513,84,597,198,37,"{""explanation"":""اصل ۱۶۸ قانون اساسی جمهوری اسلامی ایران صراحتاً به شرایط اعضای هیئت منصفه، نحوه انتخاب و اختیارات آن اشاره کرده است، اما در مورد نحوه نظارت بر هیئت منصفه در جرایم سیاسی و مطبوعاتی تصریحی وجود ندارد."",""answer"":""4"",""confidence"":4}",
