law_code	law_name	section	chapter	topic	article_number	text
divan_edalat_edari	قانون دیوان عدالت اداری	بخش اول- تشکیلات			1	ماده 1- در اجرای اصل یکصد و هفتاد و سوم (173) قانون اساسی جمهوری اسلامی ایران به منظور رسیدگی به شکایات، تظلّمات و اعتراضات مردم نسبت به مأموران، واحدها و آیین نامه های دولتی خلاف قانون یا شرع یا خارج از حدود اختیارات مقام تصویب کننده، دیوان عدالت اداری که در این قانون به اختصار «دیوان» نامیده می شود زیرنظر رئیس قوه قضائیه تشکیل می گردد.
divan_edalat_edari	قانون دیوان عدالت اداری	بخش اول- تشکیلات			2	ماده 2- دیوان در تهران مستقر است و متشکل از شعب بدوی، تجدیدنظر، هیأت عمومی و هیأتهای تخصصی می باشد. تشکیلات قضائی، اداری و تعداد شعب دیوان با تصویب رئیس قوه قضائیه تعیین می شود.
divan_edalat_edari	قانون دیوان عدالت اداری	بخش اول- تشکیلات			2	ماده 2- دیوان در تهران مستقر است و متشکل از شعب بدوی، تجدیدنظر، هیئت عمومی و هیئت‌های تخصصی می‌باشد. تشکیلات قضایی، اداری و تعداد شعب دیوان و سازماندهی آنها در قالب معاونت‌های تخصصی با تصویب رئیس قوه قضائیه تعیین می‌شود. تبصره - رئیس دیوان عدالت اداری می‌تواند پیشنهادات خود را به رئیس قوه قضائیه ارائه نماید.
divan_edalat_edari	قانون دیوان عدالت اداری	بخش اول- تشکیلات			3	ماده 3- هر شعبه بدوی دیوان از یک رئیس یا دادرس علی البدل و هر شعبه تجدیدنظر از یک رئیس و دو مستشار تشکیل می شود. شعبه تجدیدنظر با حضور دو عضو رسمیت می یابد و ملاک صدور رأی، نظر اکثریت است. آراء شعب تجدیدنظر دیوان قطعی است. تبصره 1 (اصلاحی 1402/2/10)- چنانچه جلسه شعبه تجدیدنظر با حضور دو عضو رسمیت یابد و هنگام صدور رای اختلاف نظر حاصل شود، یک عضو مستشار توسط رئیس دیوان به آنان اضافه می‌شود در صورت عدم حضور رئیس شعبه تجدیدنظر، اداره شعبه به عهده عضو مستشاری است که سابقه قضائی بیشتری دارد. تبصره 2 (الحاقی 1402/2/10)- شکایات و اعتراضات اشخاص حقیقی و حقوقی اعم از عمومی و خصوصی از آراء و تصمیمات مراجع اختصاصی اداری موضوع بند (2) ماده (10) این قانون مستقیماً در شعب تجدیدنظر مطرح و مورد رسیدگی قرار می‌گیرد، رأی صادره قطعی است. سایر شکایات و اعتراضات در شعب بدوی رسیدگی می‌شود. پس از لازم الاجرا شدن این قانون پرونده های موجود در شعب بدوی و تجدیدنظر مطابق صلاحیت زمان ثبت دادخواست رسیدگی می‌شود. تبصره 3 (الحاقی 1402/2/10 )- مقصود از مراجع اختصاصی اداری کلیه مراجع و هیأت هایی است که به موجب قوانین و مقررات قانونی، خارج از مراجع قضائی تشکیل می شوند و اقدام به رسیدگی به اختلافات، تخلفات و شکایاتی می کنند که در صلاحیت آنها قرار داده شده است؛ نظیر هیأت های رسیدگی به تخلفات اداری، کمیسیون های مواد (99) و (100) قانون شهرداری مصوب 11/4/1334 با اصلاحات و الحاقات بعدی، هیأت‌های حل اختلاف مالیاتی، هیأت‌های حل اختلاف کارگر و کارفرما و کمیسیون‌ها و هیأت‌هایی که به موجب قوانین و مقررات قانونی تشخیص موضوعاتی از قبیل صلاحیت‌های علمی، تخصصی، امنیتی و گزینشی به عهده آنها واگذار شده باشد.
divan_edalat_edari	قانون دیوان عدالت اداری	بخش اول- تشکیلات			4	ماده 4- قضات دیوان با حکم رئیس قوه قضائیه منصوب می شوند و باید دارای هفت سال سابقه کار قضائی باشند. رئیس دیوان عدالت اداری می‌تواند قضات واجد شرایط را به رئیس قوه قضائیه پیشنهاد نماید. تبصره (اصلاحی 1402/2/10)- وجود شرط سابقه مذکور در این ماده در خصوص قضات و یا حائزین منصب قضا که مطابق مقررات استخدامی قضات جذب می‌شوند و دارای مدرک دکترای حقوق با اولویت حقوق عمومی و سایر گرایش‌های مورد نیاز دیوان می‌باشند، الزامی نیست و حسب مورد پس از گذراندن دوره‌های کارآموزی عمومی و تخصصی متناسب با صلاحیت و وظایف دیوان عدالت اداری، با ابلاغ رئیس قوه قضائیه به سمت دادرس علی البدل دیوان عدالت اداری منصوب می‌شوند. چگونگی جذب و نحوه و مدت کارآموزی عمومی و تخصصی آنها بر اساس دستورالعملی است که به‌تصویب رئیس قوه قضائیه می‌رسد. رئیس دیوان عدالت اداری می‌تواند پیشنهادات خود را در این خصوص به رئیس قوه قضائیه ارائه کند. دستورالعمل اجرایی موضوع تبصره ماده 4 قانون دیوان عدالت اداری
divan_edalat_edari	قانون دیوان عدالت اداری	بخش اول- تشکیلات			5	ماده 5- رئیس دیوان با رعایت شرایط مذکور در ماده (4) علاوه بر ریاست اداری و نظارت بر کلیه قسمت‌های دیوان، ریاست شعبه اول تجدیدنظر را نیز بر عهده دارد و می‌تواند از بین معاونین قضائی یک نفر را به عنوان معاون اول انتخاب نماید. تبصره (الحاقی 1402/2/10)- رئیس دیوان می‌تواند وظایف و اختیارات خود، به غیر از اختیارات خاص موضوع مواد (2)، (4)، (7)، (19)، (47)، (79) و (84)، تبصره (2) ماده (85)، مواد (87)، (91) و (120) این قانون را، حسب مورد در امور قضائی به معاونین قضائی و در امور غیرقضائی به هر یک از معاونین خود تفویض نماید.
divan_edalat_edari	قانون دیوان عدالت اداری	بخش اول- تشکیلات			6	ماده 6- به منظور تسهیل در دسترسی مردم به خدمات دیوان، دفاتر اداری دیوان در محل دادگستری یا دفاتر بازرسی کل کشور در هر یک از مراکز استانها تأسیس می‌گردد. این دفاتر وظایف زیر را به عهده دارند: الف - راهنمایی و ارشاد مراجعان ب - پذیرش و ثبت دادخواستها و درخواستهای شاکیان پ - ابلاغ نسخه دوم شکایات یا آراء صادر شده از سوی دیوان در حوزه آن دفتر که از طریق نمابر یا پست الکترونیکی یا به هر طریق دیگری از دیوان دریافت کرده اند. ت - انجام دستورات واحد اجرای احکام دیوان در حوزه مربوط به آن دفتر تبصره (الحاقی 1402/2/10)- در صورت ارائه الکترونیکی خدمات مذکور به مردم و دستگاه‌های اجرائی به نحوی که با تشخیص رئیس قوه قضائیه وجود این دفاتر در برخی از استان‌ها ضرورت نداشته باشد، دفتر منحل و کارکنان شاغل آن در صورت تمایل به دیوان عدالت اداری در تهران و در غیر اینصورت به دادگستری محل، منتقل می‌گردند. رئیس دیوان عدالت اداری می‌تواند پیشنهادات خود را در این خصوص به رئیس قوه قضائیه ارائه کند.
divan_edalat_edari	قانون دیوان عدالت اداری	بخش اول- تشکیلات			7	ماده 7- دیوان می‌تواند جهت اعلام نظر در امور تخصصی، حسب مورد از کارشناسانی در رشته‌های مختلف که دارای مدرک کارشناسی با حداقل ده سال سابقه یا دارای حداقل مدرک کارشناسی ارشد با حداقل پنج سال سابقه در رشته مورد نیاز می‌باشند، بدون ایجاد تعهد استخدامی استفاده نماید. آیین نامه نحوه به‌کارگیری و پرداخت حق الزحمه این افراد ظرف شش ماه پس از ابلاغ این قانون به‌تصویب رئیس قوه قضائیه می رسد. رئیس دیوان عدالت اداری می‌تواند پیشنهادات خود را در این خصوص به رئیس قوه قضائیه ارائه کند. در صورت نیاز هریک از شعب به مشاوره و کارشناسی، به درخواست شعبه یا به تشخیص رئیس دیوان، کارشناس مشاور توسط رئیس دیوان به شعبه معرفی می‌شود. در این صورت کارشناس پس از بررسی موضوع، نتیجه را به طور مکتوب به شعبه ارائه می‌کند تا در پرونده درج شود. قاضی شعبه با ملاحظه نظر وی مبادرت به صدور رای می‌نماید.» تبصره (اصلاحی 1402/2/10)[2]- چنانچه به تشخیص رئیس دیوان، موضوعات جدیدی مطرح و مورد شکایت قرار گیرد که پیش بینی می‌شود اشخاص متعدد دیگری نیز شکایت مشابه آن را مطرح نمایند یا دارای ابعاد گسترده اداری یا اجتماعی می‌باشد؛ موضوع همزمان با ارجاع به شعب، به گروهی از کارشناسان متخصص یا هیأت تخصصی مربوط جهت بررسی مقدماتی و ارائه نظریه مشورتی ارجاع می‌شود تا حداکثر ظرف یک ماه اعلام نظر نمایند و شعب رسیدگی کننده با ملاحظه نظریه مشورتی مذکور نسبت به صدور رأی اقدام کنند. عدم اعلام نظریه مشورتی در مهلت مقرر مانع از صدور رأی پس از خاتمه مهلت نیست. آیین نامه نحوه بکارگیری و پرداخت حق الزحمه کارشناسان موضوع ماده 7 قانون دیوان عدالت اداری
divan_edalat_edari	قانون دیوان عدالت اداری	بخش اول- تشکیلات			8	ماده 8- هیأت عمومی دیوان عدالت اداری متشکل از رئیس، معاونین قضائی، رؤسای هیأت‌های تخصصی و رؤسا و مستشاران شعب تجدیدنظر و رؤسای شعب بدوی می‌باشد که با حضور دوسوم اعضاء و به ریاست رئیس دیوان یا یکی از معاونین قضائی با انتخاب رئیس دیوان رسمیت می‌یابد و ملاک صدور رأی در آن، نظر اکثریت اعضای حاضر می‌باشد. در رسیدگی به موارد موضوع مواد (89) و (90) این قانون، قضات صادرکننده دادنامه‌ها با داشتن حق رأی می‌توانند در جلسات هیأت عمومی شرکت نمایند. تبصره (اصلاحی 1402/2/10)- سایر قضات دیوان و یا کارشناسان امر حسب مورد با دعوت رئیس دیوان یا رئیس هیأت تخصصی، بدون داشتن حق رأی می‌توانند در جلسات هیأت عمومی یا هیأت تخصصی شرکت کنند و در صورت لزوم نظرات خود را ارائه نمایند.
divan_edalat_edari	قانون دیوان عدالت اداری	بخش اول- تشکیلات			9	ماده 9- واحد اجرای احکام دیوان زیر نظر رئیس دیوان یا معاون وی، انجام وظیفه می نماید که از تعداد کافی، دادرس اجرای احکام، مدیر دفتر و کارمند برخوردار است.
divan_edalat_edari	قانون دیوان عدالت اداری	بخش دوم - آیین دادرسی	فصل اول - صلاحیت		10	ماده 10- صلاحیت و حدود اختیارات دیوان به قرار زیر است: 1- رسیدگی به شکایات و تظلّمات و اعتراضات اشخاص حقیقی یا حقوقی از: الف - تصمیمات و اقدامات واحدهای دولتی اعم از وزارتخانه ها و سازمانها و مؤسسات و شرکتهای دولتی و شهرداری‌ها و سازمان تأمین اجتماعی و تشکیلات و نهادهای انقلابی و مؤسسات وابسته به آنها ب - تصمیمات و اقدامات مأموران واحدهای مذکور در بند «الف» در امور راجع به وظایف آنها 2 - رسیدگی به اعتراضات و شکایات از آراء و تصمیمات قطعی هیأتهای رسیدگی به تخلفات اداری و کمیسیون‌هایی مانند کمیسیون‌های مالیاتی، هیأت حل‌اختلاف کارگر و کارفرما، کمیسیون موضوع ماده ( 100 ) قانون شهرداری‌ها منحصراً از حیث نقض قوانین و مقررات یا مخالفت با آنها 3- رسیدگی به شکایات قضات و مشمولان قانون مدیریت خدمات کشوری و سایر مستخدمان واحدها و مؤسسات مذکور در بند (1) و مستخدمان مؤسساتی که شمول این قانون نسبت به آنها محتاج ذکر نام است اعم از لشکری و کشوری از حیث تضییع حقوق استخدامی تبصره 1(اصلاحی 1402/2/10)- رسیدگی به دعاوی مطالبه خسارت در صلاحیت دادگاه عمومی است. لیکن در مواردی که مطالبه خسارت ناشی از تخلف در اجرای وظایف قانونی و اختصاصی یا ترک فعل از انجام وظایف مذکور از سوی واحدهای دولتی یا دستگاه‌های مذکور در بندهای (1) و (2) این ماده و مأمورین واحدها و دستگاه‌های یادشده باشد، موضوع در دیوان عدالت اداری مطرح و شعبه دیوان ضمن رسیدگی به احراز وقوع تخلف نسبت به اصل مطالبه خسارت و تعیین خسارت وارده اقدام و حکم مقتضی صادر می‌نماید. تبصره 2 - تصمیمات و آراء دادگاهها و سایر مراجع قضائی دادگستری و نظامی و دادگاههای انتظامی قضات دادگستری و نیروهای مسلح قابل شکایت در دیوان عدالت اداری نمی باشد. تبصره 3 (الحاقی 1402/2/10)- رسیدگی به شکایات و اعتراضات اشخاص حقیقی و حقوقی از وقوع تخلف و عدم رعایت قوانین و مقررات در مراحل انعقاد قرارداد توسط دستگاه‌های اجرائی در صلاحیت شعب دیوان عدالت اداری است، لیکن رسیدگی به دعاوی ناشی از اجرای قرارداد فی مابین طرفین در صلاحیت دیوان نیست.
divan_edalat_edari	قانون دیوان عدالت اداری	بخش دوم - آیین دادرسی	فصل اول - صلاحیت		11	ماده 11- در صورتی که تصمیمات و اقدامات موضوع شکایت، موجب تضییع حقوق اشخاص شده باشد، شعبه رسیدگی کننده، حکم بر نقض رأی یا لغو اثر از تصمیم و اقدام مورد شکایت یا الزام طرف شکایت به اعاده حقوق تضییع‌شده، صادر می نماید. تبصره (اصلاحی 1402/2/10) - پس از صدور حکم و قطعیت آن بر اساس این ماده، مرجع محکوم‌علیه علاوه بر اجرای حکم، مکلف است در موارد مشابهی که با حکم صادره وحدت موضوع دارد، مفاد حکم صادره را در تصمیمات و اقدامات بعدی خود رعایت کند، مشروط بر اینکه با تشخیص رئیس دیوان، رأی معارض قطعی با آن، توسط همان شعبه یا شعب دیگر صادر نشده باشد.
divan_edalat_edari	قانون دیوان عدالت اداری	بخش دوم - آیین دادرسی	فصل اول - صلاحیت		12	ماده 12- حدود صلاحیت و وظایف هیأت عمومی دیوان به شرح زیر است: 1 - رسیدگی به شکایات، تظلّمات و اعتراضات اشخاص حقیقی یا حقوقی از آیین‌نامه ها و سایر نظامات و مقررات دولتی و شهرداری‌ها و مؤسسات عمومی غیردولتی در مواردی که مقررات مذکور به علت مغایرت با شرع یا قانون و یا عدم صلاحیت مرجع مربوط یا تجاوز یا سوءاستفاده از اختیارات یا تخلف در اجرای قوانین و مقررات یا خودداری از انجام وظایفی که موجب تضییع حقوق اشخاص می شود. 2 - صدور رأی وحدت رویه در موارد مشابه که آراء متعارض از شعب دیوان صادر شده باشد. 3 - صدور رأی ایجاد رویه که در موضوع واحد، آراء مشابه متعدد از شعب دیوان صادر شده باشد. تبصره 1- رسیدگی به تصمیمات قضائی قوه قضائیه و صرفاً آیین نامه ها، بخشنامه ها و تصمیمات رئیس قوه قضائیه و مصوبات و تصمیمات شورای نگهبان، مجمع تشخیص مصلحت نظام، مجلس خبرگان و شورای عالی امنیت ملی از شمول این ماده خارج است. تبصره 2(الحاقی 1402/2/10)- رسیدگی به مصوبات شورای عالی انقلاب فرهنگی و شورای عالی فضای مجازی درحوزه تحت صلاحیت این نهادها از شمول حکم این ماده خارج است، لیکن رسیدگی به مصوبات و تصمیمات زیرمجموعه های شوراهای مذکور از قبیل هیأت (کمیسیون)ها، کارگروه (کمیته)ها، شوراها و ستادها در صلاحیت دیوان عدالت اداری قرار می‌گیرد.
divan_edalat_edari	قانون دیوان عدالت اداری	بخش دوم - آیین دادرسی	فصل اول - صلاحیت		13	ماده 13- اثر ابطال مصوبات از زمان صدور رأی هیأت عمومی است مگر در مورد مصوبات خلاف شرع یا در مواردی که به منظور جلوگیری از تضییع حقوق اشخاص، هیأت مذکور اثر آن را به زمان تصویب مصوبه مترتب نماید.
divan_edalat_edari	قانون دیوان عدالت اداری	بخش دوم - آیین دادرسی	فصل اول - صلاحیت		14	ماده 14- در موارد اختلاف در صلاحیت، بین شعب بدوی و تجدیدنظر، رأی شعبه تجدیدنظر و در موارد اختلاف بین شعب و هیأت عمومی، نظر هیأت عمومی متّبع است. تبصره(الحاقی 1402/2/10)- مرجع حل اختلاف در صلاحیت بین شعب دیوان عدالت اداری و سایر مراجع قضائی، دیوان عالی کشور است. شعبه رسیدگی‌کننده در دیوان عالی کشور پس از اخذ نظر مشورتی نماینده قضائی رئیس دیوان که از بین قضات دیوان عدالت اداری انتخاب می‌شود، در موضوع، اتخاذ تصمیم می‌کند. نماینده مذکور مکلف است ظرف یک‌ماه از زمان درخواست، نظر مشورتی خود را اعلام کند. در صورت عدم اعلام نظر مشورتی، شعبه دیوان عالی کشور مجاز به اتخاذ تصمیم است.
divan_edalat_edari	قانون دیوان عدالت اداری	بخش دوم - آیین دادرسی	فصل اول - صلاحیت		15	ماده 15- صدور حکم اصلاحی، رفع ابهام و اشکال، دستور اجرای حکم و هرگونه اقدامی که مستلزم تصمیم‌گیری مجدد است، به عهده شعبه صادرکننده رای قطعی است.
divan_edalat_edari	قانون دیوان عدالت اداری	بخش دوم - آیین دادرسی	فصل دوم - ترتیب رسیدگی	مبحث اول - رسیدگی در شعب بدوی	16	ماده 16- رسیدگی در شعب دیوان، مستلزم تقدیم دادخواست است. دادخواست باید به زبان فارسی روی برگه های مخصوص، تنظیم شود. تبصره 1- پرونده‌هایی که با صدور قرار عدم صلاحیت، از مراجع قضائی دیگر به دیوان ارسال می شود، نیازی به تقدیم دادخواست و پرداخت هزینه دادرسی ندارد. تبصره 2- از زمان تصویب این قانون، مهلت تقدیم دادخواست، راجع به موارد موضوع بند(2) ماده(10) این قانون، برای اشخاص داخل کشور سه ماه و برای افراد مقیم خارج از کشور، شش ماه از تاریخ ابلاغ رأی یا تصمیم قطعی مرجع مربوط مطابق قانون آیین دادرسی دادگاههای عمومی و انقلاب (در امور مدنی) است. مراجع مربوط مکلفند در رأی یا تصمیم خود تصریح نمایند که رأی یا تصمیم آنها ظرف مدت مزبور در دیوان قابل اعتراض است. در مواردی که ابلاغ، واقعی نبوده و ذی‌نفع ادعای عدم اطلاع از آن را بنماید شعبه دیوان در ابتداء به موضوع ابلاغ رسیدگی می نماید. در مواردی که به موجب قانون سابق، اشخاصی قبلاً حق شکایت در مهلت بیشتری داشته‌اند، مهلت مذکور، ملاک محاسبه است. تبصره 3(الحاقی 1402/2/10)- از تاریخ لازم الاجرا شدن این قانون تصمیمات و اقدامات دستگاه ها و مأمورین موضوع بندهای (1) و (3) ماده (10) این قانون ظرف شش ماه از تاریخ ابلاغ به اشخاص مقیم داخل کشور و یکسال برای اشخاص مقیم خارج از کشور قابل شکایت در دیوان عدالت اداری است. در صورتی که احراز شود شخص ذینفع، معاذیر قانونی یا شرعی داشته است، مدت زمان معذوریت به مهلت‌‌های مذکور در این تبصره، اضافه می شود. تبصره 4(الحاقی 1402/2/10)- دستگاه ها و مأمورین موضوع بندهای (1) و (3) ماده (10) این قانون مکلفند هر گونه تصمیم و اقدام قطعی خود را که در مورد اشخاص ذی‌نفع اتخاذ می نمایند، به آنها ابلاغ کنند. در مواردی که اشخاص ذی‌نفع تقاضای انجام امر اداری یا خودداری از انجام آن را دارند، ابتدا باید تقاضای خود را به دستگاه مربوط ارائه دهند و آن دستگاه مکلف است ضمن ثبت درخواست و ارائه رسید، حداکثر ظرف سه ماه به صورت کتبی پاسخ قطعی را (نفیاً یا اثباتاً) به ذی‌نفع ابلاغ نماید مگر اینکه در سایر قوانین ظرف زمانی معینی برای پاسخگویی دستگاه‌ها و مأمورین مذکور مشخص شده باشد یا فوریت موضوع، اقتضای زمان کوتاه‌تری را داشته باشد. چنانچه با انقضای مهلت مذکور، آن دستگاه از ابلاغ پاسخ مقتضی خودداری نماید، ذی‌نفع می‌تواند با رعایت مواعد مذکور در تبصره (3) این ماده از زمان انقضای مهلت پاسخ و معاذیر قانونی یا شرعی، در دیوان طرح شکایت کند. عدم پاسخگویی و استنکاف از ثبت درخواست و ارائه رسید به اشخاص متقاضی، تخلف اداری محسوب می شود و چنانچه شاکی خواسته خود را از طریق اظهارنامه قانونی یا طرق قابل اثبات دیگری به دستگاه ذی‌ربط ارسال نموده باشد، مبدأ محاسبه مهلت مقرر از زمان وصول این درخواست می‌باشد. تبصره 5(الحاقی 1402/2/10)- تصمیمات و اقدامات دستگاه‌ها و مأموران موضوع بندهای (1) و (3) ماده (10) این قانون که قبل از لازم‌الاجرا شدن این قانون به ذینفع ابلاغ یا اعلام شده و یا وی به هر نحوی از آن اطلاع یافته و تا تاریخ مذکور نسبت به آن تصمیم یا اقدام در دیوان طرح شکایت ننموده است، ظرف شش ماه از تاریخ لازم الاجرا شدن این قانون، قابل شکایت در دیوان می‌باشد. در صورتی که احراز شود شخص ذی‌نفع، معاذیر قانونی یا شرعی داشته است، مدت زمان معذوریت به مهلت مذکور در این تبصره، اضافه می‌شود.
divan_edalat_edari	قانون دیوان عدالت اداری	بخش دوم - آیین دادرسی	فصل دوم - ترتیب رسیدگی	مبحث اول - رسیدگی در شعب بدوی	17	ماده 17- شعب دیوان به شکایتی رسیدگی می کنند که شخص ذینفع یا وکیل یا قائم مقام یا نماینده قانونی وی، رسیدگی به شکایت را برابر قانون، درخواست کرده باشد. تبصره 1(الحاقی 1402/2/10)- دادستانی کل کشور، سازمان بازرسی کل کشور و دیوان محاسبات کشور در حدود اختیارات قانونی خود، صلاحیت طرح شکایت نسبت به موضوعاتی که متضمن تضییع حقوق عمومی است و رسیدگی به آن برابر ماده (10) این قانون در صلاحیت دیوان عدالت اداری قرار دارد را دارند. این مراجع از پرداخت هزینه دادرسی معافند و حق تجدیدنظرخواهی دارند و رسیدگی به شکایت مذکور با رعایت مصادیق اهم لازم الرعایه خارج از نوبت انجام می‌شود. تبصره 2(الحاقی 1402/2/10)- سازمان‌های مردم نهادی که موضوع فعالیت آنها طبق اساسنامه مربوط، در زمینه حمایت از حقوق عامه از قبیل امر به معروف و نهی از منکر و موضوعات محیط زیستی، منابع طبیعی، میراث فرهنگی، بهداشت عمومی و حمایت از حقوق شهروندی است، می‌توانند در خصوص موضوعات تخصصی مرتبط با فعالیت خود، نسبت به غیرقانونی بودن تصمیمات و اقدامات یا خودداری از انجام وظیفه مقامات و مراجع موضوع ماده (10) این قانون که متضمن تضییع حقوق عمومی است در دیوان طرح شکایت کنند و حق تجدیدنظرخواهی دارند.
divan_edalat_edari	قانون دیوان عدالت اداری	بخش دوم - آیین دادرسی	فصل دوم - ترتیب رسیدگی	مبحث اول - رسیدگی در شعب بدوی	18	ماده 18- دادخواست باید حاوی نکات زیر باشد: الف - مشخصات شاکی 1- نام و نام خانوادگی، نام پدر، تاریخ تولد، کد ملی، شغل، تابعیت و اقامتگاه برای اشخاص حقیقی 2- نام، شماره ثبت، اقامتگاه اصلی و شماره تلفن تماس برای اشخاص حقوقی ب - مشخصات طرف شکایت 1- نام و نام خانوادگی، سمت و نشانی دقیق محل کار مأمور دولت درصورت امکان 2- نام کامل دستگاههای موضوع ماده(10) این قانون پ - نام و نام خانوادگی و اقامتگاه وکیل یا قائم مقام و یا نماینده قانونی شاکی، در صورت تقدیم دادخواست توسط آنان ت - موضوع شکایت و خواسته ث - شرح شکایت ج - مدارک و دلایل مورد استناد چ - امضاء یا اثر انگشت شاکی یا وکیل یا قائم مقام و یا نماینده قانونی وی و یا امضاء و مهر شخص حقوقی ذیل دادخواست ح - مدرک اثبات کننده سمت برای اشخاص حقوقی و نمایندگان قانونی تبصره - شاکی می تواند علاوه بر نشانی پستی، نشانی پست الکترونیکی یا شماره تلفن همراه یا نمابر خود را به‌منظور ابلاغ اوراق اعلام نماید که در این‌صورت امر ابلاغ به یکی از طرق مزبور کافی است.
divan_edalat_edari	قانون دیوان عدالت اداری	بخش دوم - آیین دادرسی	فصل دوم - ترتیب رسیدگی	مبحث اول - رسیدگی در شعب بدوی	19	ماده 19- هزینه دادرسی در شعب بدوی دیوان، دویست هزار (200/000) ریال و در شعب تجدیدنظر چهارصد هزار (400/000) ریال است. تبصره - مبلغ مذکور در این ماده به تناسب نرخ تورم اعلام شده به وسیله بانک مرکزی جمهوری اسلامی ایران هر سه سال یک بار به پیشنهاد رئیس دیوان و تأیید رئیس قوه قضائیه و تصویب هیأت وزیران قابل تعدیل می باشد.
divan_edalat_edari	قانون دیوان عدالت اداری	بخش دوم - آیین دادرسی	فصل دوم - ترتیب رسیدگی	مبحث اول - رسیدگی در شعب بدوی	20	ماده 20- شاکی باید رونوشت یا تصویر خوانا و گواهی‌شده اسناد و مدارک مورد استناد خود را پیوست دادخواست نماید. تبصره 1- تصویر یا رونوشت مدارک باید به وسیله دبیرخانه و یا دفاتر شعب دیوان و یا دفاتر اداری مستقر در مراکز استانها و یا دفاتر دادگاههای عمومی، دفاتر اسناد رسمی، وکیل شاکی یا واحدهای دولتی و عمومی تصدیق شود. در صورتی که رونوشت یا تصویر سند، خارج از کشور تهیه شده باشد، مطابقت آن با اصل، باید در دفتر یکی از سفارتخانه ها یا کنسولگری ها و یا دفاتر نمایندگی های جمهوری اسلامی ایران، گواهی شود. تبصره 2- در مواردی که تصدیق اسناد و مدارک مربوط به واحدهای دولتی و عمومی از سوی شاکی ممکن نباشد و یا این که اساساً شاکی نتواند تصویری از آنها ارائه نماید، دیوان مکلف به پذیرش دادخواست است و باید تصویر مصدق اسناد را از دستگاه مربوطه مطالبه نماید.
divan_edalat_edari	قانون دیوان عدالت اداری	بخش دوم - آیین دادرسی	فصل دوم - ترتیب رسیدگی	مبحث اول - رسیدگی در شعب بدوی	21	ماده 21- در صورتی‌که سند به زبان فارسی نباشد، علاوه بر تصویر یا رونوشت گواهی‌شده، ترجمه گواهی‌شده آن نیز باید پیوست شود. صحت ترجمه و مطابقت تصویر یا رونوشت با اصل، باید به وسیله مترجمان رسمی یا سفارتخانه ها یا کنسولگری‌ها و یا دفاتر نمایندگیهای جمهوری اسلامی ایران در خارج از کشور، گواهی شود.
divan_edalat_edari	قانون دیوان عدالت اداری	بخش دوم - آیین دادرسی	فصل دوم - ترتیب رسیدگی	مبحث اول - رسیدگی در شعب بدوی	22	ماده 22- هرگاه دادخواست توسط وکیل یا قائم مقام و یا نماینده قانونی شاکی تقدیم شده باشد، باید تصویر یا رونوشت گواهی شده سند مثبِت سمت دادخواست دهنده نیز ضمیمه گردد.
divan_edalat_edari	قانون دیوان عدالت اداری	بخش دوم - آیین دادرسی	فصل دوم - ترتیب رسیدگی	مبحث اول - رسیدگی در شعب بدوی	23	ماده 23- دادخواست و ضمایم آن باید به تعداد طرف شکایت به اضافه یک نسخه تهیه شود. پذیرش دادخواست در شعب بدوی، تجدیدنظر و هیأت عمومی دیوان به یکی از روش‌های زیر امکان‌پذیر است: 1- ثبت از طریق سامانه‌های الکترونیکی قضائی 2- ثبت در دفاتر استانی دیوان 3- ثبت در دبیرخانه مرکزی دیوان تاریخ ثبت دادخواست در هر یک از مراجع مذکور تاریخ تقدیم دادخواست است. تبصره (الحاقی 1402/2/10)- دیوان می‌تواند در ارائه خدمات قضائی در تمام مراحل اعم از پذیرش دادخواست، تبادل لوایح، رسیدگی و صدور رای و ابلاغ و اجرای احکام از مقررات حاکم بر رسیدگی الکترونیکی موضوع ماده (655) قانون آیین دادرسی کیفری الحاقی مصوب 8/7/1393 و سایر قوانین و مقررات مربوط استفاده نماید. در این موارد مراجع رسیدگی کننده در دیوان ترتیبات مقرر در رسیدگی الکترونیکی را ملاک عمل قرار می‌دهند.
divan_edalat_edari	قانون دیوان عدالت اداری	بخش دوم - آیین دادرسی	فصل دوم - ترتیب رسیدگی	مبحث اول - رسیدگی در شعب بدوی	24	ماده 24- دبیرخانه دیوان یا دفاتر اداری آن مستقر در مراکز استانها مکلفند دادخواستهای واصل شده را به ترتیب وصول، ثبت نموده و رسیدی مشتمل بر شماره و تاریخ ثبت، نام شاکی و طرف شکایت، به شاکی، وکیل یا قائم مقام و یا نماینده قانونی وی، تسلیم کنند.
divan_edalat_edari	قانون دیوان عدالت اداری	بخش دوم - آیین دادرسی	فصل دوم - ترتیب رسیدگی	مبحث اول - رسیدگی در شعب بدوی	25	ماده 25- دبیرخانه دیوان مکلف است قبل از ارسال پرونده جهت ارجاع با مراجعه به سوابق امر، چنانچه موردی حاکی از طرح قبلی شکایت وجود داشته باشد، مشخصات آن را به برگه دادخواست ضمیمه نماید.
divan_edalat_edari	قانون دیوان عدالت اداری	بخش دوم - آیین دادرسی	فصل دوم - ترتیب رسیدگی	مبحث اول - رسیدگی در شعب بدوی	26	ماده 26- دادخواست های ثبت شده، توسط رئیس دیوان یا معاون وی به شعبه ارجاع میشود.
divan_edalat_edari	قانون دیوان عدالت اداری	بخش دوم - آیین دادرسی	فصل دوم - ترتیب رسیدگی	مبحث اول - رسیدگی در شعب بدوی	27	ماده 27- چنانچه دادخواست، فاقد نام و نام خانوادگی شاکی یا اقامتگاه وی باشد، به موجب قرار مدیر دفتر شعبه، رد می شود. این قرار قطعی است، ولی صدور آن، مانع طرح مجدد شکایت نیست. چنانچه طرح دعوای مجدد مستلزم رعایت زمان مشخص باشد از زمان اطلاع محاسبه می شود.
divan_edalat_edari	قانون دیوان عدالت اداری	بخش دوم - آیین دادرسی	فصل دوم - ترتیب رسیدگی	مبحث اول - رسیدگی در شعب بدوی	28	ماده 28- به جز موارد مذکور در ماده (27) این قانون چنانچه دادخواست از جهت شرایط مقرر در مواد (18) تا (23) این قانون نقص داشته باشد، مدیر دفتر شعبه ظرف دو روز نقایص دادخواست را طی اخطاریه ای به طور مستقیم یا از طریق دفاتر مستقر در مراکز استان ها یا ابلاغ الکترونیکی به شاکی اعلام می کند. شاکی از تاریخ ابلاغ اخطاریه ده روز فرصت رفع نقص دارد و چنانچه در مهلت مذکور اقدام به رفع نقص ننماید دادخواست به موجب قرار مدیر دفتر یا جانشین او رد می شود. چنانچه احراز شود شاکی معاذیر قانونی یا شرعی داشته، مدت معذوریت به مواعد مقرر در این ماده، اضافه می‌شود. این قرار ظرف ده روز از تاریخ ابلاغ قابل اعتراض در همان شعبه دیوان است. رسیدگی به اعتراض به قرار دادخواست در شعبه مربوط به عمل می آید. پس از صدور رأی توسط قاضی شعبه، مراتب توسط مدیر دفتر شعبه به معترض ابلاغ می شود. این رأی قطعی است ولی رد دادخواست مانع از طرح مجدد شکایت نیست. چنانچه طرح شکایت مجدد مستلزم رعایت زمان مشخص باشد، باقیمانده مهلت مقرر، حسب مورد، از زمان قطعیت قرار مدیر دفتر یا ابلاغ رأی قاضی، محاسبه می شود.
divan_edalat_edari	قانون دیوان عدالت اداری	بخش دوم - آیین دادرسی	فصل دوم - ترتیب رسیدگی	مبحث اول - رسیدگی در شعب بدوی	29	ماده 29- پس از ارجاع دادخواست به شعبه، مدیر دفتر شعبه آن را پس از تکمیل بلافاصله در اختیار قاضی شعبه قرار می دهد. قاضی شعبه دیوان در صورت احراز صلاحیت و کامل بودن پرونده، آن را با صدور دستور ارسال یک نسخه از دادخواست و ضمائم آن به طرف شکایت، به دفتر اعاده می کند تا پس از ابلاغ دادخواست و ضمائم آن به طرف شکایت، در جریان رسیدگی قرار گیرد.
divan_edalat_edari	قانون دیوان عدالت اداری	بخش دوم - آیین دادرسی	فصل دوم - ترتیب رسیدگی	مبحث اول - رسیدگی در شعب بدوی	30	ماده 30- طرف شکایت موظف است ظرف یک ماه از تاریخ ابلاغ، نسبت به ارسال پاسخ اقدام کند. عدم وصول پاسخ، مانع رسیدگی نیست و شعبه با توجه به مدارک موجود، به پرونده رسیدگی و مبادرت به صدور رأی می نماید. تبصره - در صورتی که طرف شکایت بدون عذر موجه از دادن پاسخ در موعد مقرر در این ماده خودداری نماید شعبه رسیدگی‌کننده، متخلف را به سه ماه تا یک سال انفصال از خدمت محکوم می نماید. این حکم ظرف بیست روز قابل تجدیدنظر در شعب تجدیدنظر است.
divan_edalat_edari	قانون دیوان عدالت اداری	بخش دوم - آیین دادرسی	فصل دوم - ترتیب رسیدگی	مبحث اول - رسیدگی در شعب بدوی	31	ماده 31- اگر به موجب یک دادخواست شکایات متعددی اقامه شود که با یکدیگر ارتباط نداشته باشند و شعبه نتواند ضمن یک دادرسی به آنها رسیدگی کند، ظرف پنج روز لزوم تفکیک دادخواست را طی اخطاریه‌ای به شاکی یا شاکیان اعلام می‌کند. شاکی یا شاکیان از تاریخ ابلاغ اخطاریه ده روز فرصت تفکیک یا تعیین موضوع را دارند. در صورت عدم تفکیک یا تعیین موضوع مورد شکایت، مدیر دفتر شعبه با رعایت شرایط مذکور در ماده (28) این قانون قرار رد دادخواست صادر می‌کند. قرار رد صادره مانع از طرح مجدد شکایت نیست. چنانچه طرح شکایت مجدد مستلزم رعایت زمان مشخص باشد، باقیمانده مهلت مقرر، از زمان ابلاغ قرار مدیر دفتر، محاسبه می‌شود.
divan_edalat_edari	قانون دیوان عدالت اداری	بخش دوم - آیین دادرسی	فصل دوم - ترتیب رسیدگی	مبحث اول - رسیدگی در شعب بدوی	32	ماده 32- چنانچه اشخاص متعدد، شکایت‌های خود را به موجب یک دادخواست مطرح نمایند، در صورتی که شکایات مزبور منشأ و مبنای واحد داشته باشد، شعبه دیوان نسبت به همه موارد ضمن یک دادرسی، اتخاذ تصمیم می نماید. در غیر این صورت، مطابق مفاد ماده قبل موارد به تفکیک و جداگانه رسیدگی می شود. تبصره - شاکیان در صورتی که بیش از پنج نفر باشند، می توانند در دادخواست، نماینده ای را از میان خود جهت امر ابلاغ و اخطار، به شعبه دیوان معرفی نمایند.
divan_edalat_edari	قانون دیوان عدالت اداری	بخش دوم - آیین دادرسی	فصل دوم - ترتیب رسیدگی	مبحث اول - رسیدگی در شعب بدوی	33	ماده 33- موضوع شکایت و خواسته باید صریح و منجز باشد. در صورت وجود ابهام به تشخیص شعبه، مراتب طی اخطاریه ای به شاکی اعلام می گردد و شاکی مکلف است ظرف ده روز از تاریخ ابلاغ اخطاریه، نسبت به رفع ابهام اقدام کند. در غیر این‌صورت، شعبه نسبت به قسمت مبهم، قرار ابطال دادخواست صادر می نماید. دوم - دستور موقت
divan_edalat_edari	قانون دیوان عدالت اداری	بخش دوم - آیین دادرسی	فصل دوم - ترتیب رسیدگی	مبحث اول - رسیدگی در شعب بدوی	34	ماده 34- در صورتی که شاکی ضمن طرح شکایت خود یا پس از آن مدعی شود که به جهات مذکور در ماده (12) این قانون اقدامات یا تصمیمات یا آرای قطعی یا خودداری از انجام وظیفه از سوی طرف شکایت سبب ورود خسارتی می گردد که جبران آن غیرممکن یا متعسر است، می تواند تقاضای صدور دستور موقت کند. درخواست صدور دستور موقت پس از طرح شکایت اصلی تا قبل از صدور رأی امکان پذیر است و این درخواست مستلزم پرداخت هزینه دادرسی و پرداخت خسارات احتمالی نیست.
divan_edalat_edari	قانون دیوان عدالت اداری	بخش دوم - آیین دادرسی	فصل دوم - ترتیب رسیدگی	مبحث اول - رسیدگی در شعب بدوی	35	ماده 35- مرجع رسیدگی به تقاضای صدور دستور موقت، شعبه‌ای است که به اصل شکایت رسیدگی می‌کند و مرجع رسیدگی‌کننده طی دادرسی فوری، در صورت احراز ضرورت و فوریت موضوع، بر حسب مورد، دستور موقت مبنی بر توقف اجرای اقدامات، تصمیمات و آرای مورد شکایت یا انجام وظیفه صادر می‌کند. تبصره 1(اصلاحی 1402/2/10)[2]- دستور موقت تأثیری در اصل شکایت ندارد. در صورت ردّ شکایت یا صدور قرار سقوط شکایت یا صدور قرار ابطال یا رد دادخواست اصلی و یا حکم به عدم ابطال مصوبه و قطعیت رأی صادره، دستور موقت نیز لغو می‌شود. تبصره 2(الحاقی 1402/2/10)- اجرای دستور موقت صادره از شعب دیوان منوط به تأیید رئیس دیوان است که حداکثر ظرف یک هفته از زمان وصول باید نظر خود را اعلام نماید. در صورت عدم اظهارنظر در مهلت مذکور دستور موقت صادره لازم‌الاجراء است.
divan_edalat_edari	قانون دیوان عدالت اداری	بخش دوم - آیین دادرسی	فصل دوم - ترتیب رسیدگی	مبحث اول - رسیدگی در شعب بدوی	36	ماده 36- در مواردی که ضمن دادخواست ابطال مصوبات موضوع ماده (12) این قانون، تقاضای صدور دستور موقت شده باشد، رسیدگی و اتخاذ تصمیم در خصوص تقاضای مزبور با رئیس و در غیاب وی نائب رئیس هیأت تخصصی مربوط است. با صدور دستور موقت، پرونده در هیأت تخصصی و هیأت عمومی خارج از نوبت رسیدگی می شود.
divan_edalat_edari	قانون دیوان عدالت اداری	بخش دوم - آیین دادرسی	فصل دوم - ترتیب رسیدگی	مبحث اول - رسیدگی در شعب بدوی	37	ماده 37- شعبه دیوان موظف است در صورت صدور دستور موقت، نسبت به اصل دعوی خارج از نوبت رسیدگی و رأی مقتضی صادر نماید. تبصره - مدیر دفتر شعبه مکلف است پرونده را به فوریت به نظر شعبه برساند و شعبه موظف به اتخاذ تصمیم فوری است.
divan_edalat_edari	قانون دیوان عدالت اداری	بخش دوم - آیین دادرسی	فصل دوم - ترتیب رسیدگی	مبحث اول - رسیدگی در شعب بدوی	38	ماده 38- در صورت صدور دستور موقت یا لغو آن، مفاد آن به طرفین و در صورت رد تقاضای صدور دستور موقت، مفاد آن به شاکی ابلاغ می شود. تقاضای صدور دستور موقت قبل از اتخاذ تصمیم شعبه، مانع اجرای تصمیمات قانونی موضوع ماده(10) این قانون نیست.
divan_edalat_edari	قانون دیوان عدالت اداری	بخش دوم - آیین دادرسی	فصل دوم - ترتیب رسیدگی	مبحث اول - رسیدگی در شعب بدوی	39	ماده 39- سازمان‌ها، ادارات، هیئت‌ها و ماموران طرف شکایت پس از صدور و ابلاغ دستور موقت، مکلفند طبق آن اقدام نمایند و در صورت استنکاف، مرجع صادرکننده دستور موقت، متخلف را به انفصال از خدمت به مدت شش ماه تا یک سال و جبران خسارت وارده محکوم می‌نماید. این حکم ظرف بیست روز قابل تجدیدنظر در شعب تجدیدنظر است.
divan_edalat_edari	قانون دیوان عدالت اداری	بخش دوم - آیین دادرسی	فصل دوم - ترتیب رسیدگی	مبحث اول - رسیدگی در شعب بدوی	40	ماده 40- در صورت حصول دلایلی مبنی بر عدم ضرورت ادامه اجرای دستور موقت، مرجع رسیدگی کننده به اصل دعوا با موافقت رئیس دیوان نسبت به لغو آن اقدام می‌نماید. سوم - رسیدگی و صدور رأی
divan_edalat_edari	قانون دیوان عدالت اداری	بخش دوم - آیین دادرسی	فصل دوم - ترتیب رسیدگی	مبحث اول - رسیدگی در شعب بدوی	41	ماده 41- شعبه رسیدگی‌کننده می تواند هرگونه تحقیق یا اقدامی را که لازم بداند، انجام دهد یا آن را از ضابطان قوه قضائیه و مراجع اداری بخواهد و یا به سایر مراجع قضائی نیابت دهد. ضابطان و مراجع مزبور مکلفند ظرف مهلتی که شعبه دیوان تعیین می کند، تحقیقات و اقدامات خواسته شده را انجام دهند. تخلف از این ماده حسب مورد مستلزم مجازات اداری یا انتظامی است.
divan_edalat_edari	قانون دیوان عدالت اداری	بخش دوم - آیین دادرسی	فصل دوم - ترتیب رسیدگی	مبحث اول - رسیدگی در شعب بدوی	42	ماده 42- در صورتی که محتوای شکایت و دادخواست مطروحه در شعبه دیوان، حاوی مطالبی علیه شخص ثالث نیز باشد، این امر مانع رسیدگی شعبه به پرونده نیست.
divan_edalat_edari	قانون دیوان عدالت اداری	بخش دوم - آیین دادرسی	فصل دوم - ترتیب رسیدگی	مبحث اول - رسیدگی در شعب بدوی	43	ماده 43- شعبه دیوان می تواند هریک از طرفین دعوا را برای ادای توضیح دعوت نماید و در صورتی که شکایت از ادارات و واحدهای مذکور در ماده(10) این قانون باشد، طرف شکایت مکلف به معرفی نماینده است. تبصره 1 - در صورتی که شاکی پس از ابلاغ برای ادای توضیح حاضر نشود یا از ادای توضیحات مورد درخواست استنکاف کند، شعبه دیوان با ملاحظه دادخواست اولیه و لایحه دفاعیه طرف شکایت یا استماع اظهارات او، اتخاذ تصمیم می‌نماید و اگر اتخاذ تصمیم ماهوی بدون اخذ توضیح از شاکی ممکن نشود، قرار ابطال دادخواست صادر می گردد. تبصره 2 - در صورتی که طرف شکایت، شخص حقیقی یا نماینده شخص حقوقی باشد و پس از احضار، بدون عذر موجه، از حضور جهت ادای توضیح خودداری کند، شعبه او را جلب می نماید یا به انفصال موقت از خدمات دولتی به مدت یک ماه تا یک‌سال محکوم می کند. تبصره 3 - عدم تعیین نماینده توسط طرف شکایت یا عدم حضور شخص معرفی‌شده در مهلت اعلام شده از سوی شعبه دیوان، موجب انفصال موقت از خدمات دولتی از دو ماه تا یک سال است.
divan_edalat_edari	قانون دیوان عدالت اداری	بخش دوم - آیین دادرسی	فصل دوم - ترتیب رسیدگی	مبحث اول - رسیدگی در شعب بدوی	44	ماده 44- در صورت درخواست رئیس دیوان یا هر یک از شعب دیوان، کلیه واحدهای دولتی، شهرداری‌ها و سایر مؤسسات عمومی و ماموران آن‌ها مکلفند ظرف یک ماه از تاریخ ابلاغ نسبت به ارسال اسناد و پرونده‌های مورد مطالبه اقدام نمایند و در صورتی که ارسال اسناد ممکن نباشد، دلایل آن را به دیوان اعلام کنند. در صورت موجه ندانستن دلایل توسط دیوان و مطالبه مجدد و امتناع از ارسال ظرف یک ماه، مستنکف، به حکم شعبه به انفصال موقت از خدمات دولتی از یک ماه تا یک سال یا کسر یک‌سوم حقوق و مزایا به مدت سه ماه تا یک سال محکوم می‌شود این حکم ظرف بیست روز قابل تجدیدنظر در شعب تجدیدنظر است. این امر حسب مورد مانع اختیار دیوان برای اقدام مقتضی در جهت دستیابی به دلایل و مدارک مورد نیاز یا صدور رای طبق مدارک و قرائن موجود در پرونده نیست. مطالبه اسناد طبقه‌بندی‌شده مطابق مقررات مربوط صورت می‌گیرد. تبصره - شعبه دیوان مکلف است علاوه بر موارد مذکور در این ماده مراتب امتناع مسؤول مربوطه از انجام وظایف قانونی را جهت تعقیب کیفری به مرجع قضائی صالح اعلام نماید.
divan_edalat_edari	قانون دیوان عدالت اداری	بخش دوم - آیین دادرسی	فصل دوم - ترتیب رسیدگی	مبحث اول - رسیدگی در شعب بدوی	45	ماده 45- شاکی می‌تواند دادخواست خود را قبل از وصول پاسخ طرف شکایت، مسترد کند و در این صورت، شعبه قرار ابطال دادخواست صادر می‌کند. شاکی می‌تواند دادخواست خود را تجدید نماید.
divan_edalat_edari	قانون دیوان عدالت اداری	بخش دوم - آیین دادرسی	فصل دوم - ترتیب رسیدگی	مبحث اول - رسیدگی در شعب بدوی	46	ماده 46- چنانچه شاکی بعد از وصول لایحه دفاعیه طرف شکایت، شکایت خود را مسترد نماید یا قبل از صدور رأی از شکایت خود به کلی صرف‌نظر نماید، قرار سقوط شکایت صادر می‌شود و همان شکایت مجدداً قابل طرح نیست. تبصره(الحاقی 1402/2/10)- در صورتی که تجدیدنظر خواه، دادخواست تجدیدنظر خواهی را مسترد نموده و یا انصراف خود را از تجدیدنظر خواهی اعلام نماید، قرار سقوط تجدیدنظر خواهی صادر می‌شود و تجدیدنظرخواهی مجدد قابل طرح نیست.
divan_edalat_edari	قانون دیوان عدالت اداری	بخش دوم - آیین دادرسی	فصل دوم - ترتیب رسیدگی	مبحث اول - رسیدگی در شعب بدوی	47	ماده 47- در صورت ضرورت به تشخیص رئیس دیوان یا رئیس شعبه، به پروندههای مطروحه در شعب دیوان و شعب تجدید نظر آن، خارج از نوبت رسیدگی می شود.
divan_edalat_edari	قانون دیوان عدالت اداری	بخش دوم - آیین دادرسی	فصل دوم - ترتیب رسیدگی	مبحث اول - رسیدگی در شعب بدوی	48	ماده 48- هر گاه رسیدگی به شکایت در صلاحیت سایر مراجع قضائی باشد، شعبه دیوان با صدور قرار عدم صلاحیت پرونده را به مرجع مذکور ارسال می‌کند. این قرار قطعی است و در صورتی که رسیدگی به شکایت را در صلاحیت مراجع غیرقضائی بداند، مبادرت به صدور قرار رد شکایت نموده و شاکی را به مرجع صالح دلالت می‌کند
divan_edalat_edari	قانون دیوان عدالت اداری	بخش دوم - آیین دادرسی	فصل دوم - ترتیب رسیدگی	مبحث اول - رسیدگی در شعب بدوی	49	ماده 49- شاکی می تواند تا قبل از صدور رأی، خواسته خود را اصلاح کند. قبول تقاضای اصلاح خواسته پس از ارسال دادخواست و ضمائم آن برای طرف شکایت، مشروط بر این است که به تشخیص شعبه، ماهیت خواسته تغییر نکرده باشد و شعبه بتواند بدون نیاز به ارسال مجدد دادخواست، براساس دادخواست اصلاح شده، رأی صادر نماید.
divan_edalat_edari	قانون دیوان عدالت اداری	بخش دوم - آیین دادرسی	فصل دوم - ترتیب رسیدگی	مبحث اول - رسیدگی در شعب بدوی	50	ماده 50- هرگاه رسیدگی دیوان منوط به اثبات امری باشد که در صلاحیت مرجع دیگری است، قرار اناطه صادر و مراتب به طرفین ابلاغ می شود. ذی‌نفع باید ظرف یک ماه از تاریخ ابلاغ اخطاریه دیوان، به مرجع صالح مراجعه و گواهی دفتر مرجع مزبور را مبنی بر طرح موضوع، به دیوان تسلیم نماید. در غیر این صورت دیوان به رسیدگی خود ادامه می دهد و تصمیم مقتضی می گیرد.
divan_edalat_edari	قانون دیوان عدالت اداری	بخش دوم - آیین دادرسی	فصل دوم - ترتیب رسیدگی	مبحث اول - رسیدگی در شعب بدوی	51	ماده 51- شکایات مطروحه در دیوان که به تشخیص رئیس دیوان دارای موضوع واحد یا مرتبط باشد در یک شعبه رسیدگی می‌شود و در صورت ارجاع به چند شعبه، به همه پرونده ها در شعبه ای که سبق ارجاع دارد رسیدگی به عمل می آید.
divan_edalat_edari	قانون دیوان عدالت اداری	بخش دوم - آیین دادرسی	فصل دوم - ترتیب رسیدگی	مبحث اول - رسیدگی در شعب بدوی	52	ماده 52- در صورتی که شعبه دیوان از فوت یا محجور شدن شاکی یا زوال سمت نماینده قانونی او مطلع شود، تا تعیین و معرفی قائم مقام قانونی متوفی یا محجور، قرار توقف دادرسی صادر و مراتب از طریق دفتر شعبه به نشانی شاکی اعلام می شود.
divan_edalat_edari	قانون دیوان عدالت اداری	بخش دوم - آیین دادرسی	فصل دوم - ترتیب رسیدگی	مبحث اول - رسیدگی در شعب بدوی	53	ماده 53- در صورت احراز هریک از جهات زیر، شعبه دیوان حتی قبل از ارسال دادخواست و ضمائم به طرف شکایت، قرار رد شکایت صادر می کند: الف(اصلاحی 1402/2/10)- شاکی برای طرح شکایت، اهلیت یا سمت قانونی نداشته باشد. ب - شاکی در شکایت مطروحه ذی‌نفع نباشد. پ - شکایت متوجه طرف شکایت نباشد. ت - شکایت خارج از موعد قانونی، مطرح شده باشد. ث - شکایت طرح شده از حیث موضوع قبلاً بین همان اشخاص یا اشخاصی که اصحاب دعوی، قائم مقام آنان هستند، رسیدگی و حکم قطعی نسبت به آن صادرشده باشد. ج - موجبات رسیدگی به شکایت، منتفی شده باشد.
divan_edalat_edari	قانون دیوان عدالت اداری	بخش دوم - آیین دادرسی	فصل دوم - ترتیب رسیدگی	مبحث اول - رسیدگی در شعب بدوی	54	ماده 54- هرگاه شاکی، جلب شخص حقیقی یا حقوقی دیگری غیر از طرف شکایت را به دادرسی لازم بداند، می تواند ضمن دادخواست تقدیمی یا دادخواست جداگانه، حداکثر ظرف سی روز پس از ثبت دادخواست اصلی، تقاضای خود را تسلیم کند. همچنین در صورتی که طرف شکایت، جلب شخص حقیقی یا حقوقی دیگری به دادرسی را ضروری بداند، می تواند ضمن پاسخ کتبی، دادخواست خود را تقدیم نماید. در این صورت، شعبه دیوان تصویری از دادخواست، لوایح و مستندات طرفین را برای شخص ثالث ارسال می کند.
divan_edalat_edari	قانون دیوان عدالت اداری	بخش دوم - آیین دادرسی	فصل دوم - ترتیب رسیدگی	مبحث اول - رسیدگی در شعب بدوی	55	ماده 55- هرگاه شخص ثالثی در موضوع پرونده مطروحه در شعبه دیوان، برای خود حقی قائل باشد یا خود را در محق شدن یکی از طرفین ذی‌نفع بداند، می تواند با تقدیم دادخواست، وارد دعوی شود. در صورتی که دادخواست مذکور قبل از صدور رأی واصل شود، شعبه پس از ارسال دادخواست، برای طرفین دعوی و وصول پاسخ آنان با ملاحظه پاسخ هر سه طرف، مبادرت به صدور رأی می نماید. تبصره(الحاقی 1402/2/10)- چنانچه پس از صدور رأی در مرحله بدوی دادخواست ورود ثالث واصل گردد در صورتی که رأی صادره مورد تجدیدنظرخواهی قرار گیرد، دادخواست مذکور به همراه پرونده اصلی به شعبه تجدیدنظر ارسال و در غیر این‌صورت قرار رد دادخواست صادر می‌شود.
divan_edalat_edari	قانون دیوان عدالت اداری	بخش دوم - آیین دادرسی	فصل دوم - ترتیب رسیدگی	مبحث اول - رسیدگی در شعب بدوی	56	ماده 56- هرگاه شاکی و یا طرف شکایت اخذ توضیح از هر شخص حقیقی یا حقوقی را درخواست نماید و شعبه دیوان نیز آن را مؤثر در کشف حقیقت بداند نسبت به اخذ توضیح اقدام می نماید. شعبه دیوان می تواند رأساً نیز نسبت به اخذ توضیح از سایر اشخاص اقدام نماید.
divan_edalat_edari	قانون دیوان عدالت اداری	بخش دوم - آیین دادرسی	فصل دوم - ترتیب رسیدگی	مبحث اول - رسیدگی در شعب بدوی	57	ماده 57- آراء شعب دیوان که بدون دخالت شخص ثالث ذی‌نفع در مرحله دادرسی، صادر شده، در صورتی که به حقوق شخص ثالث، خلل وارد نموده باشد، ظرف دو ماه از تاریخ اطلاع از حکم، قابل اعتراض است. این اعتراض در شعبه رسیدگی‌کننده به پرونده، مطرح می‌شود و شعبه مزبور با بررسی دلایل ارائه شده، مبادرت به صدور رأی می‌کند. در صورتی که رأی مربوط به شعبه تجدیدنظر باشد، قطعی و در صورتی که از شعبه بدوی صادر شده باشد، قابل تجدیدنظر است. تبصره 1(الحاقی 1402/2/10) - در صورتی که احراز شود شخص ثالث، معاذیر قانونی یا شرعی داشته است، مدت زمان معذوریت به مهلت دو ماه مذکور در این ماده، اضافه می‌شود. تبصره 2(الحاقی 1402/2/10)- در مواردی که اجرای رأی مورد اعتراض ثالث، موجب ورود خسارت غیرقابل جبران شود؛ شعبه رسیدگی‌کننده به اعتراض ثالث می‌تواند با تقاضای معترض و با موافقت رئیس دیوان، دستور توقف اجرای حکم مورد اعتراض را تا رسیدگی و صدور حکم قطعی صادر کند.
divan_edalat_edari	قانون دیوان عدالت اداری	بخش دوم - آیین دادرسی	فصل دوم - ترتیب رسیدگی	مبحث اول - رسیدگی در شعب بدوی	58	ماده 58- شعبه دیوان پس از رسیدگی و تکمیل تحقیقات، ختم رسیدگی را اعلام و ظرف یک هفته مبادرت به انشاء رأی می نماید.
divan_edalat_edari	قانون دیوان عدالت اداری	بخش دوم - آیین دادرسی	فصل دوم - ترتیب رسیدگی	مبحث اول - رسیدگی در شعب بدوی	59	ماده 59- دادنامه باید حاوی نکات زیر باشد: الف - تاریخ، شماره دادنامه، شماره پرونده ب - مرجع رسیدگی و نام و نام خانوادگی رئیس یا دادرس شعبه پ - مشخصات شاکی و وکیل یا قائم مقام و یا نماینده قانونی او با قید اقامتگاه ت - مشخصات طرف شکایت و وکیل یا نماینده قانونی او با قید اقامتگاه ث - موضوع شکایت و خواسته ج - گردش کار، متضمن خلاصه شکایت و دفاع طرف شکایت، تحقیقات انجام‌شده و اشاره به نظریه مشاور، در صورتی که طبق ماده(7) این قانون، پرونده به مشاور ارجاع شده باشد و تصریح به اعلام ختم رسیدگی چ - رأی با ذکر جهات، دلایل، مستندات، اصول و مواد قانونی ح - امضای رئیس یا دادرس علی البدل و مهر شعبه
divan_edalat_edari	قانون دیوان عدالت اداری	بخش دوم - آیین دادرسی	فصل دوم - ترتیب رسیدگی	مبحث اول - رسیدگی در شعب بدوی	60	ماده 60- شعب دیوان مکلفند در مورد هر شکایت، به طور خاص و مُنجّز تعیین تکلیف نمایند و نباید به صورت عام، کلی و یا مشروط، حکم صادر کنند.
divan_edalat_edari	قانون دیوان عدالت اداری	بخش دوم - آیین دادرسی	فصل دوم - ترتیب رسیدگی	مبحث اول - رسیدگی در شعب بدوی	61	ماده 61- دادنامه پس از صدور، ثبت می شود و رونوشت آن ظرف پنج روز برای ابلاغ به طرفین ارسال می گردد.
divan_edalat_edari	قانون دیوان عدالت اداری	بخش دوم - آیین دادرسی	فصل دوم - ترتیب رسیدگی	مبحث اول - رسیدگی در شعب بدوی	62	ماده 62- ابلاغ آراء دیوان می تواند به یکی از طرق زیر صورت گیرد: الف - به طرفین شکایت یا وکیل یا قائم مقام و یا نماینده قانونی آنان توسط دفتر شعبه ب - از طریق اداره ابلاغ، به موجب مقررات آیین دادرسی مدنی پ(اصلاحی 1402/2/10)- از طریق سامانه‌های الکترونیک ابلاغ قضائی ت - از طریق دفاتر اداری دیوان موضوع ماده(6) این قانون ث - به وسیله دادگستری محل اقامت
divan_edalat_edari	قانون دیوان عدالت اداری	بخش دوم - آیین دادرسی	فصل دوم - ترتیب رسیدگی	مبحث اول - رسیدگی در شعب بدوی	63	ماده 63- شعبه رسیدگی‌کننده دیوان در مقام رسیدگی به آراء و تصمیمات مراجع مذکور در بند (2) ماده (10) این قانون به شرح زیر اقدام می‌کند: 1- در مواردی که رأی واجد ایراد و اشکال قانونی نباشد آن را تأیید و همچنین در مواردی که رأی دارای اشتباه یا نقصی باشد که به اساس رأی لطمه وارد نکند ضمن اصلاح رأی، آن را ابرام می‌کند. 2- در مواردی که موجبی برای رسیدگی در مراجع مذکور وجود نداشته باشد یا موضوع مورد رسیدگی منتفی شده یا از مصادیق تخلف نباشد، مبادرت به نقض بِلا ارجاع می‌کند. 3- در مواردی که شعبه دیوان تشخیص دهد که مرجع رسیدگی‌کننده صلاحیت رسیدگی را نداشته است رأی را نقض و ضمن تعیین مرجع صلاحیتدار، مرجع رسیدگی‌کننده را موظف می‌کند موضوع را ظرف مدت یک هفته به مرجع دارای صلاحیت ارسال کند. 4- در مواردی که شعبه دیوان نقص تحقیقات و یا ایراد شکلی یا ماهوی مؤثری در رأی صادره مشاهده کند با ذکر تمام جهات و دلایل قانونی، رأی صادره را نقض و موضوع را جهت رسیدگی مجدد به آن مرجع اعلام می‌کند. مرجع مذکور مکلف است با رعایت مفاد رأی شعبه دیوان حداکثر ظرف دو ماه نسبت به اتخاذ تصمیم یا صدور رأی اقدام کند. در صورت شکایت مجدد شاکی، پرونده به شعبه صادرکننده رأی قطعی در دیوان ارجاع می‌شود. در این صورت، اگر شعبه دیوان رأی صادره را صحیح تشخیص دهد آن را تأیید می‌کند و در صورتی که رأی صادره را بر خلاف قوانین و مقررات بداند آن را نقض و رأی مقتضی صادر می‌کند. چنانچه شعبه دیوان نظر کارشناس را لازم بداند، از نظر کارشناسان رسمی دادگستری یا متخصصان و مشاوران موضوع ماده (7) این قانون استفاده می‌کند. چنانچه اجرای این آراء مربوط به بخش غیردولتی بوده یا مستلزم انجام عملیات اجرائی در بخش غیردولتی باشد، از حیث تشریفات اجرای رأی، شرایط صدور اجرائیه، عملیات اجرائی و مرجع اجرای حکم تابع مقررات حاکم بر اجرای آرای هیأت‌ها و کمیسیون‌های مذکور می‌باشد و در سایر موارد تابع مقررات مربوط به نحوه اجرای احکام این قانون است. تبصره 1- پس از لازم‌الاجراء شدن این ماده، رسیدگی به کلیه پرونده‌های موضوع این ماده در شعب تجدیدنظر دیوان به عمل می آید. تبصره 2- عدم رعایت مهلت مقرر در بند (4) این ماده و یا عدم رعایت مفاد رأی دیوان در تصمیم بعدی از سوی مرجع طرف شکایت موضوع این ماده، چنانچه مستند به عذر موجه یا دلایل قانونی نباشد موجب اعمال مجازات مستنکف مطابق ماده (112) این قانون نسبت به اعضای مؤثر در مخالفت با حکم دیوان می‌شود. تخلف مستنکف با ارجاع رئیس دیوان در شعبه صادرکننده رأی قطعی دیوان رسیدگی می‌شود. در صورتی که از تصمیم متخذه و یا رای صادره مجدداً شکایت شود، پرونده به همان شعبه رسیدگی‌کننده ارجاع می‌شود. شعبه مذکور چنانچه تصمیم و یا رای را مغایر قانون و مقررات تشخیص دهد، مستند به قانون و مقررات مربوط، آن را نقض و پس از اخذ نظر مشاورین موضوع ماده (7) این قانون، مبادرت به صدور رای ماهوی می‌نماید. تبصره- شعبه می‌تواند علاوه بر نظر مشاورین موضوع ماده (7)، عنداللزوم از نظر کارشناسان و متخصصین هر رشته، از میان کارشناسان رسمی دادگستری و یا دستگاه‌های مربوط استفاده نماید.»
divan_edalat_edari	قانون دیوان عدالت اداری	بخش دوم - آیین دادرسی	فصل دوم - ترتیب رسیدگی	مبحث اول - رسیدگی در شعب بدوی	64	ماده 64- در مواردی که به موجب قانون یا مصوبه ای لازم الاجراء، تشخیص موضوعاتی از قبیل صلاحیتهای علمی، تخصصی، امنیتی و گزینشی به عهده کمیسیون یا هیأتهایی واگذار شده باشد، شعب دیوان فقط از جهت رعایت ضوابط قانونی و تطبیق موضوع و فرآیند بررسی آن بر اساس قانون یا مصوبه رسیدگی می کنند و در صورت شکایت شاکی از حیث تشخیص موضوع، شعبه رسیدگی کننده موظف است حسب مورد پس از ارجاع پرونده به هیأت کارشناسی تخصصی ذی ربط که توسط شعبه تعیین می گردد با کسب نظر آنان، مبادرت به انشاء رأی نماید.
divan_edalat_edari	قانون دیوان عدالت اداری	بخش دوم - آیین دادرسی	فصل دوم - ترتیب رسیدگی	مبحث دوم - رسیدگی در شعب تجدیدنظر	65	ماده 65- کلیه آراء شعب بدوی دیوان به درخواست یکی از طرفین یا وکیل یا قائم مقام و یا نماینده قانونی آنها، قابل تجدیدنظرخواهی در شعب تجدیدنظر است. مهلت تجدیدنظرخواهی برای اشخاص مقیم ایران بیست روز و برای اشخاص مقیم خارج از ایران دو ماه از تاریخ ابلاغ است.
divan_edalat_edari	قانون دیوان عدالت اداری	بخش دوم - آیین دادرسی	فصل دوم - ترتیب رسیدگی	مبحث دوم - رسیدگی در شعب تجدیدنظر	66	ماده 66- دادخواست تجدیدنظر توسط رئیس دیوان به یکی از شعب تجدیدنظر ارجاع می‌شود.
divan_edalat_edari	قانون دیوان عدالت اداری	بخش دوم - آیین دادرسی	فصل دوم - ترتیب رسیدگی	مبحث دوم - رسیدگی در شعب تجدیدنظر	67	ماده 67- دادخواست تجدیدنظر باید روی برگه های مخصوص نوشته شده و حاوی نکات زیر باشد: الف- مشخصات و اقامتگاه تجدیدنظرخواه ب- مشخصات و اقامتگاه تجدیدنظرخوانده پ- شماره و تاریخ صدور رأی تجدیدنظر خواسته ت- شعبه صادرکننده رأی تجدیدنظرخواسته ث- تاریخ ابلاغ رای تجدیدنظر خواسته ج- دلایل و جهات تجدیدنظرخواهی الف- مشخصات و اقامتگاه تجدیدنظرخواه ب- شماره و تاریخ رای تجدیدنظر خواسته پ- شعبه صادرکننده رای تجدیدنظر خواسته ت- تاریخ ابلاغ رای تجدیدنظر خواسته ث- دلایل و جهات تجدیدنظر دادخواهی» تبصره(اصلاحی 1402/2/10)- پس از ارجاع پرونده به شعبه تجدیدنظر، مدیر دفتر در صورت کامل بودن پرونده آن را به نظر قاضی شعبه می‌رساند. رئیس و در غیاب وی، مستشار شعبه در صورت تکمیل بودن دادخواست و ضمایم آن دستور تبادل آن را صادر می‌کند. در مواردی که آرای مورد اعتراض شعب بدوی دیوان از نوع قرار رد باشد و یا مستند به رأی وحدت رویه موضوع ماده (89) این قانون و یا ایجاد رویه موضوع ماده (90) این قانون صادر شده باشد، شعبه تجدیدنظر بدون انجام تبادل، نسبت به رسیدگی و صدور رأی اقدام می‌کند.
divan_edalat_edari	قانون دیوان عدالت اداری	بخش دوم - آیین دادرسی	فصل دوم - ترتیب رسیدگی	مبحث دوم - رسیدگی در شعب تجدیدنظر	68	ماده 68- چنانچه دادخواست تجدیدنظر، فاقد مشخصات تجدیدنظرخواه یا اقامتگاه او باشد، پس از انقضای مهلت تجدیدنظرخواهی، دادخواست به موجب قرار مدیر دفتر شعبه تجدیدنظر، رد می شود. این قرار قطعی است. در سایر موارد نقص دادخواست تجدیدنظر، وفق ماده(28) این قانون اقدام می گردد. اگر دادخواست تجدیدنظر، خارج از مهلت مقرر تسلیم شده باشد، شعبه تجدیدنظر قرار رد دادخواست را صادر می کند.
divan_edalat_edari	قانون دیوان عدالت اداری	بخش دوم - آیین دادرسی	فصل دوم - ترتیب رسیدگی	مبحث دوم - رسیدگی در شعب تجدیدنظر	69	ماده 69- عدم رعایت شرایط قانونی دادخواست و یا عدم رفع نقص آن در موعد مقرر قانونی در مرحله بدوی، موجب نقض رأی در مرحله تجدیدنظر نیست. در این موارد شعبه تجدیدنظر به دادخواست دهنده بدوی اخطار می کند که ظرف ده روز از تاریخ ابلاغ نسبت به رفع نقص اقدام نماید. درصورت عدم اقدام و همچنین درصورتی که سمت دادخواست دهنده محرز نباشد رأی صادرشده نقض و قرار رد دعوی صادر می شود.
divan_edalat_edari	قانون دیوان عدالت اداری	بخش دوم - آیین دادرسی	فصل دوم - ترتیب رسیدگی	مبحث دوم - رسیدگی در شعب تجدیدنظر	70	ماده 70- چنانچه شعبه تجدیدنظر در رأی بدوی غیر از اشتباهاتی از قبیل اعداد، ارقام، سهو قلم، مشخصات طرفین و یا از قلم افتادگی در آن قسمت از خواسته که به اثبات رسیده، اشکال دیگری ملاحظه نکند ضمن اصلاح رأی، آن را تأیید می کند.
divan_edalat_edari	قانون دیوان عدالت اداری	بخش دوم - آیین دادرسی	فصل دوم - ترتیب رسیدگی	مبحث دوم - رسیدگی در شعب تجدیدنظر	71	ماده 71- چنانچه شعبه تجدیدنظر ایراد تجدیدنظرخواه را وارد تشخیص ندهد، رأی شعبه بدوی را تأیید و در غیر این صورت آن را نقض و پس از رسیدگی ماهوی، مبادرت به صدور رأی می نماید.
divan_edalat_edari	قانون دیوان عدالت اداری	بخش دوم - آیین دادرسی	فصل دوم - ترتیب رسیدگی	مبحث دوم - رسیدگی در شعب تجدیدنظر	72	ماده 72- شعبه تجدیدنظر در صورتی که قرار مورد تجدیدنظرخواهی را مطابق قانون تشخیص دهد، آن را تأیید می‌کند، در غیر این‌صورت چنانچه قرار صادره را منطبق با هیچ‌یک از موارد صدور قرار رد تشخیص ندهد پس از نقض قرار، پرونده را برای رسیدگی ماهوی به شعبه صادرکننده قرار عودت می‌دهد. تبصره 1(الحاقی 1402/2/10)- شعبه بدوی مکلف به تبعیت از رأی شعبه تجدیدنظر است؛ لیکن در صورتی که امر جدیدی حادث شود که امکان رسیدگی ماهوی فراهم نباشد، شعبه مذکور می‌تواند قرار مقتضی را صادر کند. تبصره 2(الحاقی 1402/2/10)- هر گاه شعبه تجدیدنظر، رسیدگی به شکایت را در صلاحیت سایر مراجع قضائی تشخیص دهد با صدور قرار عدم صلاحیت، پرونده را به مرجع مذکور ارسال می‌کند و در صورتی که رسیدگی به شکایت را در صلاحیت مراجع غیرقضائی بداند، حسب مورد قرار رد شکایت یا نقض رأی بدوی و قرار رد شکایت صادر می‌کند و شاکی را به مرجع صالح دلالت می‌نماید.
divan_edalat_edari	قانون دیوان عدالت اداری	بخش دوم - آیین دادرسی	فصل دوم - ترتیب رسیدگی	مبحث دوم - رسیدگی در شعب تجدیدنظر	73	ماده 73- هرگاه در مرحله تجدیدنظر تقاضای صدور دستور موقت شود، اتخاذ تصمیم با شعبه تجدیدنظر است. اجرای دستور موقت مستلزم تأیید رئیس دیوان است. دستور موقت صادرشده از شعبه بدوی مادام که توسط مرجع تجدیدنظر لغو نگردد، به قوت خود باقی است.
divan_edalat_edari	قانون دیوان عدالت اداری	بخش دوم - آیین دادرسی	فصل دوم - ترتیب رسیدگی	مبحث دوم - رسیدگی در شعب تجدیدنظر	74	ماده 74- چنانچه قاضی شعبه بدوی صادرکننده رأی پی به اشتباه خود ببرد و پرونده به هر علتی به شعبه تجدیدنظر نرفته باشد، با ذکر دلیل پرونده را از طریق رئیس دیوان به شعبه تجدید نظر ارسال می کند. شعبه یاد شده با توجه به دلیل ابرازی و درصورت وارد دانستن اشتباه، رأی صادرشده را نقض می نماید و هرگاه رأی صادره به صورت قرار باشد پرونده را جهت ادامه رسیدگی به شعبه بدوی اعاده و در غیر این صورت اقدام به رسیدگی ماهوی می کند.
divan_edalat_edari	قانون دیوان عدالت اداری	بخش دوم - آیین دادرسی	فصل دوم - ترتیب رسیدگی	مبحث دوم - رسیدگی در شعب تجدیدنظر	75	ماده 75- در صورتی که حداقل یک قاضی از دو قاضی و یا دو قاضی از سه قاضی صادرکننده رأی در شعبه تجدیدنظر، پی به اشتباه شکلی یا ماهوی خود ببرند، مراتب را با ذکر دلیل به رئیس دیوان اعلام می دارند. رئیس دیوان پرونده را جهت رسیدگی و صدور رأی به شعبه هم عرض ارجاع می دهد.
divan_edalat_edari	قانون دیوان عدالت اداری	بخش دوم - آیین دادرسی	فصل دوم - ترتیب رسیدگی	مبحث دوم - رسیدگی در شعب تجدیدنظر	76	ماده 76- صدور حکم اصلاحی در مورد سهو قلم یا اشتباه محاسبه و یا رفع ابهام که توسط شعبه صادرکننده رأی انجام می شود، مشمول مواد (74) و (75) این قانون نیست.
divan_edalat_edari	قانون دیوان عدالت اداری	بخش دوم - آیین دادرسی	فصل دوم - ترتیب رسیدگی	مبحث دوم - رسیدگی در شعب تجدیدنظر	77	ماده 77- در صورتی که رأی بر مبنای اتفاق‌نظر نباشد، نظر اقلیت نیز در پیش‌نویس رأی درج می شود و به امضای آنان می رسد و در پرونده بایگانی می گردد.
divan_edalat_edari	قانون دیوان عدالت اداری	بخش دوم - آیین دادرسی	فصل دوم - ترتیب رسیدگی	مبحث دوم - رسیدگی در شعب تجدیدنظر	78	ماده 78- مقرراتی که در مرحله بدوی رعایت می شود در مرحله تجدیدنظر نیز جاری است مگر این که به موجب قانون ترتیب دیگری مقرر شده باشد.
divan_edalat_edari	قانون دیوان عدالت اداری	بخش دوم - آیین دادرسی	فصل دوم - ترتیب رسیدگی	مبحث دوم - رسیدگی در شعب تجدیدنظر	79	ماده 79- در صورتی که رئیس قوه قضائیه یا رئیس دیوان رای قطعی شعب دیوان را خلاف بین شرع یا قانون تشخیص دهند، رئیس دیوان فقط برای یک‌بار با ذکر دلیل پرونده را برای رسیدگی ماهوی و صدور رای به شعبه هم‌عرض ارجاع می‌نماید شعبه مذکور مکلف است خارج از نوبت به پرونده رسیدگی و رأی مقتضی را صادر کند. رای صادرشده قطعی است. تبصره 1- چنانچه رأی قطعی موضوع این ماده از شعبه بدوی صادر شده باشد، در این صورت پرونده برای صدور رأی به شعبه تجدیدنظر ارجاع می گردد. تبصره 2(الحاقی 1402/2/10)- در صورت اعلام خلاف بیّن شرع یا قانون بودن رأی، توسط رئیس قوه قضائیه یا رئیس دیوان، اجرای حکم تا صدور رأی مجدد، متوقف می‌شود.
divan_edalat_edari	قانون دیوان عدالت اداری	بخش دوم - آیین دادرسی	فصل دوم - ترتیب رسیدگی	مبحث سوم - رسیدگی در هیأت عمومی	80	ماده 80- تقاضای ابطال مصوبات در هیئت عمومی دیوان، با تقدیم دادخواست انجام می‌گیرد. در دادخواست مذکور، تصریح به موارد زیر ضروری است: الف- مشخصات و اقامتگاه دادخواست‌دهنده ب- مشخصات مصوبه مورد اعتراض پ- حکم شرعی یا مواد قانونی که ادعای مغایرت مصوبه با آن شده ت- دلایل و جهات اعتراض از حیث مغایرت مصوبه با شرع یا قانون اساسی یا سایر قوانین یا خروج از اختیارات مرجع تصویب‌کننده ث- امضا یا اثر انگشت دادخواست‌دهنده الف- مشخصات و اقامتگاه درخواست‌کننده ب- مشخصات مصوبه مورد اعتراض پ- حکم شرعی یا مواد قانونی که ادعای مغایرت مصوبه با آن شده ت- دلایل و جهات اعتراض از حیث مغایرت مصوبه با شرع یا قانون اساسی یا سایر قوانین یا خروج از اختیارات مرجع تصویب‌کننده ث- امضا یا اثر انگشت درخواست‌کننده تبصره 1(اصلاحی 1402/2/10)- سایر مقررات مربوط به تنظیم، ارسال و ثبت دادخواست، به استثنای ذی‌نفع بودن دادخواست‌دهنده و پرداخت هزینه دادرسی، در درخواست ابطال مصوبه نیز جاری است. دادخواست‌ها توسط رئیس دیوان، به دفتر هیئت عمومی ارجاع می‌شود. تبصره 2(الحاقی 1402/2/10)- در مواردی که آیین‌نامه و مصوبه مورد شکایت، مرکب از مواد یا بندهای متعدد باشد دادخواست‌دهنده باید هریک از مواد یا اجزائی که ادعای مغایرت آن را با قانون یا موازین شرعی نموده است، مشخص کند. تبصره 3(الحاقی 1402/2/10)- هر گاه جهت درخواست ابطال مصوبه، مغایرت با موازین شرع باشد، رئیس دیوان مطابق ماده (87) این قانون، از شورای نگهبان استعلام می‌کند.
divan_edalat_edari	قانون دیوان عدالت اداری	بخش دوم - آیین دادرسی	فصل دوم - ترتیب رسیدگی	مبحث سوم - رسیدگی در هیأت عمومی	81	ماده 81- در صورت عدم رعایت موارد مذکور در ماده فوق مدیر دفتر هیأت‌عمومی به شرح زیر اقدام می نماید: 1- اصلاحی 1402/2/10)- در مورد بند (الف) ظرف پنج روز قرار رد دادخواست صادر می‌نماید. 2- در مورد بند(ث) مطابق ماده(28) این قانون عمل می نماید. 3-(اصلاحی 1402/2/10)- در سایر موارد با ذکر جهات نقص، اخطاریه صادر و متقاضی مکلف است ظرف ده روز پس از ابلاغ، نسبت به رفع نقص اقدام کند. در غیر این صورت، قرار رد دادخواست صادر می‌شود. این قرار، قطعی است.
divan_edalat_edari	قانون دیوان عدالت اداری	بخش دوم - آیین دادرسی	فصل دوم - ترتیب رسیدگی	مبحث سوم - رسیدگی در هیأت عمومی	82	ماده 82- مدیر دفتر هیئت عمومی، دادخواست را به نظر رئیس دیوان می‌رساند. چنانچه دادخواست مشمول ماده (85) این قانون باشد، رئیس یا معاون قضایی وی، وفق حکم آن ماده اقدام می‌کند و در بقیه موارد، دادخواست جهت اخذ پاسخ از مرجع تصویب‌کننده، به دفتر اعاده می‌شود و در نوبت رسیدگی قرار می‌گیرد.
divan_edalat_edari	قانون دیوان عدالت اداری	بخش دوم - آیین دادرسی	فصل دوم - ترتیب رسیدگی	مبحث سوم - رسیدگی در هیأت عمومی	83	ماده 83- مدیر دفتر هیئت عمومی نسخه‌ای از دادخواست و ضمائم آن را برای مرجع تصویب‌کننده، ارسال می‌کند. مرجع مربوط مکلف است ظرف یک ماه از تاریخ ابلاغ، نسبت به ارسال پاسخ اقدام کند. در هر صورت، پس از انقضای مهلت مزبور، هیئت عمومی به موضوع رسیدگی و تصمیم مقتضی اتخاذ می‌نماید. تبصره - چنانچه مرجع تصویب کننده ظرف مهلت مقرر درخواست تمدید وقت برای ارسال پاسخ نماید، رئیس دیوان می تواند درصورت ضرورت، رسیدگی به پرونده را حداکثر تا سه ماه دیگر به تأخیر اندازد.
divan_edalat_edari	قانون دیوان عدالت اداری	بخش دوم - آیین دادرسی	فصل دوم - ترتیب رسیدگی	مبحث سوم - رسیدگی در هیأت عمومی	84	ماده 84- اموری که مطابق قانون در صلاحیت هیأت عمومی دیوان است، ابتداء به هیأتهای تخصصی مرکب از حداقل پانزده نفر از قضات دیوان ارجاع می شود. رسمیت جلسات هیأتهای تخصصی منوط به حضور دو سوم اعضاء است که به ترتیب زیر عمل می کنند: الف - در صورتی که نظر اکثریت مطلق هیأت تخصصی بر قبول شکایت و ابطال مصوبه باشد، پرونده به همراه نظریه هیأت جهت اتخاذ تصمیم به هیأت عمومی ارسال می‌شود. ب - درصورتی‌که نظر سه چهارم اعضای هیأت تخصصی بر رد شکایت باشد، رأی به رد شکایت صادر می کند. این رأی ظرف بیست روز از تاریخ صدور، از سوی رئیس دیوان یا ده نفر از قضات دیوان قابل اعتراض است. در صورت اعتراض و یا در صورتی که نظر اکثریت کمتر از سه چهارم اعضاء بر رد شکایت باشد، پرونده به شرح بند(الف) در هیأت عمومی مطرح و اتخاذ تصمیم می شود. تبصره 1- تصمیمات هیأتهای تخصصی بلافاصله به اطلاع قضات دیوان می رسد. تبصره 2(اصلاحی 1402/2/10) - هر‌گاه مصوبه مورد شکایت به لحاظ مغایرت با موازین شرعی برای رسیدگی مطرح باشد مطابق ماده (87) این قانون عمل می شود.
divan_edalat_edari	قانون دیوان عدالت اداری	بخش دوم - آیین دادرسی	فصل دوم - ترتیب رسیدگی	مبحث سوم - رسیدگی در هیأت عمومی	85	ماده 85- در مواردی که به تشخیص رئیس دیوان، رسیدگی به دادخواست ابطال مصوبه موضوعاً منتفی باشد، مانند موارد استرداد دادخواست از سوی متقاضی یا وجود رأی قبلی دیوان در مورد مصوبه مورد شکایت و یا در مواردی که موضوع مورد شکایت مشمول عنوان آیین نامه ها، نظامات و مقررات موضوع ماده (12) این قانون نباشد، از قبیل نظرات مشورتی، ابلاغیه مصوبات و یا شکایت از قانون، رئیس دیوان قرار رد دادخواست صادر می کند. این قرار قطعی است. در صورتی که شکایت از تصمیمات موردی به هیأت عمومی ارجاع شده یا توسط شعبه قرار عدم صلاحیت به شایستگی رسیدگی در هیأت عمومی صادر شده باشد، پرونده توسط رئیس دیوان به یکی از شعب دیوان ارجاع می شود. در این صورت شعبه مکلف به رسیدگی است. تبصره 1(الحاقی 1402/2/10)- پس از صدور نظریه شورای نگهبان مبنی بر مغایرت مصوبه با شرع، تقاضای استرداد دادخواست قابل پذیرش نیست و به موضوع، رسیدگی و رأی مقتضی صادر می شود. تبصره 2(الحاقی 1402/2/10)- در صورت تقاضای استرداد دادخواست، چنانچه رئیس دیوان مصوبه را خلاف شرع یا قانون تشخیص دهد، رسیدگی به موضوع با درخواست رئیس دیوان ادامه می یابد.
divan_edalat_edari	قانون دیوان عدالت اداری	بخش دوم - آیین دادرسی	فصل دوم - ترتیب رسیدگی	مبحث سوم - رسیدگی در هیأت عمومی	86	ماده 86- در صورتی که رئیس قوه قضائیه یا رئیس دیوان به هر نحو از مغایرت یک مصوبه با شرع یا قانون یا خروج آن از اختیارات مقام تصویب کننده مطلع شوند، موظفند موضوع را در هیأت عمومی مطرح و ابطال مصوبه را درخواست نمایند.
divan_edalat_edari	قانون دیوان عدالت اداری	بخش دوم - آیین دادرسی	فصل دوم - ترتیب رسیدگی	مبحث سوم - رسیدگی در هیأت عمومی	87	ماده 87- در صورتی که مصوبه ای به لحاظ مغایرت با موازین شرعی برای رسیدگی مطرح باشد، موضوع به ترتیب زیر جهت اظهارنظر به شورای نگهبان ارسال می‌شود: 1- در صورتی که مصوبه صرفاً از حیث شرعی مورد شکایت قرار گرفته باشد، رئیس دیوان پس از تبادل دادخواست و دریافت پاسخ طرف شکایت ضمن تعیین و تبیین هر یک از مواد و اجزائی که ادعای مغایرت آنها با موازین شرعی شده است، موضوع را به همراه کلیه اسناد و مدارک پرونده جهت اظهارنظر به شورای نگهبان ارسال می‌کند. فقهای شورای نگهبان بنا بر ترتیبی که مقرر می‌نمایند، نسبت به موضوع مورد استعلام رئیس دیوان، اظهارنظر می کنند. نظر فقهای شورای نگهبان برای هیأت عمومی یا هیأت تخصصی مربوط لازم الاتباع است و در صورت مغایرت مصوبه با شرع، بلافاصله نسبت به اعلام بطلان مصوبه اقدام می‌کند. تبصره- در صورت عدم پاسخ طرف شکایت ظرف مهلت مقرر در صدر ماده (83) این قانون، رئیس دیوان ظرف مهلت دو ماه نسبت به استعلام از شورای نگهبان به ترتیب مقرر در این بند اقدام می‌کند. 2- در صورتی که مصوبه ای به لحاظ مغایرت با موازین شرع و سایر جهات، برای رسیدگی مطرح باشد، ابتدا موضوع از لحاظ مغایرت مصوبه با جهاتی غیر از مغایرت با موازین شرع، در دیوان مورد رسیدگی قرار می گیرد و دیوان نسبت به آن اتخاذ تصمیم می کند. در صورتی که دیوان، مصوبه و مفادی که مورد شکایت شرعی قرار گرفته است را به طور کلی ابطال کند و اثر آن را به زمان تصویب تسری دهد، موضوع پرونده بدون استعلام از شورای نگهبان مختومه می شود و در سایر موارد، بعد از اظهارنظر دیوان، موضوع به همراه نظر دیوان و اسناد و مدارک پرونده با رعایت ترتیبات مذکور در بند (1) این ماده و تبصره آن به شورای نگهبان ارسال می گردد و نظری که مطابق ترتیبات مقرر از سوی فقهای شورای نگهبان صادر می شود، ملاک عمل دیوان قرار می گیرد. در این موارد چنانچه مصوبه از سوی فقهای شورای نگهبان مغایر شرع اعلام شود، هیأت عمومی مطابق نظر فقهای نگهبان بلافاصله نسبت به ابطال مصوبه اقدام می کند. تبصره 1- فقهای شورای نگهبان می‌توانند برای انجام وظایف خود از حیث بررسی مغایرت یا عدم مغایرت مقررات با شرع، ترتیباتی را برای رسیدگی مقرر و ساختارهای مناسب را ایجاد کنند. تبصره 2- چنانچه فقهای شورای نگهبان رأساً مغایرت شرعی مصوبه‌ای را به رئیس دیوان اعلام نمایند، هیأت عمومی مطابق نظر فقهای شورای نگهبان نسبت به ابطال مصوبه اقدام می‌کند.
divan_edalat_edari	قانون دیوان عدالت اداری	بخش دوم - آیین دادرسی	فصل دوم - ترتیب رسیدگی	مبحث سوم - رسیدگی در هیأت عمومی	88	ماده 88- هیأت عمومی، در اجرای بند (1) ماده(12) این قانون می تواند تمام یا قسمتی از مصوبه را ابطال نماید.
divan_edalat_edari	قانون دیوان عدالت اداری	بخش دوم - آیین دادرسی	فصل دوم - ترتیب رسیدگی	مبحث سوم - رسیدگی در هیأت عمومی	89	ماده 89- هر گاه به تشخیص رئیس دیوان، در موضوعات مشابه، آرای متعارض از یک یا چند شعبه دیوان صادر شده باشد، وی می تواند دستور بررسی آن را جهت صدور رأی وحدت رویه صادر نماید. هیأت عمومی پس از بررسی و احراز تعارض، با اعلام رأی صحیح، نسبت به صدور رأی وحدت رویه اقدام می کند. در صورتی که هیأت عمومی آرای موضوع تعارض را غیرصحیح تشخیص دهد، نظر صحیح را با صدور رأی وحدت رویه اعلام می کند. این رأی برای شعب دیوان و مراجع اداری و همچنین برای هیأت های تخصصی و هیأت عمومی در مورد رسیدگی به ابطال مصوبات موضوع بند (1) ماده (12) این قانون در ارتباط با آن موضوع لازم الاتباع است. اثر آرای وحدت رویه نسبت به آینده است لیکن در مورد احکامی که در رأی هیأت عمومی مطرح و غیرصحیح تشخیص داده شده است، شخص ذینفع ظرف یک ماه از تاریخ درج رأی در روزنامه رسمی حق تجدیدنظرخواهی دارد. در این صورت پرونده به شعبه تجدیدنظری که قبلاً به پرونده رسیدگی نکرده است، ارجاع می شود و شعبه مذکور موظف به رسیدگی و صدور رأی، مطابق رأی وحدت رویه است. آرای وحدت رویه هیأت عمومی دیوان، فقط به موجب قانون یا رأی وحدت رویه مؤخر، بلااثر می شود.
divan_edalat_edari	قانون دیوان عدالت اداری	بخش دوم - آیین دادرسی	فصل دوم - ترتیب رسیدگی	مبحث سوم - رسیدگی در هیأت عمومی	90	ماده 90- هر‌گاه در موضوع واحد حداقل پنج رای مشابه از دو یا چند شعبه دیوان صادر شده باشد، رئیس دیوان می‌تواند موضوع را در هیئت عمومی مطرح و تقاضای تسری آن را نسبت به موضوعات مشابه نماید. در صورتی که هیئت عمومی آرای صادرشده را صحیح تشخیص دهد، آن را برای ایجاد رویه تصویب می‌نماید. و چنانچه آرای مشابه مذکور را غیرصحیح تشخیص دهد، رأی صحیح را جهت ایجاد رویه صادر و اعلام می‌کند. این رأی برای شعب دیوان و مراجع اداری و هیأت‌ها و کمیسیون‌های موضوع بند (2) ماده (10) این قانون و همچنین برای هیأت‌های تخصصی و هیأت عمومی در مورد رسیدگی به ابطال مصوبات موضوع بند (1) ماده (12) این قانون در ارتباط با آن موضوع، لازم الاتباع است.
divan_edalat_edari	قانون دیوان عدالت اداری	بخش دوم - آیین دادرسی	فصل دوم - ترتیب رسیدگی	مبحث سوم - رسیدگی در هیأت عمومی	91	ماده 91- چنانچه رئیس قوه قضائیه یا رئیس دیوان یا بیست نفر از اعضای هیأت عمومی، هر یک از آرای هیأت عمومی یا آرای قطعی هیأت های تخصصی را اشتباه یا مغایر قانون تشخیص دهند، رئیس دیوان موضوع را جهت رسیدگی مجدد به هیأت عمومی ارجاع می دهد. در صورتی که هیأت عمومی رأی صادره را اشتباه یا مغایر قانون تشخیص دهد، نسبت به نقض آن و صدور رأی صحیح اقدام می کند.
divan_edalat_edari	قانون دیوان عدالت اداری	بخش دوم - آیین دادرسی	فصل دوم - ترتیب رسیدگی	مبحث سوم - رسیدگی در هیأت عمومی	92	ماده 92- چنانچه مصوبه ای در هیأت عمومی ابطال شود، پس از ابلاغ رأی به طرف شکایت یا انتشار در روزنامه رسمی، رعایت مفاد آن برای مرجع طرف شکایت و سایر مراجع و مقامات مسؤول دستگاه های موضوع ماده (12) این قانون الزامی است. هر گاه مراجع و مقامات مذکور مصوبه جدیدی تحت هر عنوانی مغایر با مفاد رأی مذکور تصویب کنند، به درخواست رئیس دیوان موضوع به صورت خارج از نوبت و بدون رعایت مفاد ماده (83) این قانون و فقط با دعوت از نماینده مرجع صدور مصوبه جدید، در هیأت صادرکننده رأی قبلی، رسیدگی و از تاریخ تصویب ابطال می شود. در صورتی که مصوبه جدید ابطال شود و مشخص گردد وضع آن به جهت عدم تبعیت از مفاد آرای قبلی صادره از سوی هیأت عمومی دیوان بوده است، مقامات و اعضایی که برخلاف رأی دیوان مبادرت به وضع چنین مقرره ای نموده اند، مسؤول جبران خسارات وارده به اشخاص بوده و به عنوان مستنکف شناخته شده و مشمول ماده (112) این قانون می شوند.
divan_edalat_edari	قانون دیوان عدالت اداری	بخش دوم - آیین دادرسی	فصل دوم - ترتیب رسیدگی	مبحث سوم - رسیدگی در هیأت عمومی	93	ماده 93- آرای هیأت‌های تخصصی و هیأت عمومی در ابطال و عدم ابطال مصوبات موضوع بند (1) ماده (12) این قانون، در رسیدگی و تصمیم گیری مراجع قضائی و اداری، معتبر و ملاک عمل است.
divan_edalat_edari	قانون دیوان عدالت اداری	بخش دوم - آیین دادرسی	فصل دوم - ترتیب رسیدگی	مبحث سوم - رسیدگی در هیأت عمومی	94	ماده 94- درصورتی که آراء هیأت عمومی دیوان از سوی رئیس قوه قضائیه خلاف موازین شرع تشخیص داده شود، هیأت عمومی باتوجه به نظر رئیس قوه قضائیه تجدیدنظر می نماید.
divan_edalat_edari	قانون دیوان عدالت اداری	بخش دوم - آیین دادرسی	فصل دوم - ترتیب رسیدگی	مبحث سوم - رسیدگی در هیأت عمومی	95	ماده 95- پس از صدور رأی وحدت رویه یا ایجاد رویه، چنانچه رئیس دیوان تشخیص دهد دستگاه اجرائی ذیربط از اجرای مفاد آن خودداری نموده و این امر منجر به طرح شکایات جدید در دیوان شده است، ابتدا به مقام مسؤول در دستگاه اجرائی اخطار می نماید، ظرف مهلت مقرر نسبت به اجرای رأی صادره اقدام و تدابیر لازم را به عمل آورد. در صورت عدم اقدام، مقام اداری متخلف، مستنکف، محسوب و مشمول حکم مقرر در ماده (112) این قانون می شود.
divan_edalat_edari	قانون دیوان عدالت اداری	بخش دوم - آیین دادرسی	فصل دوم - ترتیب رسیدگی	مبحث سوم - رسیدگی در هیأت عمومی	96	ماده 96- اداره جلسات هیأت عمومی و هیأتهای تخصصی، وفق این قانون، مطابق آیین نامه ای است که ظرف سه ماه از تاریخ لازم الاجراء شدن این قانون، به تصویب رئیس قوه قضائیه می رسد. آیین‌نامه اداره جلسات هیأت عمومی و هیأت‌های تخصصی دیوان عدالت اداری
divan_edalat_edari	قانون دیوان عدالت اداری	بخش دوم - آیین دادرسی	فصل دوم - ترتیب رسیدگی	مبحث سوم - رسیدگی در هیأت عمومی	97	ماده 97- رأی صادره از هیأت عمومی پس از تنظیم، توسط رئیس دیوان امضاء می‌شود. تبصره 1(اصلاحی 1402/2/10)- صدور رأی اصلاحی و رفع ابهام از آراء و تصمیمات عمومی دیوان برعهده هیأت عمومی و نسبت به آراء و تصمیمات هیأت‌های تخصصی بر عهده خود آنها می‌باشد. تبصره 2(الحاقی 1402/2/10)- کلیه آرای هیأت عمومی و هیأت های تخصصی در پایگاه الکترونیکی دیوان و روزنامه رسمی منتشر می شود.
divan_edalat_edari	قانون دیوان عدالت اداری	بخش سوم - اعاده دادرسی			98	ماده 98- درمورد احکام قطعی به جهات ذیل می توان دادخواست اعاده دادرسی تقدیم نمود: الف - حکم، خارج از موضوع شکایت صادر شده باشد. ب - حکم به میزان بیشتر از خواسته صادر شده باشد. پ - در مفاد حکم، تضاد وجود داشته باشد. ت - حکم صادر شده با حکم دیگری درخصوص همان دعوی و اصحاب آن، که قبلاً توسط همان شعبه یا شعبه دیگر صادر شده است متعارض بوده بدون آن که سبب قانونی موجب این تعارض باشد. ث - حکم، مستند به اسنادی باشد که پس از صدور، جعلی بودن و یا عدم اعتبار آنها به موجب حکم مراجع صالح قانونی ثابت شده باشد. ج - پس از صدور حکم، اسناد و دلایلی به دست آید که دلیل حقانیت درخواست‌کننده اعاده دادرسی باشد و ثابت شود اسناد و دلایل یادشده در جریان دادرسی در اختیار وی نبوده است.
divan_edalat_edari	قانون دیوان عدالت اداری	بخش سوم - اعاده دادرسی			99	ماده 99- مهلت تقدیم دادخواست اعاده دادرسی به شرح زیر است: 1- در مورد بندهای «الف» تا «پ» ماده(98) این قانون، بیست روز از تاریخ ابلاغ رأی شعبه 2 - درخصوص بندهای «ت» تا «ج» ماده(98) این قانون، بیست روز از زمان حصول سبب اعاده دادرسی
divan_edalat_edari	قانون دیوان عدالت اداری	بخش سوم - اعاده دادرسی			100	ماده 100- دادخواست اعاده دادرسی با رعایت مواد مربوط به دادخواست مندرج در این قانون با ذکر جهتی که موجب اعاده دادرسی شده است، به شعبه صادرکننده رأی تقدیم می شود.
divan_edalat_edari	قانون دیوان عدالت اداری	بخش سوم - اعاده دادرسی			101	ماده 101- هزینه دادخواست اعاده دادرسی برابر هزینه تقدیم دادخواست به شعب تجدیدنظر دیوان است.
divan_edalat_edari	قانون دیوان عدالت اداری	بخش سوم - اعاده دادرسی			102	ماده 102- رسیدگی به دادخواست اعاده دادرسی در صلاحیت شعبه صادرکننده حکم قطعی است. شعبه مذکور در ابتداء در مورد قبول یا رد این دادخواست قرار لازم را صادر می نماید و در صورت قبول دادخواست مبادرت به رسیدگی ماهوی می کند.
divan_edalat_edari	قانون دیوان عدالت اداری	بخش سوم - اعاده دادرسی			103	ماده 103- شعبه رسیدگی کننده به موارد موضوع مواد (74)، (75) یا (98) این قانون مکلف است در صورت احراز ضرورت، دستور توقف اجرای حکم مورد رسیدگی را صادر کند.
divan_edalat_edari	قانون دیوان عدالت اداری	بخش سوم - اعاده دادرسی			104	ماده 104- هرگاه شعبه دادخواست اعاده دادرسی را وارد تشخیص دهد، حکم مورد تقاضای اعاده دادرسی را نقض و حکم مقتضی صادر می نماید. در صورتی که دادخواست اعاده دادرسی راجع به قسمتی از حکم باشد، فقط همان قسمت نقض یا اصلاح می گردد. چنانچه جهت دادخواست اعاده دادرسی، مغایرت دو حکم باشد، شعبه رسیدگی کننده پس از قبول اعاده دادرسی، حکم دوم را نقض می نماید و حکم اول به قوت خود باقی می ماند.
divan_edalat_edari	قانون دیوان عدالت اداری	بخش سوم - اعاده دادرسی			105	ماده 105- حکمی که پس از اعاده دادرسی صادر می گردد، قابل اعاده دادرسی مجدد از همان جهت نیست.
divan_edalat_edari	قانون دیوان عدالت اداری	بخش سوم - اعاده دادرسی			106	ماده 106- در اعاده دادرسی به هیچ عنوان شخص دیگری غیر از طرفین دعوی، وکیل یا قائم مقام و یا نماینده قانونی آنان، نمی تواند وارد دعوی شود.
divan_edalat_edari	قانون دیوان عدالت اداری	بخش چهارم - اجرای احکام			107	ماده 107- کلیه اشخاص و مراجع مذکور در ماده(10) این قانون مکلفند آراء دیوان را پس از ابلاغ به فوریت اجراء نمایند.
divan_edalat_edari	قانون دیوان عدالت اداری	بخش چهارم - اجرای احکام			108	ماده 108- شعبه دیوان پس از صدور رأی مکلف است آن را به طرفین ابلاغ کند. محکوم علیه موظف است ظرف یک ماه از تاریخ ابلاغ حکم قطعی، نسبت به اجرای کامل رأی یا جلب رضایت محکوم له اقدام و نتیجه را به طور کتبی به شعبه صادرکننده حکم قطعی اعلام کند. در صورت عدم اجرای رأی یا عدم جلب رضایت محکوم له در مهلت مقرر، با درخواست محکوم له پرونده به واحد اجرای احکام ارسال می شود.
divan_edalat_edari	قانون دیوان عدالت اداری	بخش چهارم - اجرای احکام			109	ماده 109- در مواردی که به تشخیص رئیس دیوان اجرای آرای هیأت عمومی و هیأت های تخصصی دیوان مستلزم عملیات اجرائی باشد، پرونده جهت اجرای رأی به واحد اجرای احکام ارسال می شود. دستگاه های اجرایی مکلفند ظرف پانزده روز پس از انتشار رأی در روزنامه رسمی یا مهلتی که حسب مورد متناسب با موضوع توسط رئیس دیوان تعیین می شود که حداکثر سه ماه خواهد بود، مفاد رأی را اجراء یا به واحدهای تابعه جهت اجراء، ابلاغ و نتیجه را به واحد اجرای احکام اعلام نمایند. در صورت عدم اجرای آرای مذکور، با اعلام واحد اجرای احکام و ارجاع موضوع توسط رئیس دیوان، مستنکف مشمول حکم مقرر در ماده (112) این قانون می شود.
divan_edalat_edari	قانون دیوان عدالت اداری	بخش چهارم - اجرای احکام			110	ماده 110- واحد اجرای احکام دیوان موظف است اقدامات لازم را جهت اجرای احکام دیوان به عمل آورد و در صورت استنکاف شخص یا مرجع محکوم علیه از اجرای حکم قطعی، مراتب را به رئیس دیوان گزارش دهد. رئیس دیوان بلافاصله پرونده را به شعبه صادرکننده رای قطعی ارجاع می‌نماید. شعبه مذکور موظف است خارج از نوبت به موضوع استنکاف رسیدگی و رای مقتضی صادر و پرونده را جهت اقدامات بعدی به واحد اجرای احکام دیوان ارسال نماید. رئیس دیوان بلافاصله پرونده را به شعبه صادرکننده رای قطعی ارجاع می‌نماید. شعبه مذکور موظف است خارج از نوبت به موضوع استنکاف رسیدگی و رای مقتضی صادر و پرونده را جهت اقدامات بعدی به واحد اجرای احکام دیوان ارسال نماید.» تبصره 1- در مواردی که اجرای حکم، مستلزم اتخاذ تصمیم توسط شورا، هیئت و یا کمیسیونی مرکب از دو یا چند نفر باشد و اعضای آن‌ها از تبعیت حکم صادرشده استنکاف نمایند، تمامی اعضای مؤثر در مخالفت با حکم دیوان، مستنکف شناخته می‌شوند. تبصره 2- مرجع رسیدگی به استنکاف از رای هیئت عمومی، شعب تجدیدنظر دیوان است. تبصره 3(اصلاحی 1402/2/10)- شعبه رسیدگی کننده به استنکاف ابتدا شخص یا اشخاص مستنکف را احضار و موضوع را به آنها تفهیم می نماید و در هر صورت با احراز استنکاف، مشمول حکم مقرر در ماده (112) این قانون قرار می گیرد. رعایت این امر در رسیدگی به سایر موارد استنکاف، از جمله موضوع مواد (30)، (39) و (44) این قانون الزامی است.
divan_edalat_edari	قانون دیوان عدالت اداری	بخش چهارم - اجرای احکام			111	ماده 111- دادرس اجرای احکام از طرق زیر مبادرت به اجرای حکم می کند: 1 - احضار مسؤول مربوط و اخذ تعهد بر اجرای حکم یا جلب رضایت محکومٌ‌‌له در مدت معین 2 - دستور توقیف حساب بانکی محکومٌ علیه و برداشت از آن به میزان مبلغ محکومٌ به در صورت عدم اجرای حکم یک سال پس از ابلاغ 3 - دستور توقیف و ضبط اموال شخص متخلف به درخواست ذی‌نفع طبق مقررات قانون آیین دادرسی دادگاههای عمومی و انقلاب (در امورمدنی) 4- دستور ابطال اسناد یا تصمیمات اتخاذ شده مغایر با رأی دیوان با رعایت لایحه قانونی نحوه خرید و تملک اراضی و املاک برای اجرای برنامه‌های عمومی، عمرانی و نظامی دولت مصوب 17/11/1358 شورای انقلاب و اصلاحات بعدی آن و قانون تعیین تکلیف اراضی واگذاری دولت و نهادها مصوب 15/12/1370 مجمع تشخیص مصلحت نظام 5(الحاقی 1402/2/10)- اعلام مراتب از سوی واحد اجرای احکام پس از انقضای مهلت یکساله به سازمان برنامه و بودجه کشور که در این صورت سازمان مذکور موظف است ظرف سه ماه، محکوم به را بدون رعایت محدودیت های جابه جایی از ردیف بودجه سنواتی دستگاه مربوط کسر و مستقیماً به حساب محکوم له پرداخت کند. تبصره(الحاقی 1402/2/10)- در صورتی که قاضی اجرای احکام تشخیص دهد رأی صادره از طرف محکومه علیه اجرا شده است و اقدام دیگری ندارد، قرار خاتمه اجرای حکم را صادر می کند و پرونده بایگانی می شود. قرار صادره به محکوم له ابلاغ می شود و چنانچه وی به هر دلیل مدعی عدم اجرای کامل یا بخشی از رأی صادره از سوی محکوم علیه باشد، حداکثر ظرف یک ماه پس از ابلاغ قرار مذکور، با رعایت معاذیر شرعی یا قانونی، مهلت اعتراض نسبت به آن را دارد. در این صورت پرونده به شعبه صادر کننده رأی قطعی ارسال و برابر تصمیم شعبه مذکور اقدام می‌شود.
divan_edalat_edari	قانون دیوان عدالت اداری	بخش چهارم - اجرای احکام			112	ماده 112- در صورتی که محکوم علیه از اجرای آرای دیوان استنکاف نماید، پرونده با ارجاع رئیس دیوان در شعبه صادرکننده رأی قطعی، رسیدگی و مستنکف به انفصال از خدمات دولتی تا پنج سال و یا به محرومیت از حقوق اجتماعی تا پنج سال و جبران خسارت وارده، محکوم می شود. رأی صادره ظرف بیست روز پس از ابلاغ بدون رعایت تشریفات تنظیم دادخواست، قابل تجدیدنظرخواهی حسب مورد در شعبه تجدیدنظر و شعبه هم عرض است. حکم قطعی صادره جهت اجراء به مقام مافوق مستنکف و عندالاقتضاء به مراجع نظارتی مربوط، ابلاغ و در خصوص دارندگان پایه قضائی به دادسرای انتظامی قضات اعلام می‌شود.
divan_edalat_edari	قانون دیوان عدالت اداری	بخش چهارم - اجرای احکام			113	ماده 113- رئیس دیوان جهت کاهش شکایات و پیشگیری از وقوع تخلفات، اقدامات زیر را انجام می دهد: 1- در مواردی که در جریان رسیدگی به پرونده ها در دیوان، ایرادات و نواقصی در قوانین و مقررات مشاهده شود که منشأ طرح شکایت در دیوان شده است، پیشنهادهای اصلاحی خود را حسب مورد، به رئیس جمهور یا رئیس قوه قضائیه یا رئیس مجلس شورای اسلامی و یا دیگر مراجع ذیربط واضع مقررات، اعلام می نماید. 2- اقدامات و تدابیر پیشگیرانه مناسب را در چهارچوب قوانین و مقررات، جهت کاهش موجبات طرح شکایت در دیوان با همکاری دستگاه های اجرائی مربوط به عمل می آورد.
divan_edalat_edari	قانون دیوان عدالت اداری	بخش چهارم - اجرای احکام			114	ماده 114- چنانچه در جریان اجرای آراء دیوان، راجع به نحوه اجرای رأی بین طرفین توافقی شود و محکوم ٌعلیه به تعهدات خود عمل ننماید، محکومٌ له می تواند ادامه عملیات اجرائی را درخواست کند و واحد اجرای احکام دیوان با اجرای رأی دیوان یا توافق، موضوع را پیگیری می نماید.
divan_edalat_edari	قانون دیوان عدالت اداری	بخش چهارم - اجرای احکام			115	ماده 115- در مواردی که محکوم ٌعلیه در مقام اجرای احکام قطعی دیوان، به موانع قانونی استناد نماید و یا به جهتی امکان عملی اجرای حکم نباشد و این جهات به تشخیص دادرس اجرای احکام دیوان، موجه شناخته شود، از موارد اعاده دادرسی تلقی و پرونده به منظور رسیدگی به این جهات به شعبه صادرکننده رأی قطعی ارجاع می‌گردد. شعبه مزبور در صورت تأیید وجود مانع قانونی و یا عدم امکان اجرای حکم، رأی مقتضی به جبران خسارت و یا تعیین جایگزین محکومٌ به صادر می نماید. در غیراین‌صورت قرار رد صادر و پرونده برای ادامه عملیات اجرائی به واحد اجرای احکام دیوان اعاده می شود. رأی و یا قرار صادرشده در این مرحله قطعی است.
divan_edalat_edari	قانون دیوان عدالت اداری	بخش چهارم - اجرای احکام			116	ماده 116- در مواردی که اجرای حکم قطعی از اختیار محکوم علیه خارج و یا موکول به تمهید مقدماتی از سوی مرجع دیگری غیر از محکوم علیه باشد و مرجع اخیر در جریان دادرسی وارد نشده باشد، ظرف یک ماه از تاریخ ابلاغ واحد اجرای احکام، مرجع یاد شده می تواند به رأی صادره اعتراض کند و شعبه صادرکننده رأی قطعی باید به موضوع رسیدگی و تصمیم لازم را اتخاذ نماید. این رأی قطعی و لازم الاجراء است. مرجع مذکور در صورت عدم اعتراض در مهلت مقرر، مکلف به اجرای حکم بوده و در صورت استنکاف، مطابق ماده (112) این قانون اقدام می‌شود.
divan_edalat_edari	قانون دیوان عدالت اداری	بخش چهارم - اجرای احکام			117	ماده 117- چنانچه دادرس اجرای احکام دیوان، رأی شعبه دیوان را مبهم بداند، به نحوی که اجرای آن امکان نداشته باشد با ذکر مورد ابهام از شعبه صادرکننده رأی تقاضای رفع ابهام می نماید. نظر شعبه درخصوص رفع ابهام، برای دادرس اجرای احکام دیوان، لازم الاتباع است.
divan_edalat_edari	قانون دیوان عدالت اداری	بخش چهارم - اجرای احکام			118	ماده 118- دستگاههای اجرائی موضوع ماده(5) قانون مدیریت خدمات کشوری مصوب 8/7/1386 مکلفند دستورات دیوان را در مقام اجرای حکم اجراء کنند. تخلف از مقررات این ماده، علاوه بر تعقیب اداری و انتظامی حسب مورد، مستوجب مجازات مقرر در ماده(112) این قانون است.
divan_edalat_edari	قانون دیوان عدالت اداری	بخش چهارم - اجرای احکام			119	ماده 119- در اجرای بند «1» ماده(111) این قانون، چنانچه مسؤول مربوط پس از احضار بدون عذر موجه، در واحد اجرای احکام دیوان حاضر نشود، دادرس اجرای احکام مطابق تبصره(2) ماده(43) این قانون، اقدام می نماید.
divan_edalat_edari	قانون دیوان عدالت اداری	بخش پنجم - سایر مقررات			120	ماده 120- به منظور حفظ حقوق عامه و جلوگیری از تضییع آن در حدود صلاحیت دیوان عدالت اداری، رئیس دیوان یکی از معاونان قضائی خود را برای انجام وظایف زیر تعیین می کند: 1- طرح شکایت از اقدامات و تصمیماتی که به جهات مذکور در ماده (10) این قانون موجب تضییع حقوق عامه می شود، نزد شعب دیوان و حسب مورد تجدیدنظرخواهی نسبت به آرای مذکور تبصره- در موارد موضوع این بند، پرداخت هزینه دادرسی و رعایت تشریفات مواعد قانونی طرح شکایت لازم نیست. 2- شناسایی آیین نامه ها، مقررات و سایر نظامات ناظر بر حقوق عامه که مغایر جهات مذکور در ماده (12) این قانون است و درخواست ابطال آنها تبصره- دستگاه های اجرایی موضوع ماده (12) این قانون مکلفند با حفظ محرمانگی طبق قوانین و مقررات مربوط یک نسخه از مصوبات، آیین نامه ها، دستورالعمل ها و بخشنامه های خود را ظرف یک ماه پس از وضع یا صدور، در پایگاه الکترونیکی دیوان قرار دهند. خودداری از اجرای این تکلیف از سوی دستگاه های مذکور، تخلف اداری محسوب می شود.
divan_edalat_edari	قانون دیوان عدالت اداری	بخش پنجم - سایر مقررات			121	ماده 121- هرگاه ضمن رسیدگی به موضوعی در دیوان، رئیس دیوان در جریان تضییع حقوق عمومی و یا منافع بیت المال قرار گیرد، موظف است مراتب را حسب مورد به سازمان بازرسی کل کشور، دادستان کل کشور و دیوان محاسبات کشور اعلام نماید.
divan_edalat_edari	قانون دیوان عدالت اداری	بخش پنجم - سایر مقررات			122	ماده 122- مقررات مربوط به رد دادرس و نحوه ابلاغ اوراق، آراء و تصمیمات دیوان و وکالت و سایر موارد سکوت در این قانون به ترتیبی است که در قانون آیین دادرسی دادگاههای عمومی و انقلاب (در امور مدنی) و قانون اجرای احکام مدنی مقرر شده است.
divan_edalat_edari	قانون دیوان عدالت اداری	بخش پنجم - سایر مقررات			123	ماده 123- بودجه دیوان در ردیف مستقل ذیل ردیف بودجه قوه قضائیه منظور می گردد.
divan_edalat_edari	قانون دیوان عدالت اداری	بخش پنجم - سایر مقررات			124	ماده 124- از تاریخ لازم الاجراء شدن این قانون، قانون دیوان عدالت اداری مصوب 25/9/1385 و اصلاحات بعدی آن و آیین دادرسی دیوان عدالت اداری مصوب 26/2/1379 قوه قضائیه لغو می شود. قانون فوق مشتمل بر یکصد و بیست و چهار ماده و سی و نه تبصره در جلسه علنی روز سه شنبه مورخ 22/9/1390 مجلس شورای اسلامی تصویب شد و مواد(10)، (12)، (89)، (90) و (94) این قانون در تاریخ 25/3/1392 از سوی مجمع تشخیص مصلحت نظام موافق با مصلحت نظام تشخیص داده شد و مابقی مواد این قانون در تاریخ 30/9/1390 به تأیید شورای نگهبان رسید.
