law_code	law_name	bab	section	chapter	article_number	text
tejarat_electronic	قانون تجارت الکترونیکی	باب اول - مقررات عمومی	مبحث اول - در کلیات	فصل اول - قلمرو و شمول قانون	1	ماده 1- این قانون مجموعه اصول و قواعدی است که برای مبادله آسان و ایمن اطلاعات در واسط های الکترونیکی و با استفاده از سیستمهای ارتباطی جدید به کار‌می‌رود.
tejarat_electronic	قانون تجارت الکترونیکی	باب اول - مقررات عمومی	مبحث اول - در کلیات	فصل دوم - تعاریف	2	ماده 2- الف - «‌داده پیام» (Data Message) : هر نمادی از واقعه، اطلاعات یا مفهوم است که‌با وسایل الکترونیکی، نوری و یا فناوری‌های جدید اطلاعات تولید، ارسال، دریافت،‌ذخیره یا پردازش می‌شود. ب - «اصل‌ساز» (Originator) : منشأ اصلی «‌داده پیام» است که «‌داده پیام» به‌وسیله او یا از طرف او تولید یا ارسال می‌شود اما شامل شخصی که در خصوص «داده پیام»‌به عنوان واسطه عمل می‌کند نخواهد شد. ج - «‌مخاطب» (Addressee) : شخصی است که اصل‌ساز قصد دارد وی «‌داده پیام»‌ را دریافت کند، اما شامل شخصی که در ارتباط با «‌داده پیام» به عنوان واسطه عمل می‌کند‌ نخواهد شد. د - «‌ارجاع در داده پیام» (Incorporation By Reference) : یعنی به منابعی خارج از«‌داده پیام» عطف شود که درصورت مطابقت با ماده (18) این قانون جزئی از «‌داده پیام»‌محسوب می‌شود. ه- - «تمامیت داده پیام» (Integrity) :عبارت است از موجودیت کامل و بدون تغییر«‌داده پیام». اعمال ناشی از تصدی سیستم از قبیل ارسال، ذخیره یا نمایش اطلاعات که به‌طور معمول انجام می‌شود خدشه‌ای به تمامیت «‌داده پیام» وارد نمی‌کند. و - «‌سیستم رایانه‌ای» (Computer System) : هر نوع دستگاه یا مجموعه‌ای از‌دستگاههای متصل سخت‌افزاری - نرم‌افزاری است که ازطریق اجرای برنامه‌های پردازش‌خودکار «‌داده پیام» عمل می‌کند. ‌ز - «سیستم اطلاعاتی» (Information System) : سیستمی برای تولید (اصل‌سازی)،‌ ارسال، دریافت، ذخیره یا پردازش «‌داده پیام» است. ح - «سیستم اطلاعاتی مطمئن» (Secure Information System) : سیستم اطلاعاتی‌است که: 1 - به نحوی معقول در برابر سوء استفاده و نفوذ محفوظ باشد. 2 - سطح معقولی از قابلیت دسترسی و تصدی صحیح را دارا باشد. 3 - به نحوی معقول متناسب با اهمیت کاری که انجام می‌دهد پیکربندی و‌سازماندهی شده باشد. 4 - موافق با رویه ایمن باشد. ط - «‌رویه ایمن» (Secure Method) : رویه‌ای است برای تطبیق صحت ثبت «‌داده‌پیام»، منشأ و مقصد آن با تعیین تاریخ و برای یافتن هرگونه خطا یا تغییر در مبادله، محتوا و‌ یا ذخیره‌سازی «‌داده پیام» از یک زمان خاص. یک رویه ایمن ممکن است با استفاده از‌الگوریتمها یا کدها، کلمات یا ارقام شناسائی، رمزنگاری، روش‌های تصدیق یا پاسخ‌برگشت و یا طرق ایمنی مشابه انجام شود. ی - «‌امضای الکترونیکی» (Electronic Signature) : عبارت از هر نوع علامت‌منضم شده یا به نحو منطقی متصل شده به «‌داده پیام» است که برای شناسائی امضاء‌کننده «‌داده پیام» مورد استفاده قرار می‌گیرد ک - «‌امضای الکترونیکی مطمئن» (Secure/Enhanced/Advanced Electronic Signature) : ‌هر امضای الکترونیکی است که مطابق با ماده (10) این قانون باشد. ل - «‌امضاء کننده» (Signatory) : هر شخص یا قائم‌مقام وی که امضای الکترونیکی‌تولید می‌کند. م - «‌شخص» (Person) : اعم است از شخص حقیقی و حقوقی و یا سیستم‌های‌رایانه‌ای تحت کنترل آنان. ن - «‌معقول» (‌سنجش عقلانی) (Reasonableness Test) : با توجه به اوضاع و‌احوال مبادله «‌داده پیام» از جمله: طبیعت مبادله، مهارت و موقعیت طرفین، حجم‌مبادلات طرفین در موارد مشابه، در دسترس بودن گزینه‌های پیشنهادی و رد آن گزینه‌ها از‌جانب هر یک از طرفین، هزینه گزینه‌های پیشنهادی، عرف و روش‌های معمول و مورد‌استفاده در این نوع مبادلات، ارزیابی می‌شود. س - «‌مصرف‌کننده» (Consumer) : هر شخصی است که به منظوری جز تجارت یا‌ شغل حرفه‌ای اقدام می‌کند. ع - «‌تأمین‌کننده» (Supplier) : عبارت از شخصی است که بنا به اهلیت تجاری،‌صنفی یا حرفه‌ای فعالیت می‌کند. ف - «‌وسائل ارتباط از راه دور» (Means Of Distance Communication) : عبارت از‌هر نوع وسیله‌ای است که بدون حضور فیزیکی همزمان تأمین‌کننده و مصرف‌کننده جهت‌فروش کالا و خدمات استفاده می‌شود. ص - «‌عقد از راه دور»» (Distance Contract) : ایجاب و قبول راجع به کالاها و‌خدمات بین تأمین‌کننده و مصرف‌کننده با استفاده از وسائل ارتباط از راه دور است. ق - «‌واسط با دوام» (Durable Medium) : یعنی وسائلی که به موجب آن مصرف‌کننده بتواند شخصاً «‌داده پیام»‌های مربوطه را بر روی آن ذخیره کند از جمله شامل فلاپی‌دیسک، دیسک فشرده، دیسک سخت و یا پست الکترونیکی مصرف‌کننده. ر - ‌«‌داده پیام‌های شخصی» (Private Data) : یعنی «‌داده پیام»‌های مربوط به یک‌شخص حقیقی (‌موضوع «‌داده» (Data Subject) مشخص و معین.
tejarat_electronic	قانون تجارت الکترونیکی	باب اول - مقررات عمومی	مبحث اول - در کلیات	فصل سوم - تفسیر قانون	3	ماده 3- در تفسیر این قانون همیشه باید به خصوصیت بین‌المللی، ضرورت توسعه‌ هماهنگی بین کشورها در کاربرد آن و رعایت لزوم حسن نیت توجه کرد.
tejarat_electronic	قانون تجارت الکترونیکی	باب اول - مقررات عمومی	مبحث اول - در کلیات	فصل سوم - تفسیر قانون	4	ماده 4- درمواقع سکوت و یا ابهام باب اول این قانون، محاکم قضایی باید براساس‌سایرقوانین‌ موضوعه و رعایت چهارچوب‌ فصول و مواد مندرج دراین قانون، قضاوت‌نمایند.
tejarat_electronic	قانون تجارت الکترونیکی	باب اول - مقررات عمومی	مبحث اول - در کلیات	فصل چهارم - اعتبار قراردادهای خصوصی	5	ماده 5- هرگونه تغییر در تولید، ارسال، دریافت، ذخیره و یا پردازش داده پیام با‌توافق و قرارداد خاص طرفین معتبر است.
tejarat_electronic	قانون تجارت الکترونیکی	باب اول - مقررات عمومی	مبحث دوم - در احکام «‌داده پیام» - نوشته، امضاء اصل		6	ماده 6- هرگاه وجود یک نوشته از نظر قانون لازم باشد، «‌داده پیام» در حکم نوشته‌است مگر در موارد زیر: ‌الف - اسناد مالکیت اموال غیرمنقول. ب - فروش مواد داروئی به مصرف کنندگان نهایی. ج - اعلام، اخطار، هشدار و یا عبارات مشابهی که دستور خاصی برای استفاده کالا ‌صادر می‌کند و یا از بکارگیری روش‌های خاصی به صورت فعل یا ترک فعل منع می‌کند.
tejarat_electronic	قانون تجارت الکترونیکی	باب اول - مقررات عمومی	مبحث دوم - در احکام «‌داده پیام» - نوشته، امضاء اصل		7	ماده 7- هرگاه قانون، وجود امضاء را لازم بداند امضای الکترونیکی مکفی است.
tejarat_electronic	قانون تجارت الکترونیکی	باب اول - مقررات عمومی	مبحث دوم - در احکام «‌داده پیام» - نوشته، امضاء اصل		8	ماده 8- هرگاه قانون لازم بداند که اطلاعات به صورت اصل ارائه یا نگهداری شود،‌این امر با نگهداری و ارائه اطلاعات به صورت داده پیام نیز درصورت وجود شرایط زیر‌ امکان‌پذیر می‌باشد: ‌الف - اطلاعات مورد نظر قابل دسترسی بوده و امکان استفاده درصورت رجوع ‌بعدی فراهم باشد. ب - داده پیام به همان قالبی (‌فرمتی) که تولید، ارسال و یا دریافت شده و یا به‌قالبی که دقیقاً نمایشگر اطلاعاتی باشد که تولید، ارسال و یا دریافت شده، نگهداری شود. ج - اطلاعاتی که مشخص کننده مبداء، مقصد، زمان ارسال و زمان دریافت داده‌پیام می‌باشند نیز درصورت وجود نگهداری شوند. ‌د - شرایط دیگری که هر نهاد، سازمان، دستگاه دولتی و یا وزارتخانه درخصوص‌نگهداری داده پیام مرتبط با حوزه مسؤولیت خود مقرر نموده فراهم شده باشد.
tejarat_electronic	قانون تجارت الکترونیکی	باب اول - مقررات عمومی	مبحث دوم - در احکام «‌داده پیام» - نوشته، امضاء اصل		9	ماده 9- هرگاه شرایطی به وجود آید که از مقطعی معین ارسال «‌داده پیام» خاتمه‌یافته و استفاده از اسناد کاغذی جایگزین آن شود سند کاغذی که تحت این شرایط صادر‌می‌شود باید به طور صریح ختم تبادل «داده پیام» را اعلام کند. جایگزینی اسناد کاغذی به‌ جای «‌داده پیام» اثری بر حقوق و تعهدات قبلی طرفین نخواهد داشت.
tejarat_electronic	قانون تجارت الکترونیکی	باب اول - مقررات عمومی	مبحث سوم - «‌داده پیام» مطمئن	فصل اول - امضاء و سابقه الکترونیکی مطمئن	10	ماده 10- امضای الکترونیکی مطمئن باید دارای شرایط زیر باشد: ‌الف - نسبت به امضاء کننده منحصر به فرد باشد. ب - هویت امضاء کننده «‌داده پیام» را معلوم نماید. ج - به وسیله امضاء کننده و یا تحت اراده انحصاری وی صادر شده باشد. ‌د - به نحوی به یک «‌داده پیام» متصل شود که هر تغییری در آن «‌داده پیام» قابل‌تشخیص و کشف باشد.
tejarat_electronic	قانون تجارت الکترونیکی	باب اول - مقررات عمومی	مبحث سوم - «‌داده پیام» مطمئن	فصل اول - امضاء و سابقه الکترونیکی مطمئن	11	ماده 11- سابقه الکترونیکی مطمئن عبارت از «داده پیام»ی است که با رعایت‌شرایط یک سیستم اطلاعاتی مطمئن ذخیره شده و به هنگام لزوم در دسترس و قابل درک‌است.
tejarat_electronic	قانون تجارت الکترونیکی	باب اول - مقررات عمومی	مبحث سوم - «‌داده پیام» مطمئن	فصل دوم - پذیرش، ارزش اثباتی و آثار سابقه و امضای الکترونیکی مطمئن	12	ماده 12- اسناد و ادله اثبات دعوی ممکن است به صورت داده پیام بوده و در‌هیچ محکمه یا اداره دولتی نمی‌توان براساس قواعد ادله موجود، ارزش اثباتی «‌داده پیام»‌را صرفاً به دلیل شکل و قالب آن رد کرد.
tejarat_electronic	قانون تجارت الکترونیکی	باب اول - مقررات عمومی	مبحث سوم - «‌داده پیام» مطمئن	فصل دوم - پذیرش، ارزش اثباتی و آثار سابقه و امضای الکترونیکی مطمئن	13	ماده 13- به طور کلی، ارزش اثباتی «‌داده پیام»‌ها با توجه به عوامل مطمئنه ازجمله‌تناسب روش‌های ایمنی به کار گرفته شده با موضوع و منظور مبادله «‌داده پیام» تعیین‌می‌شود.
tejarat_electronic	قانون تجارت الکترونیکی	باب اول - مقررات عمومی	مبحث سوم - «‌داده پیام» مطمئن	فصل دوم - پذیرش، ارزش اثباتی و آثار سابقه و امضای الکترونیکی مطمئن	14	ماده 14- کلیه «‌داده پیام»‌هائی که به طریق مطمئن ایجاد و نگهداری شده‌اند از‌حیث محتویات و امضای مندرج در آن، تعهدات طرفین یا طرفی که تعهد کرده و کلیه‌اشخاصی که قائم‌مقام قانونی آنان محسوب می‌شوند، اجرای مفاد آن و سایر آثار در حکم سناد[اسناد] معتبر و قابل استناد در مراجع قضائی و حقوقی است.
tejarat_electronic	قانون تجارت الکترونیکی	باب اول - مقررات عمومی	مبحث سوم - «‌داده پیام» مطمئن	فصل دوم - پذیرش، ارزش اثباتی و آثار سابقه و امضای الکترونیکی مطمئن	15	ماده 15- نسبت به «‌داده پیام» مطمئن، سوابق الکترونیکی مطمئن و امضای‌الکترونیکی مطمئن انکار و تردید مسموع نیست و تنها می‌توان ادعای جعلیت به«‌داده‌پیام» مزبور وارد و یا ثابت نمود که «‌داده پیام» مزبور به جهتی از جهات قانونی از‌ اعتبار افتاده است.
tejarat_electronic	قانون تجارت الکترونیکی	باب اول - مقررات عمومی	مبحث سوم - «‌داده پیام» مطمئن	فصل دوم - پذیرش، ارزش اثباتی و آثار سابقه و امضای الکترونیکی مطمئن	16	ماده 16- هر «‌داده پیام»ی که توسط شخص ثالث مطابق با شرایط ماده (11) این قانون ثبت و نگهداری می‌شود، مقرون به صحت است.
tejarat_electronic	قانون تجارت الکترونیکی	باب اول - مقررات عمومی	مبحث چهارم - مبادله «‌داده پیام»	فصل اول - اعتبار قانونی ارجاع در «‌داده پیام»، عقد و اراده طرفین	17	ماده 17- «‌ارجاع در داده پیام» با رعایت موارد زیر معتبر است: ‌الف - مورد ارجاع به طور صریح در «‌داده پیام» معین شود. ب - مورد ارجاع برای طرف مقابل که به آن تکیه می‌کند روشن و مشخص باشد. ج - «‌داده پیام» موضوع ارجاع مورد قبول طرف باشد.
tejarat_electronic	قانون تجارت الکترونیکی	باب اول - مقررات عمومی	مبحث چهارم - مبادله «‌داده پیام»	فصل دوم - انتساب «‌داده پیام»	18	ماده 18- در موارد زیر «‌داده پیام» منسوب به اصل‌ساز است: ‌الف - اگر توسط اصل‌ساز و یا به وسیله شخصی ارسال شده باشد که از جانب اصل‌ساز مجاز به این کار بوده است. ب - اگر به وسیله سیستم اطلاعاتی برنامه‌ریزی شده یا تصدی خودکار از جانب ‌اصل‌ساز ارسال شود.
tejarat_electronic	قانون تجارت الکترونیکی	باب اول - مقررات عمومی	مبحث چهارم - مبادله «‌داده پیام»	فصل دوم - انتساب «‌داده پیام»	19	ماده 19- «‌داده‌پیام»ی که براساس یکی از شروط زیر ارسال می‌شود مخاطب حق ‌دارد آن را ارسال شده محسوب کرده، و مطابق چنین فرضی (‌ارسال شده) عمل نماید: ‌الف - قبلاً به وسیله اصل‌ساز روشی معرفی و یا توافق شده باشد که معلوم کند آیا «‌داده پیام» همان است که اصل‌ساز ارسال کرده است، ب - «داده پیام» دریافت شده توسط مخاطب از اقدامات شخصی ناشی شده که ‌رابطه‌اش با اصل‌ساز، یا نمایندگان وی باعث شده تا شخص مذکور به روش مورداستفاده‌ اصل‌ساز دسترسی یافته و «‌داده پیام» را به مثابه «‌داده پیام» خود بشناسد.
tejarat_electronic	قانون تجارت الکترونیکی	باب اول - مقررات عمومی	مبحث چهارم - مبادله «‌داده پیام»	فصل دوم - انتساب «‌داده پیام»	20	ماده 20- ماده (19) این قانون شامل مواردی نیست که پیام از اصل‌ساز صادر نشده ‌باشد و یا به طور اشتباه صادر شده باشد.
tejarat_electronic	قانون تجارت الکترونیکی	باب اول - مقررات عمومی	مبحث چهارم - مبادله «‌داده پیام»	فصل دوم - انتساب «‌داده پیام»	21	ماده 21- هر «‌داده پیام» یک «‌داده پیام» مجزا و مستقل محسوب می‌گردد، مگر‌ آن‌که معلوم باشد که آن «‌داده پیام» نسخه مجددی از «‌داده پیام» اولیه است.
tejarat_electronic	قانون تجارت الکترونیکی	باب اول - مقررات عمومی	مبحث چهارم - مبادله «‌داده پیام»	فصل سوم - تصدیق دریافت	22	ماده 22- هرگاه قبل یا به هنگام ارسال «‌داده پیام» اصل‌ساز از مخاطب بخواهد یا‌ توافق کنند که دریافت «داده پیام» تصدیق شود، اگر به شکل یا روش تصدیق توافق نشده ‌باشد، هر نوع ارتباط خودکار یا مکاتبه یا اتخاذ هرنوع تدبیر مناسب از سوی مخاطب که‌اصل‌ساز را به نحو معقول از دریافت «‌داده پیام» مطمئن کند تصدیق دریافت «‌داده‌پیام»‌محسوب می‌گردد.
tejarat_electronic	قانون تجارت الکترونیکی	باب اول - مقررات عمومی	مبحث چهارم - مبادله «‌داده پیام»	فصل سوم - تصدیق دریافت	23	ماده 23- اگر اصل‌ساز به طور صریح هرگونه اثر حقوقی «‌داده پیام» را مشروط به ‌تصدیق دریافت «‌داده پیام» کرده باشد، «‌داده پیام» ارسال نشده تلقی می‌شود، مگر آن‌که‌ تصدیق آن دریافت شود.
tejarat_electronic	قانون تجارت الکترونیکی	باب اول - مقررات عمومی	مبحث چهارم - مبادله «‌داده پیام»	فصل سوم - تصدیق دریافت	24	ماده 24- اماره دریافت «‌داده پیام» راجع به محتوای «‌داده پیام» صادق نیست.
tejarat_electronic	قانون تجارت الکترونیکی	باب اول - مقررات عمومی	مبحث چهارم - مبادله «‌داده پیام»	فصل سوم - تصدیق دریافت	25	ماده 25- هنگامی که در تصدیق قید می‌شود «‌داده پیام» مطابق با الزامات فنی ‌استاندارد یا روش مورد توافق طرفین دریافت شده، فرض بر این است که آن الزامات ‌رعایت شده‌اند.
tejarat_electronic	قانون تجارت الکترونیکی	باب اول - مقررات عمومی	مبحث چهارم - مبادله «‌داده پیام»	فصل چهارم - زمان و مکان ارسال و دریافت «‌داده پیام»	26	ماده 26- ارسال «‌داده پیام» زمانی تحقق می‌یابد که به یک سیستم اطلاعاتی خارج ‌از کنترل اصل‌ساز یا قائم ‌مقام وی وارد شود.
tejarat_electronic	قانون تجارت الکترونیکی	باب اول - مقررات عمومی	مبحث چهارم - مبادله «‌داده پیام»	فصل چهارم - زمان و مکان ارسال و دریافت «‌داده پیام»	27	ماده 27- زمان دریافت «‌داده پیام» مطابق شرایط زیر خواهد بود: ‌الف - اگر سیستم اطلاعاتی مخاطب برای دریافت «‌داده پیام» معین شده باشد ‌دریافت، زمانی محقق می‌شود که: 1 - «‌داده پیام» به سیستم اطلاعاتی معین شده وارد شود؛ یا 2 - چنانچه «‌داده پیام» به سیستم اطلاعاتی مخاطب غیر از سیستمی که منحصراً‌ برای این کار معین شده وارد شود «‌داده پیام» بازیافت شود. ب - اگر مخاطب، یک سیستم اطلاعاتی برای دریافت معین نکرده باشد، دریافت‌زمانی محقق می‌شود که «‌داده پیام» وارد سیستم اطلاعاتی مخاطب شود.
tejarat_electronic	قانون تجارت الکترونیکی	باب اول - مقررات عمومی	مبحث چهارم - مبادله «‌داده پیام»	فصل چهارم - زمان و مکان ارسال و دریافت «‌داده پیام»	28	ماده 28- مفاد ماده (27) این قانون بدون توجه به محل استقرار سیستم اطلاعاتی‌ جاری است.
tejarat_electronic	قانون تجارت الکترونیکی	باب اول - مقررات عمومی	مبحث چهارم - مبادله «‌داده پیام»	فصل چهارم - زمان و مکان ارسال و دریافت «‌داده پیام»	29	ماده 29- اگر محل استقرار سیستم اطلاعاتی با محل استقرار دریافت «داده پیام»‌مختلف باشد مطابق قاعده زیر عمل می‌شود: ‌الف - محل تجاری، یا کاری اصل‌ساز محل ارسال «‌داده پیام» است و محل تجاری‌یا کاری مخاطب محل دریافت «‌داده پیام» است مگر آن که خلاف آن توافق شده باشد. ب - اگر اصل‌ساز بیش از یک محل تجاری یا کاری داشته باشد، نزدیکترین محل به اصل معامله، محل تجاری یا کاری خواهد بود در غیر این‌ صورت محل اصلی شرکت، محل تجاری یا کاری است. ج - اگر اصل‌ساز یا مخاطب فاقد محل تجاری یا کاری باشند، اقامتگاه قانونی آنان ملاک خواهد بود.
tejarat_electronic	قانون تجارت الکترونیکی	باب اول - مقررات عمومی	مبحث چهارم - مبادله «‌داده پیام»	فصل چهارم - زمان و مکان ارسال و دریافت «‌داده پیام»	30	ماده 30- آثار حقوقی پس از انتساب، دریافت تصدیق و زمان و مکان ارسال و‌دریافت «‌داده پیام» موضوع فصول دوم تا چهارم مبحث چهارم این قانون و همچنین ‌محتوی «‌داده پیام» تابع قواعد عمومی است.
tejarat_electronic	قانون تجارت الکترونیکی	باب دوم - دفاتر خدمات صدور گواهی الکترونیکی (Certification Service Provider)			31	ماده 31- دفاتر خدمات صدور گواهی الکترونیکی واحدهائی هستند که برای ارائه ‌خدمات صدور امضای الکترونیکی در کشور تأسیس می‌شوند. این خدمات شامل تولید،‌ صدور، ذخیره، ارسال، تأیید، ابطال و به روز نگهداری گواهی‌های اصالت (‌امضای)‌ الکترونیکی می‌باشد.
tejarat_electronic	قانون تجارت الکترونیکی	باب دوم - دفاتر خدمات صدور گواهی الکترونیکی (Certification Service Provider)			32	ماده 32- آئین‌نامه و ضوابط نظام تأسیس و شرح وظایف این دفاتر توسط سازمان‌ مدیریت و برنامه‌ریزی کشور و وزارتخانه‌های بازرگانی، ارتباطات و فناوری اطلاعات، ‌امور اقتصادی و دارایی و دادگستری تهیه و به تصویب هیأت وزیران خواهد رسید. (آیین‌نامه اجرایی ماده 32 قانون تجارت الکترونیکی را اینجا بخوانید)
tejarat_electronic	قانون تجارت الکترونیکی	باب سوم - در قواعد مختلف	مبحث اول - حمایت‌های انحصاری در بستر مبادلات الکترونیکی	فصل اول - حمایت از مصرف‌کننده (Consumer Protection)	33	ماده 33- فروشندگان کالا و ارائه دهندگان خدمات بایستی اطلاعات مؤثر در‌ تصمیم‌گیری مصرف‌کنندگان جهت خرید و یا قبول شرایط را از زمان مناسبی قبل از عقد ‌در اختیار مصرف‌کنندگان قرار دهند. حداقل اطلاعات لازم، شامل موارد زیر می‌باشد: ‌الف - مشخصات فنی و ویژگی‌های کاربردی کالا و یا خدمات. ب - هویت تأمین‌کننده، نام تجاری که تحت آن نام به فعالیت مشغول می‌باشد و‌ نشانی وی. ج - آدرس پست الکترونیکی، شماره تلفن و یا هر روشی که مشتری در صورت نیاز‌بایستی از آن طریق با فروشنده ارتباط برقرار کند. ‌ د - کلیه هزینه‌هائی که برای خرید کالا بر عهده مشتری خواهد بود (‌ازجمله قیمت ‌کالا و یا خدمات، میزان مالیات، هزینه حمل، هزینه تماس). ‌ه- - مدت زمانی که پیشنهاد ارائه شده معتبر می‌باشد. ‌و - شرایط و فرایند عقد از جمله ترتیب و نحوه پرداخت، تحویل و یا اجرا، فسخ،‌ارجاع، خدمات پس از فروش.
tejarat_electronic	قانون تجارت الکترونیکی	باب سوم - در قواعد مختلف	مبحث اول - حمایت‌های انحصاری در بستر مبادلات الکترونیکی	فصل اول - حمایت از مصرف‌کننده (Consumer Protection)	34	ماده 34- تأمین‌کننده باید به طور جداگانه ضمن تأیید اطلاعات مقدماتی،‌اطلاعات زیر را ارسال نماید: ‌الف - آدرس محل تجاری یا کاری تأمین‌کننده برای شکایت احتمالی. ب - اطلاعات راجع به ضمانت و پشتیبانی پس از فروش. ج - شرایط و فراگرد فسخ معامله به موجب مواد (37) و (38) این قانون. ‌د - شرایط فسخ در قراردادهای انجام خدمات.
tejarat_electronic	قانون تجارت الکترونیکی	باب سوم - در قواعد مختلف	مبحث اول - حمایت‌های انحصاری در بستر مبادلات الکترونیکی	فصل اول - حمایت از مصرف‌کننده (Consumer Protection)	35	ماده 35- اطلاعات اعلامی و تأییدیه اطلاعات اعلامی به مصرف‌کننده باید در‌ واسطی با دوام، روشن و صریح بوده و در زمان مناسب و با وسایل مناسب ارتباطی در‌مدت معین و براساس لزوم حسن نیت در معاملات و از جمله ضرورت رعایت افراد ناتوان‌ و کودکان ارائه شود.
tejarat_electronic	قانون تجارت الکترونیکی	باب سوم - در قواعد مختلف	مبحث اول - حمایت‌های انحصاری در بستر مبادلات الکترونیکی	فصل اول - حمایت از مصرف‌کننده (Consumer Protection)	36	ماده 36- درصورت استفاده از ارتباط صوتی، هویت تأمین‌کننده و قصد وی از‌ ایجاد تماس با مصرف‌کننده باید به طور روشن و صریح در شروع هر مکالمه بیان شود.
tejarat_electronic	قانون تجارت الکترونیکی	باب سوم - در قواعد مختلف	مبحث اول - حمایت‌های انحصاری در بستر مبادلات الکترونیکی	فصل اول - حمایت از مصرف‌کننده (Consumer Protection)	37	ماده 37- در هر معامله از راه دور مصرف‌کننده باید حداقل هفت روز کاری، وقت ‌برای انصراف (‌حق انصراف) از قبول خود بدون تحمل جریمه و یا ارائه دلیل داشته باشد.‌ تنها هزینه تحمیلی بر مصرف‌کننده هزینه بازپس فرستادن کالا خواهد بود.
tejarat_electronic	قانون تجارت الکترونیکی	باب سوم - در قواعد مختلف	مبحث اول - حمایت‌های انحصاری در بستر مبادلات الکترونیکی	فصل اول - حمایت از مصرف‌کننده (Consumer Protection)	38	ماده 38- شروع اعمال حق انصراف به ترتیب زیر خواهد بود: ‌الف - درصورت فروش کالا، از تاریخ تسلیم کالا به مصرف‌کننده و درصورت ‌فروش خدمات، از روز انعقاد. ب - در هر حال آغاز اعمال حق انصراف مصرف‌کننده پس از ارائه اطلاعاتی‌ خواهد بود که تأمین‌کننده طبق مواد (33) و (34) این قانون موظف به ارائه آن است. ج - به محض استفاده مصرف‌کننده از حق انصراف، تأمین‌کننده مکلف است‌ بدون مطالبه هیچ‌گونه وجهی عین مبلغ دریافتی را در اسرع وقت به مصرف‌کننده مسترد ‌نماید. ‌د - حق انصراف مصرف‌کننده در مواردی که شرایط خاصی بر نوع کالا و خدمات ‌حاکم است اجرا نخواهد شد. موارد آن به موجب آئین‌نامه‌ای است که در ماده (79) این‌قانون خواهد آمد. آیین نامه اجرایی ماده 38 قانون تجارت الکترونیکی
tejarat_electronic	قانون تجارت الکترونیکی	باب سوم - در قواعد مختلف	مبحث اول - حمایت‌های انحصاری در بستر مبادلات الکترونیکی	فصل اول - حمایت از مصرف‌کننده (Consumer Protection)	39	ماده 39- در صورتی که تأمین‌کننده در حین معامله به دلیل عدم موجودی کالا و یا‌عدم امکان اجرای خدمات، نتواند تعهدات خود را انجام دهد، باید مبلغ دریافتی را فوراً‌ به مخاطب برگرداند، مگر در بیع کلی و تعهداتی که برای همیشه وفای به تعهد غیرممکن ‌نباشد و مخاطب آماده صبر کردن تا امکان تحویل کالا و یا ایفای تعهد باشد. در صورتی که ‌معلوم شود تأمین‌کننده از ابتدا عدم امکان ایفای تعهد خود را می‌دانسته، علاوه بر لزوم‌استرداد مبلغ دریافتی، به حداکثر مجازات مقرر در این قانون نیز محکوم خواهد شد.
tejarat_electronic	قانون تجارت الکترونیکی	باب سوم - در قواعد مختلف	مبحث اول - حمایت‌های انحصاری در بستر مبادلات الکترونیکی	فصل اول - حمایت از مصرف‌کننده (Consumer Protection)	40	ماده 40- تأمین‌کننده می‌تواند کالا یا خدمات مشابه آنچه را که به مصرف‌کننده‌ وعده کرده تحویل یا ارائه نماید مشروط بر آن که قبل از معامله یا درحین انجام معامله آن را ‌اعلام کرده باشد.
tejarat_electronic	قانون تجارت الکترونیکی	باب سوم - در قواعد مختلف	مبحث اول - حمایت‌های انحصاری در بستر مبادلات الکترونیکی	فصل اول - حمایت از مصرف‌کننده (Consumer Protection)	41	ماده 41- درصورتی که تأمین‌کننده، کالا یا خدمات دیگری غیر از موضوع معامله‌ یا تعهد را برای مخاطب ارسال نماید، کالا و یا خدمات ارجاع داده می‌شود و هزینه ارجاع‌ به عهده تأمین‌کننده است. کالا یا خدمات ارسالی مذکور چنانچه به عنوان یک معامله یا ‌تعهد دیگر از سوی تأمین‌کننده مورد ایجاب قرار گیرد، مخاطب می‌تواند آن را قبول کند.
tejarat_electronic	قانون تجارت الکترونیکی	باب سوم - در قواعد مختلف	مبحث اول - حمایت‌های انحصاری در بستر مبادلات الکترونیکی	فصل اول - حمایت از مصرف‌کننده (Consumer Protection)	42	ماده 42- حمایت‌های این فصل در موارد زیر اجرا نخواهد شد: ‌الف - خدمات مالی که فهرست آن به موجب آئین‌نامه‌ای است که در ماده (79)‌ این قانون خواهد آمد. ب - معاملات راجع به فروش اموال غیرمنقول و یا حقوق مالکیت ناشی از اموال غیرمنقول به جز اجاره. ج - خرید از ماشین‌های فروش مستقیم کالا و خدمات. ‌د - معاملاتی که با استفاده از تلفن عمومی (‌همگانی) انجام می‌شود. ‌ه- - معاملات راجع به حراجی‌ها. آیین نامه اجرایی ماده 42 قانون تجارت الکترونیکی
tejarat_electronic	قانون تجارت الکترونیکی	باب سوم - در قواعد مختلف	مبحث اول - حمایت‌های انحصاری در بستر مبادلات الکترونیکی	فصل اول - حمایت از مصرف‌کننده (Consumer Protection)	43	ماده 43- تأمین‌کننده نباید سکوت مصرف‌کننده را حمل بر رضایت وی کند.
tejarat_electronic	قانون تجارت الکترونیکی	باب سوم - در قواعد مختلف	مبحث اول - حمایت‌های انحصاری در بستر مبادلات الکترونیکی	فصل اول - حمایت از مصرف‌کننده (Consumer Protection)	44	ماده 44- در موارد اختلاف و یا تردید مراجع قضائی رسیدگی خواهند کرد.
tejarat_electronic	قانون تجارت الکترونیکی	باب سوم - در قواعد مختلف	مبحث اول - حمایت‌های انحصاری در بستر مبادلات الکترونیکی	فصل اول - حمایت از مصرف‌کننده (Consumer Protection)	45	ماده 45- اجرای حقوق مصرف‌کننده به موجب این قانون نباید براساس سایر ‌قوانین که حمایت ضعیف‌تری اعمال می‌کنند متوقف شود.
tejarat_electronic	قانون تجارت الکترونیکی	باب سوم - در قواعد مختلف	مبحث اول - حمایت‌های انحصاری در بستر مبادلات الکترونیکی	فصل اول - حمایت از مصرف‌کننده (Consumer Protection)	46	ماده 46- استفاده از شروط قراردادی خلاف مقررات این فصل و همچنین اعمال‌ شروط غیرمنصفانه به ضرر مصرف‌کننده، مؤثر نیست.
tejarat_electronic	قانون تجارت الکترونیکی	باب سوم - در قواعد مختلف	مبحث اول - حمایت‌های انحصاری در بستر مبادلات الکترونیکی	فصل اول - حمایت از مصرف‌کننده (Consumer Protection)	47	ماده 47- در معاملات از راه دور آن بخش از موضوع معامله که به روشی غیر از ‌وسائل ارتباط از راه دور انجام می‌شود مشمول مقررات این قانون نخواهد بود.
tejarat_electronic	قانون تجارت الکترونیکی	باب سوم - در قواعد مختلف	مبحث اول - حمایت‌های انحصاری در بستر مبادلات الکترونیکی	فصل اول - حمایت از مصرف‌کننده (Consumer Protection)	48	ماده 48- سازمان‌های قانونی و مدنی حمایت از حقوق مصرف‌کننده می‌توانند‌ به‌ عنوان شاکی اقامه دعوی نمایند. ترتیب آن به موجب آئین‌نامه‌ای خواهد بود که به ‌پیشنهاد وزارت بازرگانی و تصویب هیأت وزیران می‌باشد. (آیین‌نامه اجرایی ماده 48 قانون تجارت الکترونیکی را اینجا بخوانید)
tejarat_electronic	قانون تجارت الکترونیکی	باب سوم - در قواعد مختلف	مبحث اول - حمایت‌های انحصاری در بستر مبادلات الکترونیکی	فصل اول - حمایت از مصرف‌کننده (Consumer Protection)	49	ماده 49- حقوق مصرف‌کننده در زمان استفاده از وسایل پرداخت الکترونیکی ‌به‌ موجب قوانین و مقرراتی است که توسط مراجع قانونی ذی‌ربط تصویب شده و یا‌خواهد شد.
tejarat_electronic	قانون تجارت الکترونیکی	باب سوم - در قواعد مختلف	مبحث اول - حمایت‌های انحصاری در بستر مبادلات الکترونیکی	فصل دوم - در قواعد تبلیغ - (Marketing)	50	ماده 50- تأمین کنندگان در تبلیغ کالا و خدمات خود نباید مرتکب فعل یا ترک‌ فعلی شوند که سبب مشتبه شدن و یا فریب مخاطب از حیث کمیت و کیفیت شود.
tejarat_electronic	قانون تجارت الکترونیکی	باب سوم - در قواعد مختلف	مبحث اول - حمایت‌های انحصاری در بستر مبادلات الکترونیکی	فصل دوم - در قواعد تبلیغ - (Marketing)	51	ماده 51- تأمین کنندگانی که برای فروش کالا و خدمات خود تبلیغ می‌کنند نباید‌سلامتی افراد را به خطر اندازند.
tejarat_electronic	قانون تجارت الکترونیکی	باب سوم - در قواعد مختلف	مبحث اول - حمایت‌های انحصاری در بستر مبادلات الکترونیکی	فصل دوم - در قواعد تبلیغ - (Marketing)	52	ماده 52- تأمین‌کننده باید به نحوی تبلیغ کند که مصرف‌کننده به طور دقیق،‌ صحیح و روشن اطلاعات مربوط به کالا و خدمات را درک کند.
tejarat_electronic	قانون تجارت الکترونیکی	باب سوم - در قواعد مختلف	مبحث اول - حمایت‌های انحصاری در بستر مبادلات الکترونیکی	فصل دوم - در قواعد تبلیغ - (Marketing)	53	ماده 53- در تبلیغات و بازاریابی باید هویت شخص یا بنگاهی که تبلیغات به‌نفع‌ اوست روشن و صریح باشد.
tejarat_electronic	قانون تجارت الکترونیکی	باب سوم - در قواعد مختلف	مبحث اول - حمایت‌های انحصاری در بستر مبادلات الکترونیکی	فصل دوم - در قواعد تبلیغ - (Marketing)	54	ماده 54- تأمین کنندگان نباید از خصوصیات ویژه معاملات به روش الکترونیکی ‌جهت مخفی نمودن حقایق مربوط به هویت یا محل کسب خود سوء استفاده کنند.
tejarat_electronic	قانون تجارت الکترونیکی	باب سوم - در قواعد مختلف	مبحث اول - حمایت‌های انحصاری در بستر مبادلات الکترونیکی	فصل دوم - در قواعد تبلیغ - (Marketing)	55	ماده 55- تأمین کنندگان باید تمهیداتی را برای مصرف کنندگان در نظر بگیرند تا ‌آنان راجع به دریافت تبلیغات به نشانی پستی و یا پست الکترونیکی خود تصمیم بگیرند.
tejarat_electronic	قانون تجارت الکترونیکی	باب سوم - در قواعد مختلف	مبحث اول - حمایت‌های انحصاری در بستر مبادلات الکترونیکی	فصل دوم - در قواعد تبلیغ - (Marketing)	56	ماده 56- تأمین کنندگان در تبلیغات باید مطابق با رویه حرفه‌ای عمل نمایند.‌ ضوابط آن به موجب آئین‌نامه‌ای است که در ماده (79) این قانون خواهد آمد.
tejarat_electronic	قانون تجارت الکترونیکی	باب سوم - در قواعد مختلف	مبحث اول - حمایت‌های انحصاری در بستر مبادلات الکترونیکی	فصل دوم - در قواعد تبلیغ - (Marketing)	57	ماده 57- تبلیغ و بازاریابی برای کودکان و نوجوانان زیر سن قانونی به موجب‌آئین‌نامه‌ای است که در ماده (79) این قانون خواهد آمد.
tejarat_electronic	قانون تجارت الکترونیکی	باب سوم - در قواعد مختلف	مبحث اول - حمایت‌های انحصاری در بستر مبادلات الکترونیکی	فصل سوم - حمایت از «‌داده پیام»‌های شخصی ‌حمایت از داده - (Data Protection) ‌	58	ماده 58- ذخیره، پردازش و یا توزیع «‌داده پیام»‌های شخصی مبین ریشه‌های‌ قومی یا نژادی، دیدگاه‌های عقیدتی، مذهبی، خصوصیات اخلاقی و«داده پیام»‌های‌ راجع به وضعیت جسمانی، روانی و یا جنسی اشخاص بدون رضایت صریح آنها به هر‌عنوان غیرقانونی است.
tejarat_electronic	قانون تجارت الکترونیکی	باب سوم - در قواعد مختلف	مبحث اول - حمایت‌های انحصاری در بستر مبادلات الکترونیکی	فصل سوم - حمایت از «‌داده پیام»‌های شخصی ‌حمایت از داده - (Data Protection) ‌	59	ماده 59- درصورت رضایت شخص موضوع «داده پیام» نیز به شرط آنکه محتوای ‌داده پیام وفق قوانین مصوب مجلس شورای اسلامی باشد ذخیره، پردازش و توزیع «‌داده پیام»‌های شخصی در بستر مبادلات الکترونیکی باید با لحاظ شرایط زیر صورت پذیرد: ‌الف - اهداف آن مشخص بوده و به طور واضح شرح داده شده باشند. ب - «‌داده پیام» باید تنها به اندازه ضرورت و متناسب با اهدافی که در هنگام‌ جمع‌آوری برای شخص موضوع «داده پیام» شرح داده شده جمع‌آوری گردد و تنها برای اهداف تعیین شده مورد استفاده قرار گیرد. ج - «‌داده پیام» باید صحیح و روزآمد باشد. ‌د - شخص موضوع «‌داده پیام» باید به پرونده‌های رایانه‌ای حاوی «‌داده پیام»‌های‌شخصی مربوط به خود دسترسی داشته و بتواند «‌داده پیام»‌های ناقص و یا نادرست را‌ محو یا اصلاح کند. ‌ه- - شخص موضوع «‌داده پیام» باید بتواند در هر زمان با رعایت ضوابط مربوطه‌ درخواست محو کامل پرونده رایانه‌ای «‌داده پیام»‌های شخصی مربوط به خود را بنماید.
tejarat_electronic	قانون تجارت الکترونیکی	باب سوم - در قواعد مختلف	مبحث اول - حمایت‌های انحصاری در بستر مبادلات الکترونیکی	فصل سوم - حمایت از «‌داده پیام»‌های شخصی ‌حمایت از داده - (Data Protection) ‌	60	ماده 60- ذخیره، پردازش و یا توزیع «‌داده پیام»‌های مربوط به سوابق پزشکی و‌بهداشتی تابع آئین‌نامه‌ای است که در ماده (79) این قانون خواهد آمد.
tejarat_electronic	قانون تجارت الکترونیکی	باب سوم - در قواعد مختلف	مبحث اول - حمایت‌های انحصاری در بستر مبادلات الکترونیکی	فصل سوم - حمایت از «‌داده پیام»‌های شخصی ‌حمایت از داده - (Data Protection) ‌	61	ماده 61- سایر موارد راجع به دسترسی موضوع «‌داده پیام»، از قبیل استثنائات،‌ افشای آن برای اشخاص ثالث، اعتراض، فراگردهای ایمنی، نهادهای مسؤول دیدبانی و‌ کنترل جریان «‌داده پیام»‌های شخصی به موجب مواد مندرج در باب چهارم این قانون و آئین‌نامه مربوطه خواهد بود.
tejarat_electronic	قانون تجارت الکترونیکی	باب سوم - در قواعد مختلف	مبحث دوم - حفاظت از«داده پیام» در بستر مبادلات الکترونیکی	فصل اول - حمایت از حقوق مؤلف (Author’s Right / Copyright) در بستر مبادلات ‌الکترونیکی	62	ماده 62- حق تکثیر، اجراء و توزیع (‌عرضه و نشر) آثار تحت حمایت قانون ‌حمایت حقوق مؤلفان، مصنفان و هنرمندان مصوب 1348/9/3 و قانون ترجمه و تکثیر ‌کتب و نشریات و آثار صوتی مصوب 1352/9/26 و قانون حمایت از حقوق ‌پدیدآورندگان نرم‌افزارهای رایانه‌ای مصوب 1379/10/4، به صورت «‌داده پیام» منحصراً‌ دراختیار مؤلف است. کلیه آثار و تألیفاتی که در قالب «‌داده‌پیام» می‌باشند، از جمله اطلاعات، نرم‌افزارها و برنامه‌های رایانه‌ای، ابزار و روش‌های رایانه‌ای و پایگاههای داده و‌همچنین حمایت از حقوق مالکیت‌های فکری در بستر مبادلات الکترونیکی شامل حق‌اختراع، حق طراحی، حق مؤلف، حقوق مرتبط با حق مؤلف، حمایت از پایگاههای داده،‌حمایت از نقشه مدارهای یکپارچه قطعات الکترونیکی (Integrated Circuits & Chips) و‌حمایت از اسرار تجاری، مشمول قوانین مذکور در این ماده و قانون ثبت علائم و‌اختراعات مصوب 1310/4/1 و آئین‌نامه اصلاحی اجرای قانون ثبت علائم تجارتی و‌اختراعات مصوب 1337/4/14 خواهد بود، منوط بر آن که امور مذکور در آن دو قانون موافق مصوبات مجلس شورای اسلامی باشد. تبصره 1 - حقوق مرتبط با مالکیت ادبی و هنری (Related Rights) که پیش از این ‌به‌عنوان حقوق جانبی مالکیت ادبی و هنری (Neighboring Rights) شناخته می‌شدند ‌شامل حقوق مادی و معنوی برای عناصر دیگری علاوه بر مؤلف، از جمله حقوق ‌هنرمندان مجری آثار، تولیدکنندگان صفحات صوتی و تصویری و سازمان‌ها و مؤسسات ‌ضبط و پخش می‌باشند که مشمول قوانین مصوب 1348/9/3 و 1352/9/26 مورد‌ اشاره در این ماده می‌باشند. تبصره 2 - مدار یکپارچه (Integrated Circuit) یک جزء الکترونیکی با نقشه و منطقی خاص است که عملکرد و کارائی آن قابلیت جایگزینی با تعداد بسیار زیادی از‌اجزاء الکترونیکی متعارف را داراست. طراحی‌های نقشه، جانمائی و منطق این مدارها ‌براساس قانون ثبت علائم و اختراعات مصوب 1310/4/1 و آئین‌نامه اصلاحی اجرای ‌قانون ثبت علائم تجارتی و اختراعات مصوب 1337/4/14 مورد حمایت می‌باشد.
tejarat_electronic	قانون تجارت الکترونیکی	باب سوم - در قواعد مختلف	مبحث دوم - حفاظت از«داده پیام» در بستر مبادلات الکترونیکی	فصل اول - حمایت از حقوق مؤلف (Author’s Right / Copyright) در بستر مبادلات ‌الکترونیکی	63	ماده 63- اعمال موقت تکثیر، اجراء و توزیع اثر که جزء لاینفک فراگرد فنی ‌پردازش «‌داده پیام» در شبکه‌ها است از شمول مقرره فوق خارج است.
tejarat_electronic	قانون تجارت الکترونیکی	باب سوم - در قواعد مختلف	مبحث دوم - حفاظت از«داده پیام» در بستر مبادلات الکترونیکی	فصل دوم - حمایت از اسرار تجاری (Trade Secrets)	64	ماده 64- به منظور حمایت از رقابت‌های مشروع و عادلانه در بستر مبادلات الکترونیکی، تحصیل غیرقانونی اسرار تجاری و اقتصادی بنگاه‌ها و مؤسسات برای خود و یا افشای آن برای اشخاص ثالث در محیط الکترونیکی جرم محسوب و مرتکب به ‌مجازات مقرر در این قانون خواهد رسید.
tejarat_electronic	قانون تجارت الکترونیکی	باب سوم - در قواعد مختلف	مبحث دوم - حفاظت از«داده پیام» در بستر مبادلات الکترونیکی	فصل دوم - حمایت از اسرار تجاری (Trade Secrets)	65	ماده 65- اسرار تجاری الکترونیکی «‌داده پیام»ی است که شامل اطلاعات،‌ فرمولها، الگوها، نرم‌افزارها و برنامه‌ها، ابزار و روش‌ها، تکنیک‌ها و فرایندها، تألیفات منتشر‌نشده، روش‌های انجام تجارت و داد و ستد، فنون، نقشه‌ها و فراگردها، اطلاعات مالی،‌ فهرست مشتریان، طرحهای تجاری و امثال اینها است، که به طور مستقل دارای ارزش ‌اقتصادی بوده و در دسترس عموم قرار ندارد و تلاش‌های معقولانه‌ای برای حفظ و حراست از آنها انجام شده است.
tejarat_electronic	قانون تجارت الکترونیکی	باب سوم - در قواعد مختلف	مبحث دوم - حفاظت از«داده پیام» در بستر مبادلات الکترونیکی	فصل سوم - حمایت از علائم تجاری (Trade Names) ‌	66	ماده 66- به منظور حمایت از حقوق مصرف‌کنندگان و تشویق رقابت‌های مشروع ‌در بستر مبادلات الکترونیکی استفاده از علائم تجاری به صورت نام دامنه (Domain Name) و یا هرنوع نمایش بر خط (Online) علائم تجاری که موجب فریب یا مشتبه‌ شدن طرف به اصالت کالا و خدمات شود ممنوع و متخلف به مجازات مقرر در این قانون خواهد رسید.
tejarat_electronic	قانون تجارت الکترونیکی	باب چهارم - جرایم و مجازات‌ها	مبحث اول - کلاهبرداری کامپیوتری		67	ماده 67- هرکس در بستر مبادلات الکترونیکی، با سوء‌استفاده و یا استفاده غیرمجاز از «داده پیام»‌ها، برنامه‌ها و سیستم‌های رایانه‌ای و وسایل ارتباط از راه دور و‌ارتکاب افعالی نظیر ورود، محو، توقف «‌داده پیام»، مداخله در عملکرد برنامه یا سیستم ‌رایانه‌ای و غیره دیگران را بفریبد و یا سبب گمراهی سیستم‌های پردازش خودکار و نظایر آن شود و از این طریق برای خود یا دیگری وجوه، اموال یا امتیازات مالی تحصیل کند و‌ اموال دیگران را ببرد مجرم محسوب و علاوه بر رد مال به صاحبان اموال به حبس از یک تا‌سه سال و پرداخت جزای نقدی معادل مال مأخوذه محکوم می‌شود. تبصره - شروع به این جرم نیز جرم محسوب و مجازات آن حداقل مجازات مقرر در‌این ماده می‌باشد.
tejarat_electronic	قانون تجارت الکترونیکی	باب چهارم - جرایم و مجازات‌ها	مبحث دوم - جعل کامپیوتری		68	ماده 68- هرکس در بستر مبادلات الکترونیکی، از طریق ورود، تغییر، محو و توقف «‌داده پیام» و مداخله در پردازش «‌داده پیام» و سیستم‌های رایانه‌ای، و یا استفاده از وسایل‌کاربردی سیستم‌های رمزنگاری تولید امضاء - مثل کلید اختصاصی - بدون مجوز امضاء‌کننده و یا تولید امضای فاقد سابقه ثبت در فهرست دفاتر اسناد الکترونیکی و یا عدم‌ انطباق آن وسایل با نام دارنده در فهرست مزبور و اخذ گواهی مجعول و نظایر آن اقدام به جعل«داده پیام»‌های دارای ارزش مالی و اثباتی نماید تا با ارائه آن به مراجع اداری،‌ قضایی، مالی و غیره به عنوان «‌داده پیام»‌های معتبر استفاده نماید جاعل محسوب و به مجازات حبس از یک تا سه سال و پرداخت جزای نقدی به میزان پنجاه میلیون (000 000 50) ریال محکوم می‌شود. جزای نقدی مندرج در این ماده به موجب مصوبه مورخ 1403/4/4 هیات وزیران به 825,000,000 ریال تعدیل شد. تبصره - مجازات شروع به این جرم حداقل مجازات در این ماده می‌باشد.
tejarat_electronic	قانون تجارت الکترونیکی	باب چهارم - جرایم و مجازات‌ها	مبحث سوم - نقض حقوق انحصاری در بستر مبادلات الکترونیک	فصل اول - نقض حقوق مصرف‌کننده و قواعد تبلیغ	69	ماده 69- تأمین‌کننده متخلف از مواد (33)، (34)، (35)، (36) و (37) این قانون‌ به مجازات از ده میلیون (000 000 10) ریال تا پنجاه میلیون (000 000 50) ریال ‌محکوم خواهد شد. ‌ جزای نقدی مندرج در این ماده به موجب مصوبه مورخ 1403/4/4 هیات وزیران به 165,000,000 تا 660,000,000 ریال تعدیل شد. تبصره - تأمین‌کننده متخلف از ماده (37) به حداکثر مجازات محکوم خواهد شد.
tejarat_electronic	قانون تجارت الکترونیکی	باب چهارم - جرایم و مجازات‌ها	مبحث سوم - نقض حقوق انحصاری در بستر مبادلات الکترونیک	فصل اول - نقض حقوق مصرف‌کننده و قواعد تبلیغ	70	ماده 70- تأمین‌کننده متخلف از مواد (39)، (50)، (51)، (52)، (53)، (54) و (55) این قانون به مجازات از بیست میلیون (000 000 20) ریال تا یکصد میلیون (000 000 100) ریال محکوم خواهد شد. جزای نقدی مندرج در این ماده به موجب مصوبه مورخ 1403/4/4 هیات وزیران به 330,000,000 تا 825,000,000 ریال تعدیل شد. تبصره 1 - تأمین‌کننده متخلف از ماده (51) این قانون به حداکثر مجازات در این ‌ماده محکوم خواهد شد. تبصره 2 - تأمین‌کننده متخلف از ماده (55) این قانون به حداقل مجازات در این ‌ماده محکوم خواهد شد.
tejarat_electronic	قانون تجارت الکترونیکی	باب چهارم - جرایم و مجازات‌ها	مبحث سوم - نقض حقوق انحصاری در بستر مبادلات الکترونیک	فصل دوم - نقض حمایت از «‌داده پیام»‌های شخصی/.‌حمایت از داده	71	ماده 71- هرکس در بستر مبادلات الکترونیکی شرایط مقرر در مواد (58) و (59)‌ این قانون را نقض نماید مجرم محسوب و به یک تا سه سال حبس محکوم می‌شود.
tejarat_electronic	قانون تجارت الکترونیکی	باب چهارم - جرایم و مجازات‌ها	مبحث سوم - نقض حقوق انحصاری در بستر مبادلات الکترونیک	فصل دوم - نقض حمایت از «‌داده پیام»‌های شخصی/.‌حمایت از داده	72	ماده 72- هرگاه جرایم راجع به «‌داده پیام»‌های شخصی توسط دفاتر خدمات ‌صدور گواهی الکترونیکی و سایر نهادهای مسؤول ارتکاب یابد، مرتکب به حداکثر‌مجازات مقرر در ماده (71) این قانون محکوم خواهد شد.
tejarat_electronic	قانون تجارت الکترونیکی	باب چهارم - جرایم و مجازات‌ها	مبحث سوم - نقض حقوق انحصاری در بستر مبادلات الکترونیک	فصل دوم - نقض حمایت از «‌داده پیام»‌های شخصی/.‌حمایت از داده	73	ماده 73- اگر به واسطه بی‌مبالاتی و بی‌احتیاطی دفاتر خدمات صدور گواهی ‌الکترونیکی جرایم راجع به «داده پیام»‌های شخصی روی دهد، مرتکب به سه ماه تا یک‌سال حبس و پرداخت جزای نقدی معادل پنجاه میلیون (000 000 50) ریال محکوم ‌می‌شود. جزای نقدی مندرج در این ماده به موجب مصوبه مورخ 1403/4/4 هیات وزیران به 500,000,000 ریال تعدیل شد.
tejarat_electronic	قانون تجارت الکترونیکی	باب چهارم - جرایم و مجازات‌ها	مبحث چهارم - نقض حفاظت از «‌داده پیام» در بستر مبادلات الکترونیکی	فصل اول - نقض حق مؤلف	74	ماده 74- هرکس در بستر مبادلات الکترونیکی با تکثیر، اجرا و توزیع (‌عرضه و‌ نشر) مواردی که در قانون حمایت حقوق مؤلفان، مصنفان و هنرمندان مصوب 1348/9/3 و قانون ترجمه و تکثیر کتب و نشریات و آثار صوتی مصوب 1352/9/26 و ‌قانون حمایت از حقوق پدیدآورندگان نرم‌افزارهای رایانه‌ای مصوب 1379/10/4، منوط ‌بر آنکه امور مذکور طبق مصوبات مجلس شورای اسلامی مجاز شمرده شود، در صورتی‌ که حق تصریح شده مؤلفان را نقض نماید به مجازات سه ماه تا یک سال حبس و جزای نقدی به میزان پنجاه میلیون (000 000 50) ریال محکوم خواهد شد. جزای نقدی مندرج در این ماده به موجب مصوبه مورخ 1403/4/4 هیات وزیران به 500,000,000 ریال تعدیل شد.
tejarat_electronic	قانون تجارت الکترونیکی	باب چهارم - جرایم و مجازات‌ها	مبحث چهارم - نقض حفاظت از «‌داده پیام» در بستر مبادلات الکترونیکی	فصل دوم - نقض اسرار تجاری	75	ماده 75- متخلفین از ماده (64) این قانون و هرکس در بستر مبادلات الکترونیکی‌به منظور رقابت، منفعت و یا ورود خسارت به بنگاه‌های تجاری، صنعتی، اقتصادی و‌خدماتی، با نقض حقوق قراردادهای استخدام مبنی بر عدم افشای اسرار شغلی و یا ‌دستیابی غیرمجاز، اسرار تجاری آنان را برای خود تحصیل نموده و یا برای اشخاص ثالث‌افشا نماید به حبس از شش ماه تا دو سال و نیم، و جزای نقدی معادل پنجاه میلیون (000 000 50) ریال محکوم خواهد شد. جزای نقدی مندرج در این ماده به موجب مصوبه مورخ 1403/4/4 هیات وزیران به 825,000,000 ریال تعدیل شد.
tejarat_electronic	قانون تجارت الکترونیکی	باب چهارم - جرایم و مجازات‌ها	مبحث چهارم - نقض حفاظت از «‌داده پیام» در بستر مبادلات الکترونیکی	فصل سوم - نقض علایم تجاری	76	ماده 76- متخلفان از ماده (66) این قانون به یک تا سه سال حبس و جزای نقدی از‌بیست میلیون (000 000 20) ریال تا یکصد میلیون (000 000 100) ریال محکوم ‌خواهند شد. جزای نقدی مندرج در این ماده به موجب مصوبه مورخ 1403/4/4 هیات وزیران به 330,000,000 تا 825,000,000 ریال تعدیل شد.
tejarat_electronic	قانون تجارت الکترونیکی	باب چهارم - جرایم و مجازات‌ها	مبحث چهارم - نقض حفاظت از «‌داده پیام» در بستر مبادلات الکترونیکی	فصل چهارم - سایر	77	ماده 77- سایر جرایم، آیین دادرسی و مقررات مربوط به صلاحیت جزایی و‌روش‌های همکاری بین‌المللی قضایی جزایی مرتبط با بستر مبادلات الکترونیکی به موجب قانون خواهد بود.
tejarat_electronic	قانون تجارت الکترونیکی	باب پنجم - جبران خسارت			78	ماده 78- هرگاه در بستر مبادلات الکترونیکی در اثر نقص یا ضعف سیستم ‌مؤسسات خصوصی و دولتی، به‌جز در نتیجه قطع فیزیکی ارتباط الکترونیکی، خسارتی به‌اشخاص وارد شود، مؤسسات مزبور مسؤول جبران خسارات وارده می‌باشند مگر اینکه‌ خسارات وارده ناشی از فعل شخصی افراد باشد که در این صورت جبران خسارات برعهده این اشخاص خواهد بود.
tejarat_electronic	قانون تجارت الکترونیکی	باب ششم - متفرقه			79	ماده 79- وزارت بازرگانی موظف است زمینه‌های مرتبط با تجارت الکترونیکی را ‌که در اجرای این قانون مؤثر می‌باشند شناسائی کرده و با ارائه پیشنهاد و تأیید شورای‌عالی فناوری اطلاعات، خواستار تدوین مقررات مربوطه و آئین‌نامه‌های این قانون توسط ‌نهادهای ذی‌ربط شود. این آئین‌نامه‌ها و مقررات پس از تصویب هیأت وزیران به مرحله‌اجرا در خواهند آمد. سایر آئین‌نامه‌های مورد اشاره در این قانون به ترتیب ذیل تهیه‌ خواهند شد: ‌الف - آئین‌نامه مربوط به مواد (38) و (42) این قانون به پیشنهاد وزارتخانه‌های ‌بازرگانی، امور اقتصادی و دارائی، سازمان مدیریت و برنامه‌ریزی کشور و بانک مرکزی جمهوری اسلامی ایران تهیه و به تصویب هیأت وزیران خواهد رسید. ب - آئین‌نامه مربوط به مواد (56) و (57) این قانون به پیشنهاد وزارتخانه‌های‌ بازرگانی و فرهنگ و ارشاد اسلامی و سازمان مدیریت و برنامه‌ریزی کشور تهیه و‌ به‌ تصویب هیأت وزیران خواهد رسید. ج - آئین‌نامه مربوط به ماده (60) این قانون به پیشنهاد وزارت بهداشت، درمان و‌آموزش پزشکی و سازمان مدیریت و برنامه‌ریزی کشور تهیه و به تصویب هیأت وزیران ‌خواهد رسید. ‌
tejarat_electronic	قانون تجارت الکترونیکی	باب ششم - متفرقه			80	ماده 80- وزارت بازرگانی موظف است به منظور حمایت از فعالیت‌های تجارت‌الکترونیکی، با تجمیع واحدهای ذی‌ربط، مرکزی را در این وزارتخانه ایجاد نماید.‌ اساسنامه و آیین‌نامه این مرکز به پیشنهاد مشترک وزارت بازرگانی و سازمان مدیریت و‌ برنامه‌ریزی کشور تهیه و به تصویب هیأت وزیران خواهد رسید.
tejarat_electronic	قانون تجارت الکترونیکی	باب ششم - متفرقه			81	ماده 81- اصل سازان، مخاطبین، بایگانان، مصرف کنندگان و کلیه کسانی که «‌داده پیام» دراختیار دارند موظفند «داده‌پیام»‌هائی را که تحت مسؤولیت خود دارند به ‌طریقی نگهداری نموده و پشتوانه (Back up) تهیه نمایند که در صورت بروز هر گونه‌ خطری برای یک نسخه، نسخه دیگر مصون بماند. قانون فوق مشتمل بر هشتاد و یک ماده و هفت تبصره در جلسه علنی روز‌چهارشنبه مورخ هفدهم دی‌ماه یکهزار و سیصد و هشتاد و دو مجلس شورای اسلامی تصویب و در تاریخ 1382/10/24 به تأیید شورای نگهبان رسیده است.
